# Blender v2.92.0 OBJ File: 'Cabinet.blend'
# www.blender.org
mtllib Cabinet.mtl
o Cube_Cube.001
v 0.704767 0.240419 0.223401
v 0.704767 2.426135 0.215986
v 0.704767 0.857104 0.215986
v 0.717013 0.824139 0.286634
v 0.704767 0.764017 0.223401
v 0.688445 0.246127 0.215986
v 0.688445 0.758309 0.215986
v 0.650874 0.760125 0.273401
v 0.658659 0.767910 0.273401
v 0.654767 0.764017 0.267814
v 0.650874 0.531506 0.273401
v 0.658659 0.523721 0.273401
v 0.654767 0.527614 0.267814
v 0.044382 0.760125 0.273401
v 0.036598 0.767910 0.273401
v 0.040490 0.764017 0.267814
v 0.036598 0.523721 0.273401
v 0.044382 0.531506 0.273401
v 0.040490 0.527614 0.267814
v 0.717724 0.190037 0.283454
v 0.717724 2.489222 0.283454
v 0.717724 2.504232 0.283454
v 0.728088 2.516676 0.291640
v 0.723907 2.514817 0.288338
v 0.720589 2.511923 0.285717
v 0.718458 2.508275 0.284034
v 0.751348 2.553355 0.310316
v 0.751348 2.613695 0.310316
v 0.733728 2.521779 0.296095
v 0.728655 2.516740 0.292088
v 0.733342 2.520028 0.295790
v 0.732242 2.518455 0.294921
v 0.730596 2.517301 0.293621
v 0.746027 2.553355 0.306021
v 0.733728 2.542511 0.296095
v 0.741320 2.552530 0.302223
v 0.737330 2.550179 0.299003
v 0.734665 2.546661 0.296851
v 0.704767 2.489222 0.273401
v 0.657767 2.442222 0.273401
v 0.594409 2.378863 0.273401
v 0.654767 2.439221 0.267708
v 0.594409 0.904375 0.273401
v 0.657767 0.841017 0.273401
v 0.654767 0.844017 0.267708
v 0.651766 2.436221 0.273401
v 0.651766 0.847018 0.273401
v 0.057358 2.378863 0.243093
v 0.048755 1.701120 0.273401
v 0.048755 1.582119 0.273401
v 0.057358 0.904375 0.243093
v 0.594409 2.378863 0.243093
v 0.594409 0.904375 0.243093
v 0.012342 1.701120 0.273401
v 0.012342 1.582119 0.273401
v 0.654767 0.884636 -0.223401
v 0.654767 0.884636 0.237327
v 0.654767 2.455224 0.237327
v 0.654767 2.455224 -0.223401
v 0.598695 0.884636 0.237327
v 0.598695 2.394176 0.237327
v 0.598695 0.884636 0.265114
v 0.598695 2.394176 0.265114
v 0.057358 2.378863 0.273401
v 0.057358 0.904375 0.273401
v 0.003739 0.847018 0.273401
v 0.003739 2.436221 0.273401
v 0.041677 1.692278 0.267614
v 0.041677 1.590961 0.267614
v 0.019420 1.590961 0.267614
v 0.019420 1.692278 0.267614
v 0.040850 1.693216 0.278100
v 0.040069 1.692278 0.277169
v 0.040503 1.692857 0.278029
v 0.040233 1.692553 0.277827
v 0.040081 1.692349 0.277525
v 0.040069 1.590961 0.277169
v 0.040850 1.590023 0.278100
v 0.040081 1.590889 0.277525
v 0.040233 1.590686 0.277827
v 0.040503 1.590382 0.278029
v 0.021028 1.590961 0.277169
v 0.020247 1.590023 0.278100
v 0.021016 1.590889 0.277525
v 0.020864 1.590686 0.277827
v 0.020594 1.590382 0.278029
v 0.021028 1.692278 0.277169
v 0.020247 1.693216 0.278100
v 0.021016 1.692349 0.277525
v 0.020864 1.692553 0.277827
v 0.020594 1.692857 0.278029
v 0.048755 1.701120 0.277162
v 0.047817 1.700183 0.278100
v 0.048684 1.701049 0.277521
v 0.048480 1.700846 0.277826
v 0.048176 1.700541 0.278029
v 0.047817 1.583056 0.278100
v 0.048755 1.582119 0.277162
v 0.048176 1.582697 0.278029
v 0.048480 1.582393 0.277826
v 0.048684 1.582190 0.277521
v 0.013280 1.583056 0.278100
v 0.012342 1.582119 0.277162
v 0.012921 1.582697 0.278029
v 0.012617 1.582393 0.277826
v 0.012413 1.582190 0.277521
v 0.013280 1.700183 0.278100
v 0.012342 1.701120 0.277162
v 0.012921 1.700541 0.278029
v 0.012617 1.700846 0.277826
v 0.012413 1.701049 0.277521
v 0.717724 0.175026 0.283454
v 0.728088 0.162583 0.291640
v 0.723907 0.164441 0.288338
v 0.720589 0.167336 0.285717
v 0.718458 0.170983 0.284034
v 0.751348 0.125903 0.310316
v 0.751348 0.065563 0.310316
v 0.733728 0.157479 0.296095
v 0.728655 0.162518 0.292088
v 0.733342 0.159231 0.295790
v 0.732242 0.160804 0.294921
v 0.730596 0.161958 0.293621
v 0.746027 0.125903 0.306021
v 0.733728 0.136748 0.296095
v 0.741320 0.126729 0.302223
v 0.737330 0.129079 0.299003
v 0.734665 0.132598 0.296851
v 0.704767 0.824139 0.273401
v 0.704767 0.783183 0.273401
v 0.717013 0.783183 0.286634
v 0.704767 0.504932 0.273401
v 0.704767 0.190419 0.273401
v 0.660302 0.487936 0.273401
v 0.649814 0.480868 0.273401
v 0.654937 0.484989 0.268483
v 0.649814 0.245371 0.273401
v 0.660240 0.234945 0.273401
v 0.655027 0.240158 0.268483
v 0.704767 2.489222 0.130878
v 0.704767 2.439221 0.130878
v 0.714928 0.902580 0.105737
v 0.704767 0.240419 0.112176
v 0.704767 0.764017 0.119954
v 0.714928 2.374113 0.105749
v 0.717013 0.783183 0.143322
v 1.140936 0.701124 0.114696
v 0.717724 2.489222 0.141233
v 0.728088 2.516676 0.147047
v 0.723907 2.514817 0.144589
v 0.720589 2.511923 0.142639
v 0.718458 2.508275 0.141387
v 0.717724 2.504232 0.141233
v 0.751348 2.553355 0.160943
v 0.751348 2.613695 0.160943
v 0.733728 2.521779 0.150362
v 0.733342 2.520028 0.150135
v 0.732242 2.518455 0.149488
v 0.730596 2.517301 0.148521
v 0.728655 2.516740 0.147380
v 0.746027 2.553355 0.157748
v 0.741320 2.552530 0.154921
v 0.737330 2.550179 0.152525
v 0.734665 2.546661 0.150924
v 0.733728 2.542511 0.150362
v 0.717013 0.824139 0.143322
v 0.704767 0.824139 0.133475
v 0.704767 0.783183 0.119954
v 0.717724 0.190037 0.122229
v 0.733728 0.136748 0.134870
v 0.741320 0.126729 0.140998
v 0.730596 0.161958 0.132396
v 0.733728 0.157479 0.134870
v 0.720589 0.167336 0.124491
v 0.751348 0.125903 0.149091
v 0.728655 0.162518 0.130862
v 0.737330 0.129079 0.137777
v 0.704767 0.190419 0.112176
v 0.718458 0.170983 0.122808
v 0.728088 0.162583 0.130415
v 0.733342 0.159231 0.134565
v 0.734665 0.132598 0.135626
v 0.746027 0.125903 0.144796
v 0.732242 0.160804 0.133696
v 0.717724 0.175026 0.122229
v 0.723907 0.164441 0.127112
v 0.751348 0.065563 0.149091
v 1.214439 0.190414 -0.273401
v 1.214439 0.190414 0.112176
v 1.214439 0.783178 -0.273401
v 1.226686 0.783178 -0.273401
v 1.214439 2.439217 -0.204181
v 1.214439 0.844013 -0.204181
v 1.214439 2.489217 -0.273401
v 1.214439 0.240414 -0.204181
v 1.214439 0.240414 0.112176
v 1.226686 0.824134 -0.273401
v 1.214439 0.824134 -0.273401
v 1.198117 2.426130 -0.196767
v 1.198117 0.857100 -0.196767
v 1.198117 0.246122 -0.196767
v 1.101992 0.662180 0.114696
v 1.214439 0.764013 -0.204181
v 1.198117 0.758304 -0.196767
v 1.226686 0.783178 0.143878
v 1.237761 0.162578 -0.273401
v 1.233579 0.164436 -0.273401
v 1.227396 0.190032 -0.273401
v 1.227396 2.489217 -0.273401
v 1.237761 2.516671 -0.273401
v 1.233579 2.514813 -0.273401
v 1.230261 2.511918 -0.273401
v 1.228130 2.508271 -0.273401
v 1.227396 2.504227 -0.273401
v 1.237761 2.516671 0.147603
v 1.233579 2.514813 0.145146
v 1.230261 2.511918 0.143195
v 1.228130 2.508271 0.141943
v 1.227396 2.504227 0.141233
v 1.261020 2.553350 -0.273401
v 1.261020 2.613690 -0.273401
v 1.243401 2.521774 -0.273401
v 1.243015 2.520023 -0.273401
v 1.241915 2.518450 -0.273401
v 1.240269 2.517296 -0.273401
v 1.238327 2.516736 -0.273401
v 1.243015 2.520023 0.150691
v 1.241915 2.518450 0.150045
v 1.240269 2.517296 0.149077
v 1.238327 2.516736 0.147936
v 1.255699 2.553350 -0.273401
v 1.250993 2.552525 -0.273401
v 1.247003 2.550174 -0.273401
v 1.244337 2.546656 -0.273401
v 1.243401 2.542506 -0.273401
v 1.250993 2.552525 0.155478
v 1.247003 2.550174 0.153082
v 1.244337 2.546656 0.151480
v 1.243401 2.542506 0.150918
v 1.230261 0.167331 -0.273401
v 1.228130 0.170979 -0.273401
v 1.227396 0.175022 -0.273401
v 1.237761 0.162578 0.130415
v 1.233579 0.164436 0.127112
v 1.230261 0.167331 0.124491
v 1.228130 0.170978 0.122808
v 1.227396 0.175022 0.122229
v 1.261020 0.125899 -0.273401
v 1.261020 0.065558 -0.273401
v 1.243401 0.157475 -0.273401
v 1.243015 0.159226 -0.273401
v 1.241915 0.160799 -0.273401
v 1.240269 0.161953 -0.273401
v 1.238327 0.162513 -0.273401
v 1.243015 0.159226 0.134565
v 1.241915 0.160799 0.133696
v 1.240269 0.161953 0.132396
v 1.238327 0.162513 0.130862
v 1.255699 0.125899 -0.273401
v 1.250993 0.126724 -0.273401
v 1.247003 0.129075 -0.273401
v 1.244337 0.132593 -0.273401
v 1.243401 0.136743 -0.273401
v 1.250993 0.126724 0.140998
v 1.247003 0.129075 0.137777
v 1.244337 0.132593 0.135626
v 1.243401 0.136743 0.134870
v 1.214439 0.783178 0.119954
v 1.214439 2.489217 0.130878
v 1.214439 2.439217 0.130878
v 1.193332 0.902580 0.109595
v 1.214439 0.764013 0.119954
v 1.177115 2.374109 0.105710
v 0.784570 0.662183 0.114696
v 1.227396 2.489217 0.141233
v 1.261020 2.553350 0.161500
v 1.261020 2.613690 0.161500
v 1.243401 2.521774 0.150918
v 1.255699 2.553350 0.158304
v 1.226686 0.824134 0.143878
v 1.214439 0.824134 0.134031
v 1.227396 0.190032 0.122229
v 1.243401 0.157475 0.134870
v 1.261020 0.125899 0.149091
v 1.255699 0.125899 0.144796
v 1.261020 0.065559 0.149091
v 1.214439 0.240414 0.041401
v 1.198117 0.246122 0.031451
v 1.238327 0.162513 0.130862
v 1.214439 2.439217 0.041401
v 1.214439 0.844013 0.042894
v 1.214439 0.764013 0.041401
v 1.198117 2.426130 0.031451
v 1.198117 0.857100 0.031451
v 1.198117 0.758304 0.031451
v 1.214439 0.764013 0.105723
v 1.214439 2.439217 0.105723
v 1.214439 0.240414 0.105723
v 1.214439 0.850559 0.109621
v 0.704767 0.850559 0.105723
v 1.198117 2.426130 0.105723
v 0.704767 2.426135 0.105723
v 1.194614 0.902157 -0.216834
v 0.716210 0.902157 -0.220692
v 1.178397 2.373686 -0.220719
v 0.716210 2.373691 -0.220680
v 1.165481 1.701120 0.113790
v 1.165481 1.582119 0.113790
v 1.129068 1.701120 0.113790
v 1.129068 1.582119 0.113790
v 1.158403 1.692278 0.108003
v 1.158403 1.590961 0.108003
v 1.136147 1.590961 0.108003
v 1.136147 1.692278 0.108003
v 1.157576 1.693216 0.118489
v 1.156795 1.692278 0.117558
v 1.157229 1.692857 0.118418
v 1.156959 1.692553 0.118216
v 1.156807 1.692349 0.117914
v 1.156795 1.590961 0.117558
v 1.157576 1.590023 0.118489
v 1.156807 1.590889 0.117914
v 1.156959 1.590686 0.118216
v 1.157229 1.590382 0.118418
v 1.137754 1.590961 0.117558
v 1.136973 1.590023 0.118489
v 1.137742 1.590889 0.117914
v 1.137590 1.590686 0.118216
v 1.137320 1.590382 0.118418
v 1.137754 1.692278 0.117558
v 1.136973 1.693216 0.118489
v 1.137742 1.692349 0.117914
v 1.137590 1.692553 0.118216
v 1.137320 1.692857 0.118418
v 1.165481 1.701120 0.117551
v 1.164543 1.700183 0.118489
v 1.165410 1.701049 0.117910
v 1.165206 1.700846 0.118214
v 1.164902 1.700541 0.118418
v 1.164543 1.583056 0.118489
v 1.165481 1.582119 0.117551
v 1.164902 1.582697 0.118418
v 1.165206 1.582393 0.118214
v 1.165410 1.582190 0.117910
v 1.130006 1.583056 0.118489
v 1.129068 1.582119 0.117551
v 1.129647 1.582697 0.118418
v 1.129343 1.582393 0.118214
v 1.129140 1.582190 0.117910
v 1.130006 1.700183 0.118489
v 1.129068 1.701120 0.117551
v 1.129647 1.700541 0.118418
v 1.129343 1.700846 0.118214
v 1.129140 1.701049 0.117910
v 0.688445 0.758309 0.105723
v 1.198117 0.758304 0.105723
v 0.688445 0.246127 0.105723
v 0.745625 0.701128 0.114696
v 1.198117 0.246122 0.105723
v 0.745625 0.303307 0.105723
v 0.784570 0.342251 0.105723
v 0.745625 0.701128 0.105723
v 0.784570 0.662183 0.105723
v 1.101992 0.342248 0.105723
v 1.140936 0.303303 0.105723
v 1.101992 0.662180 0.105723
v 1.140936 0.701124 0.105723
v 0.745625 0.303307 0.114696
v 0.784570 0.342251 0.114696
v 1.101992 0.342248 0.114696
v 1.140936 0.303303 0.114696
v -0.704767 0.240419 0.223401
v -0.704767 2.426135 0.215986
v -0.704767 0.857104 0.215986
v 0.000000 0.065563 -0.273401
v 0.000000 2.613695 -0.273401
v 0.000000 0.190419 0.273401
v 0.000000 2.489222 0.273401
v -0.717013 0.824139 0.286634
v -0.704767 0.764017 0.223401
v 0.000000 0.190037 0.283454
v -0.688445 0.246127 0.215986
v -0.688445 0.758309 0.215986
v 0.000000 0.504932 0.273401
v -0.650874 0.760125 0.273401
v -0.658659 0.767910 0.273401
v -0.654767 0.764017 0.267814
v -0.650874 0.531506 0.273401
v -0.658659 0.523721 0.273401
v -0.654767 0.527614 0.267814
v -0.044382 0.760125 0.273401
v -0.036598 0.767910 0.273401
v -0.040490 0.764017 0.267814
v -0.036598 0.523721 0.273401
v -0.044382 0.531506 0.273401
v -0.040490 0.527614 0.267814
v -0.717724 0.190037 0.283454
v -0.717724 2.489222 0.283454
v 0.000000 2.489222 0.283454
v -0.717724 2.504232 0.283454
v -0.728088 2.516676 0.291640
v -0.723907 2.514817 0.288338
v -0.720589 2.511923 0.285717
v -0.718458 2.508275 0.284034
v 0.000000 2.504232 0.283454
v 0.000000 2.508275 0.284036
v 0.000000 2.511923 0.285726
v 0.000000 2.514817 0.288357
v 0.000000 2.516676 0.291673
v -0.751348 2.553355 0.310316
v 0.000000 2.553355 0.310316
v -0.751348 2.613695 0.310316
v 0.000000 2.613695 0.310316
v -0.733728 2.521779 0.296095
v -0.728655 2.516740 0.292088
v -0.733342 2.520028 0.295790
v -0.732242 2.518455 0.294921
v -0.730596 2.517301 0.293621
v 0.000000 2.516734 0.292072
v 0.000000 2.521779 0.296095
v 0.000000 2.517296 0.293612
v 0.000000 2.518453 0.294917
v 0.000000 2.520027 0.295789
v -0.746027 2.553355 0.306021
v -0.733728 2.542511 0.296095
v -0.741320 2.552530 0.302223
v -0.737330 2.550179 0.299003
v -0.734665 2.546661 0.296851
v 0.000000 2.542511 0.296095
v 0.000000 2.553355 0.306057
v 0.000000 2.546661 0.296854
v 0.000000 2.550179 0.299013
v 0.000000 2.552530 0.302245
v -0.704767 2.489222 0.273401
v 0.000000 0.824139 0.286634
v -0.657767 2.442222 0.273401
v -0.594409 2.378863 0.273401
v -0.654767 2.439221 0.267708
v -0.594409 0.904375 0.273401
v -0.657767 0.841017 0.273401
v -0.654767 0.844017 0.267708
v 0.000000 2.439221 0.267708
v 0.000000 2.442222 0.273401
v 0.000000 0.841017 0.273401
v 0.000000 0.844017 0.267708
v -0.651766 2.436221 0.273401
v -0.651766 0.847018 0.273401
v -0.057358 2.378863 0.243093
v -0.048755 1.701120 0.273401
v -0.048755 1.582119 0.273401
v -0.057358 0.904375 0.243093
v -0.594409 2.378863 0.243093
v -0.594409 0.904375 0.243093
v -0.012342 1.701120 0.273401
v -0.012342 1.582119 0.273401
v -0.654767 0.884636 -0.223401
v -0.654767 0.884636 0.237327
v 0.000000 2.455224 -0.223401
v 0.000000 0.884636 -0.223401
v 0.000000 2.455224 0.237327
v -0.654767 2.455224 0.237327
v -0.654767 2.455224 -0.223401
v 0.000000 0.884636 0.237327
v -0.598695 0.884636 0.237327
v -0.598695 2.394176 0.237327
v 0.000000 2.455224 0.237327
v 0.000000 2.394176 0.237327
v 0.000000 0.884636 0.265114
v -0.598695 0.884636 0.265114
v -0.598695 2.394176 0.265114
v 0.000000 2.394176 0.265114
v -0.057358 2.378863 0.273401
v -0.057358 0.904375 0.273401
v -0.003739 0.847018 0.273401
v -0.003739 2.436221 0.273401
v -0.041677 1.692278 0.267614
v -0.041677 1.590961 0.267614
v -0.019420 1.590961 0.267614
v -0.019420 1.692278 0.267614
v -0.040850 1.693216 0.278100
v -0.040069 1.692278 0.277169
v -0.040503 1.692857 0.278029
v -0.040233 1.692553 0.277827
v -0.040081 1.692349 0.277525
v -0.040069 1.590961 0.277169
v -0.040850 1.590023 0.278100
v -0.040081 1.590889 0.277525
v -0.040233 1.590686 0.277827
v -0.040503 1.590382 0.278029
v -0.021028 1.590961 0.277169
v -0.020247 1.590023 0.278100
v -0.021016 1.590889 0.277525
v -0.020864 1.590686 0.277827
v -0.020594 1.590382 0.278029
v -0.021028 1.692278 0.277169
v -0.020247 1.693216 0.278100
v -0.021016 1.692349 0.277525
v -0.020864 1.692553 0.277827
v -0.020594 1.692857 0.278029
v -0.048755 1.701120 0.277162
v -0.047817 1.700183 0.278100
v -0.048684 1.701049 0.277521
v -0.048480 1.700846 0.277826
v -0.048176 1.700541 0.278029
v -0.047817 1.583056 0.278100
v -0.048755 1.582119 0.277162
v -0.048176 1.582697 0.278029
v -0.048480 1.582393 0.277826
v -0.048684 1.582190 0.277521
v -0.013280 1.583056 0.278100
v -0.012342 1.582119 0.277162
v -0.012921 1.582697 0.278029
v -0.012617 1.582393 0.277826
v -0.012413 1.582190 0.277521
v -0.013280 1.700183 0.278100
v -0.012342 1.701120 0.277162
v -0.012921 1.700541 0.278029
v -0.012617 1.700846 0.277826
v -0.012413 1.701049 0.277521
v -0.717724 0.175026 0.283454
v -0.728088 0.162583 0.291640
v -0.723907 0.164441 0.288338
v -0.720589 0.167336 0.285717
v -0.718458 0.170983 0.284034
v 0.000000 0.175026 0.283454
v 0.000000 0.170983 0.284036
v 0.000000 0.167336 0.285726
v 0.000000 0.164441 0.288357
v 0.000000 0.162583 0.291673
v -0.751348 0.125903 0.310316
v 0.000000 0.125903 0.310316
v -0.751348 0.065563 0.310316
v 0.000000 0.065563 0.310316
v -0.733728 0.157479 0.296095
v -0.728655 0.162518 0.292088
v -0.733342 0.159231 0.295790
v -0.732242 0.160804 0.294921
v -0.730596 0.161958 0.293621
v 0.000000 0.162525 0.292072
v 0.000000 0.157479 0.296095
v 0.000000 0.161962 0.293612
v 0.000000 0.160806 0.294917
v 0.000000 0.159231 0.295789
v -0.746027 0.125903 0.306021
v -0.733728 0.136748 0.296095
v -0.741320 0.126729 0.302223
v -0.737330 0.129079 0.299003
v -0.734665 0.132598 0.296851
v 0.000000 0.136748 0.296095
v 0.000000 0.125903 0.306057
v 0.000000 0.132598 0.296854
v 0.000000 0.129079 0.299013
v 0.000000 0.126729 0.302245
v 0.000000 0.783183 0.273401
v 0.000000 0.824139 0.273401
v 0.000000 0.783183 0.286634
v 0.000000 0.803661 -0.273401
v -0.704767 0.824139 0.273401
v -0.704767 0.783183 0.273401
v -0.717013 0.783183 0.286634
v -0.704767 0.504932 0.273401
v -0.704767 0.190419 0.273401
v -0.660302 0.487936 0.273401
v -0.649814 0.480868 0.273401
v -0.654937 0.484989 0.268483
v -0.649814 0.245371 0.273401
v -0.660240 0.234945 0.273401
v -0.655027 0.240158 0.268483
v 0.000000 0.480868 0.273401
v 0.000000 0.488045 0.273401
v 0.000000 0.484456 0.268483
v 0.000000 0.234965 0.273401
v 0.000000 0.245371 0.273401
v 0.000000 0.240168 0.268483
v -0.704767 2.489222 0.130878
v -0.704767 2.439221 0.130878
v -0.714928 0.902580 0.105737
v -0.704767 0.240419 0.112176
v -0.704767 0.764017 0.119954
v -0.714928 2.374113 0.105749
v -0.717013 0.783183 0.143322
v -1.140936 0.701124 0.114696
v -0.717724 2.489222 0.141233
v -0.728088 2.516676 0.147047
v -0.723907 2.514817 0.144589
v -0.720589 2.511923 0.142639
v -0.718458 2.508275 0.141387
v -0.717724 2.504232 0.141233
v -0.751348 2.553355 0.160943
v -0.751348 2.613695 0.160943
v 0.000000 2.613695 0.160943
v -0.733728 2.521779 0.150362
v -0.733342 2.520028 0.150135
v -0.732242 2.518455 0.149488
v -0.730596 2.517301 0.148521
v -0.728655 2.516740 0.147380
v -0.746027 2.553355 0.157748
v -0.741320 2.552530 0.154921
v -0.737330 2.550179 0.152525
v -0.734665 2.546661 0.150924
v -0.733728 2.542511 0.150362
v -0.717013 0.824139 0.143322
v -0.704767 0.824139 0.133475
v -0.704767 0.783183 0.119954
v -0.717724 0.190037 0.122229
v -0.733728 0.136748 0.134870
v -0.741320 0.126729 0.140998
v -0.730596 0.161958 0.132396
v -0.733728 0.157479 0.134870
v -0.720589 0.167336 0.124491
v -0.751348 0.125903 0.149091
v -0.728655 0.162518 0.130862
v -0.737330 0.129079 0.137777
v -0.704767 0.190419 0.112176
v -0.718458 0.170983 0.122808
v -0.728088 0.162583 0.130415
v -0.733342 0.159231 0.134565
v -0.734665 0.132598 0.135626
v -0.746027 0.125903 0.144796
v -0.732242 0.160804 0.133696
v -0.717724 0.175026 0.122229
v -0.723907 0.164441 0.127112
v -0.751348 0.065563 0.149091
v -1.214439 0.190414 -0.273401
v -1.214439 0.190414 0.112176
v -1.214439 0.783178 -0.273401
v -1.226686 0.783178 -0.273401
v -1.214439 2.439217 -0.204181
v -1.214439 0.844013 -0.204181
v -1.214439 2.489217 -0.273401
v -1.214439 0.240414 -0.204181
v -1.214439 0.240414 0.112176
v -1.226686 0.824134 -0.273401
v -1.214439 0.824134 -0.273401
v -1.198117 2.426130 -0.196767
v -1.198117 0.857100 -0.196767
v -1.198117 0.246122 -0.196767
v -1.101992 0.662180 0.114696
v -1.214439 0.764013 -0.204181
v -1.198117 0.758304 -0.196767
v -1.226686 0.783178 0.143878
v -1.237761 0.162578 -0.273401
v -1.233579 0.164436 -0.273401
v -1.227396 0.190032 -0.273401
v -1.227396 2.489217 -0.273401
v -1.237761 2.516671 -0.273401
v -1.233579 2.514813 -0.273401
v -1.230261 2.511918 -0.273401
v -1.228130 2.508271 -0.273401
v -1.227396 2.504227 -0.273401
v -1.237761 2.516671 0.147603
v -1.233579 2.514813 0.145146
v -1.230261 2.511918 0.143195
v -1.228130 2.508271 0.141943
v -1.227396 2.504227 0.141233
v -1.261020 2.553350 -0.273401
v -1.261020 2.613690 -0.273401
v -1.243401 2.521774 -0.273401
v -1.243015 2.520023 -0.273401
v -1.241915 2.518450 -0.273401
v -1.240269 2.517296 -0.273401
v -1.238327 2.516736 -0.273401
v -1.243015 2.520023 0.150691
v -1.241915 2.518450 0.150045
v -1.240269 2.517296 0.149077
v -1.238327 2.516736 0.147936
v -1.255699 2.553350 -0.273401
v -1.250993 2.552525 -0.273401
v -1.247003 2.550174 -0.273401
v -1.244337 2.546656 -0.273401
v -1.243401 2.542506 -0.273401
v -1.250993 2.552525 0.155478
v -1.247003 2.550174 0.153082
v -1.244337 2.546656 0.151480
v -1.243401 2.542506 0.150918
v -1.230261 0.167331 -0.273401
v -1.228130 0.170979 -0.273401
v -1.227396 0.175022 -0.273401
v -1.237761 0.162578 0.130415
v -1.233579 0.164436 0.127112
v -1.230261 0.167331 0.124491
v -1.228130 0.170978 0.122808
v -1.227396 0.175022 0.122229
v -1.261020 0.125899 -0.273401
v -1.261020 0.065558 -0.273401
v -1.243401 0.157475 -0.273401
v -1.243015 0.159226 -0.273401
v -1.241915 0.160799 -0.273401
v -1.240269 0.161953 -0.273401
v -1.238327 0.162513 -0.273401
v -1.243015 0.159226 0.134565
v -1.241915 0.160799 0.133696
v -1.240269 0.161953 0.132396
v -1.238327 0.162513 0.130862
v -1.255699 0.125899 -0.273401
v -1.250993 0.126724 -0.273401
v -1.247003 0.129075 -0.273401
v -1.244337 0.132593 -0.273401
v -1.243401 0.136743 -0.273401
v -1.250993 0.126724 0.140998
v -1.247003 0.129075 0.137777
v -1.244337 0.132593 0.135626
v -1.243401 0.136743 0.134870
v -1.214439 0.783178 0.119954
v -1.214439 2.489217 0.130878
v -1.214439 2.439217 0.130878
v -1.193332 0.902580 0.109595
v -1.214439 0.764013 0.119954
v -1.177115 2.374109 0.105710
v -0.784570 0.662183 0.114696
v -1.227396 2.489217 0.141233
v -1.261020 2.553350 0.161500
v -1.261020 2.613690 0.161500
v -1.243401 2.521774 0.150918
v -1.255699 2.553350 0.158304
v -1.226686 0.824134 0.143878
v -1.214439 0.824134 0.134031
v -1.227396 0.190032 0.122229
v -1.243401 0.157475 0.134870
v -1.261020 0.125899 0.149091
v -1.255699 0.125899 0.144796
v -1.261020 0.065559 0.149091
v -1.214439 0.240414 0.041401
v -1.198117 0.246122 0.031451
v -1.238327 0.162513 0.130862
v -1.214439 2.439217 0.041401
v -1.214439 0.844013 0.042894
v -1.214439 0.764013 0.041401
v -1.198117 2.426130 0.031451
v -1.198117 0.857100 0.031451
v -1.198117 0.758304 0.031451
v -1.214439 0.764013 0.105723
v -1.214439 2.439217 0.105723
v -1.214439 0.240414 0.105723
v -1.214439 0.850559 0.109621
v -0.704767 0.850559 0.105723
v -1.198117 2.426130 0.105723
v -0.704767 2.426135 0.105723
v -1.194614 0.902157 -0.216834
v -0.716210 0.902157 -0.220692
v -1.178397 2.373686 -0.220719
v -0.716210 2.373691 -0.220680
v -1.165481 1.701120 0.113790
v -1.165481 1.582119 0.113790
v -1.129068 1.701120 0.113790
v -1.129068 1.582119 0.113790
v -1.158403 1.692278 0.108003
v -1.158403 1.590961 0.108003
v -1.136147 1.590961 0.108003
v -1.136147 1.692278 0.108003
v -1.157576 1.693216 0.118489
v -1.156795 1.692278 0.117558
v -1.157229 1.692857 0.118418
v -1.156959 1.692553 0.118216
v -1.156807 1.692349 0.117914
v -1.156795 1.590961 0.117558
v -1.157576 1.590023 0.118489
v -1.156807 1.590889 0.117914
v -1.156959 1.590686 0.118216
v -1.157229 1.590382 0.118418
v -1.137754 1.590961 0.117558
v -1.136973 1.590023 0.118489
v -1.137742 1.590889 0.117914
v -1.137590 1.590686 0.118216
v -1.137320 1.590382 0.118418
v -1.137754 1.692278 0.117558
v -1.136973 1.693216 0.118489
v -1.137742 1.692349 0.117914
v -1.137590 1.692553 0.118216
v -1.137320 1.692857 0.118418
v -1.165481 1.701120 0.117551
v -1.164543 1.700183 0.118489
v -1.165410 1.701049 0.117910
v -1.165206 1.700846 0.118214
v -1.164902 1.700541 0.118418
v -1.164543 1.583056 0.118489
v -1.165481 1.582119 0.117551
v -1.164902 1.582697 0.118418
v -1.165206 1.582393 0.118214
v -1.165410 1.582190 0.117910
v -1.130006 1.583056 0.118489
v -1.129068 1.582119 0.117551
v -1.129647 1.582697 0.118418
v -1.129343 1.582393 0.118214
v -1.129140 1.582190 0.117910
v -1.130006 1.700183 0.118489
v -1.129068 1.701120 0.117551
v -1.129647 1.700541 0.118418
v -1.129343 1.700846 0.118214
v -1.129140 1.701049 0.117910
v -0.688445 0.758309 0.105723
v -1.198117 0.758304 0.105723
v -0.688445 0.246127 0.105723
v -0.745625 0.701128 0.114696
v -1.198117 0.246122 0.105723
v -0.745625 0.303307 0.105723
v -0.784570 0.342251 0.105723
v -0.745625 0.701128 0.105723
v -0.784570 0.662183 0.105723
v -1.101992 0.342248 0.105723
v -1.140936 0.303303 0.105723
v -1.101992 0.662180 0.105723
v -1.140936 0.701124 0.105723
v -0.745625 0.303307 0.114696
v -0.784570 0.342251 0.114696
v -1.101992 0.342248 0.114696
v -1.140936 0.303303 0.114696
v 0.704767 2.489222 0.130878
v 0.704767 2.489222 0.130878
v 0.704767 2.489222 0.273401
v 0.704767 2.489222 0.273401
v 0.704767 0.504932 0.273401
v 0.704767 0.190419 0.273401
v 0.704767 0.190419 0.273401
v 0.000000 0.190419 0.273401
v 0.000000 2.489222 0.273401
v 0.000000 0.783183 0.286634
v 0.717013 0.783183 0.286634
v 0.717013 0.783183 0.286634
v 0.704767 0.764017 0.119954
v 0.704767 0.764017 0.119954
v 0.704767 0.764017 0.119954
v 0.704767 0.764017 0.223401
v 0.704767 0.764017 0.223401
v 0.717013 0.824139 0.286634
v 0.717013 0.824139 0.286634
v 0.000000 0.824139 0.286634
v 0.751348 2.613695 0.160943
v 0.751348 2.613695 0.160943
v 1.261020 2.613690 0.161500
v 1.261020 2.613690 0.161500
v 0.688445 0.758309 0.105723
v 0.688445 0.758309 0.105723
v 0.688445 0.758309 0.105723
v 0.688445 0.758309 0.215986
v 0.688445 0.758309 0.215986
v 0.704767 0.240419 0.223401
v 0.704767 0.240419 0.223401
v 0.688445 0.246127 0.215986
v 0.688445 0.246127 0.215986
v 0.040490 0.764017 0.267814
v 0.040490 0.764017 0.267814
v 0.040490 0.764017 0.267814
v 0.036598 0.767910 0.273401
v 0.036598 0.767910 0.273401
v 0.036598 0.523721 0.273401
v 0.036598 0.523721 0.273401
v 0.040490 0.527614 0.267814
v 0.040490 0.527614 0.267814
v 0.040490 0.527614 0.267814
v 0.044382 0.760125 0.273401
v 0.044382 0.760125 0.273401
v 0.044382 0.531506 0.273401
v 0.044382 0.531506 0.273401
v 0.654767 0.764017 0.267814
v 0.654767 0.764017 0.267814
v 0.654767 0.764017 0.267814
v 0.658659 0.767910 0.273401
v 0.658659 0.767910 0.273401
v 0.650874 0.760125 0.273401
v 0.650874 0.760125 0.273401
v 0.650874 0.531506 0.273401
v 0.650874 0.531506 0.273401
v 0.654767 0.527614 0.267814
v 0.654767 0.527614 0.267814
v 0.654767 0.527614 0.267814
v 0.658659 0.523721 0.273401
v 0.658659 0.523721 0.273401
v 0.717724 0.190037 0.283454
v 0.717724 0.190037 0.283454
v 0.000000 0.190037 0.283454
v 0.717724 0.190037 0.122229
v 0.717724 0.190037 0.122229
v 0.717724 2.489222 0.141233
v 0.717724 2.489222 0.141233
v 0.717724 2.489222 0.283454
v 0.717724 2.489222 0.283454
v 0.000000 2.489222 0.283454
v 0.723907 2.514817 0.288338
v 0.720589 2.511923 0.285717
v 1.227396 0.190032 0.122229
v 1.227396 0.190032 0.122229
v 0.718458 2.508275 0.284034
v 0.717724 2.504232 0.283454
v 0.751348 2.553355 0.160943
v 0.751348 2.553355 0.160943
v 0.751348 2.553355 0.310316
v 0.751348 2.553355 0.310316
v 0.000000 2.553355 0.310316
v 0.751348 2.613695 0.310316
v 0.751348 2.613695 0.310316
v 0.000000 2.613695 0.310316
v 0.733728 2.521779 0.296095
v 0.733342 2.520028 0.295790
v 0.732242 2.518455 0.294921
v 1.250993 2.552525 0.155478
v 0.741320 2.552530 0.154921
v 0.737330 2.550179 0.299003
v 0.734665 2.546661 0.296851
v 0.733728 2.542511 0.296095
v 0.654767 2.439221 0.267708
v 0.654767 2.439221 0.267708
v 0.654767 2.439221 0.267708
v 0.651766 2.436221 0.273401
v 0.651766 2.436221 0.273401
v 0.651766 0.847018 0.273401
v 0.651766 0.847018 0.273401
v 0.654767 0.844017 0.267708
v 0.654767 0.844017 0.267708
v 0.654767 0.844017 0.267708
v 0.657767 2.442222 0.273401
v 0.657767 2.442222 0.273401
v 0.657767 0.841017 0.273401
v 0.657767 0.841017 0.273401
v 0.000000 2.442222 0.273401
v 0.003739 2.436221 0.273401
v 0.003739 2.436221 0.273401
v 0.000000 0.841017 0.273401
v 0.057358 2.378863 0.273401
v 0.057358 2.378863 0.273401
v 0.057358 0.904375 0.273401
v 0.057358 0.904375 0.273401
v 0.594409 2.378863 0.273401
v 0.594409 2.378863 0.273401
v 0.594409 0.904375 0.273401
v 0.594409 0.904375 0.273401
v 0.000000 2.439221 0.267708
v 0.000000 2.439221 0.267708
v 0.000000 2.439221 0.267708
v 0.000000 2.439221 0.267708
v 0.000000 0.844017 0.267708
v 0.000000 0.844017 0.267708
v 0.000000 0.844017 0.267708
v 0.000000 0.844017 0.267708
v 0.003739 0.847018 0.273401
v 0.003739 0.847018 0.273401
v 0.594409 2.378863 0.243093
v 0.594409 0.904375 0.243093
v 0.057358 2.378863 0.243093
v 0.057358 0.904375 0.243093
v 0.654767 0.884636 0.237327
v 0.654767 0.884636 0.237327
v 0.654767 0.884636 -0.223401
v 0.654767 0.884636 -0.223401
v 0.654767 2.455224 0.237327
v 0.654767 2.455224 0.237327
v 0.654767 2.455224 -0.223401
v 0.654767 2.455224 -0.223401
v 0.598695 0.884636 0.237327
v 0.598695 0.884636 0.237327
v 0.598695 2.394176 0.237327
v 0.598695 2.394176 0.237327
v 0.000000 2.394176 0.237327
v 0.598695 2.394176 0.265114
v 0.598695 0.884636 0.265114
v 0.048755 1.701120 0.273401
v 0.048755 1.701120 0.273401
v 0.048755 1.582119 0.273401
v 0.048755 1.582119 0.273401
v 0.012342 1.582119 0.273401
v 0.012342 1.582119 0.273401
v 0.012342 1.701120 0.273401
v 0.012342 1.701120 0.273401
v 0.041677 1.692278 0.267614
v 0.041677 1.692278 0.267614
v 0.041677 1.590961 0.267614
v 0.041677 1.590961 0.267614
v 0.019420 1.590961 0.267614
v 0.019420 1.590961 0.267614
v 0.019420 1.692278 0.267614
v 0.019420 1.692278 0.267614
v 0.048480 1.700846 0.277826
v 0.048480 1.582393 0.277826
v 0.048684 1.701049 0.277521
v 0.048684 1.582190 0.277521
v 0.048755 1.701120 0.277162
v 0.048755 1.582119 0.277162
v 0.012617 1.582393 0.277826
v 0.012413 1.582190 0.277521
v 0.012342 1.582119 0.277162
v 0.012413 1.701049 0.277521
v 0.012342 1.701120 0.277162
v 0.012617 1.700846 0.277826
v 0.040081 1.692349 0.277525
v 0.040069 1.692278 0.277169
v 0.040069 1.590961 0.277169
v 0.040081 1.590889 0.277525
v 0.040233 1.692553 0.277827
v 0.040233 1.692553 0.277827
v 0.040233 1.590686 0.277827
v 0.040233 1.590686 0.277827
v 0.021028 1.590961 0.277169
v 0.021016 1.590889 0.277525
v 0.020864 1.590686 0.277827
v 0.020864 1.590686 0.277827
v 0.020864 1.692553 0.277827
v 0.020864 1.692553 0.277827
v 0.021016 1.692349 0.277525
v 0.021028 1.692278 0.277169
v 0.723907 0.164441 0.288338
v 0.720589 0.167336 0.285717
v 1.214439 2.489217 0.130878
v 1.214439 2.489217 0.130878
v 0.718458 0.170983 0.284034
v 1.261020 0.125899 0.149091
v 1.261020 0.125899 0.149091
v 0.751348 0.125903 0.149091
v 0.751348 0.125903 0.149091
v 0.717724 0.175026 0.283454
v 0.751348 0.125903 0.310316
v 0.751348 0.125903 0.310316
v 0.000000 0.125903 0.310316
v 0.751348 0.065563 0.149091
v 0.751348 0.065563 0.149091
v 0.751348 0.065563 0.310316
v 0.751348 0.065563 0.310316
v 0.000000 0.065563 0.310316
v 0.733728 0.157479 0.296095
v 0.733342 0.159231 0.295790
v 0.732242 0.160804 0.294921
v 0.000000 0.065563 -0.273401
v 1.261020 0.065558 -0.273401
v 1.261020 0.065558 -0.273401
v 0.737330 0.129079 0.299003
v 1.214439 0.240414 0.112176
v 1.214439 0.240414 0.112176
v 1.214439 0.240414 0.112176
v 0.704767 0.240419 0.112176
v 0.704767 0.240419 0.112176
v 0.704767 0.240419 0.112176
v 0.734665 0.132598 0.296851
v 0.704767 0.190419 0.112176
v 0.704767 0.190419 0.112176
v 1.214439 0.190414 0.112176
v 1.214439 0.190414 0.112176
v 0.733728 0.136748 0.296095
v 1.214439 0.850559 0.109621
v 1.214439 0.850559 0.109621
v 0.704767 0.850559 0.105723
v 0.704767 0.850559 0.105723
v 0.717013 0.824139 0.143322
v 0.717013 0.824139 0.143322
v 0.704767 0.824139 0.133475
v 0.704767 0.824139 0.133475
v 0.704767 0.824139 0.273401
v 0.704767 0.824139 0.273401
v 0.000000 0.824139 0.273401
v 0.000000 0.783183 0.273401
v 0.704767 0.783183 0.273401
v 0.704767 0.783183 0.273401
v 1.226686 0.783178 0.143878
v 1.226686 0.783178 0.143878
v 0.717013 0.783183 0.143322
v 0.717013 0.783183 0.143322
v 0.704767 0.783183 0.119954
v 0.704767 0.783183 0.119954
v 1.214439 0.783178 0.119954
v 1.214439 0.783178 0.119954
v 0.654937 0.484989 0.268483
v 0.654937 0.484989 0.268483
v 0.654937 0.484989 0.268483
v 0.649814 0.480868 0.273401
v 0.649814 0.480868 0.273401
v 0.649814 0.245371 0.273401
v 0.649814 0.245371 0.273401
v 0.655027 0.240158 0.268483
v 0.655027 0.240158 0.268483
v 0.655027 0.240158 0.268483
v 0.660302 0.487936 0.273401
v 0.660302 0.487936 0.273401
v 0.660240 0.234945 0.273401
v 0.660240 0.234945 0.273401
v 0.000000 0.234965 0.273401
v 0.000000 0.240168 0.268483
v 0.000000 0.245371 0.273401
v 0.000000 0.488045 0.273401
v 0.000000 0.484456 0.268483
v 0.000000 0.480868 0.273401
v 1.214439 0.824134 0.134031
v 1.214439 0.824134 0.134031
v 1.226686 0.824134 0.143878
v 1.226686 0.824134 0.143878
v 0.688445 0.246127 0.105723
v 0.688445 0.246127 0.105723
v 0.688445 0.246127 0.105723
v 1.214439 0.764013 0.119954
v 1.214439 0.764013 0.119954
v 1.214439 0.764013 0.119954
v 1.198117 0.758304 0.105723
v 1.198117 0.758304 0.105723
v 0.734665 2.546661 0.150924
v 0.733728 2.542511 0.150362
v 0.737330 2.550179 0.152525
v 0.730596 2.517301 0.148521
v 0.732242 2.518455 0.149488
v 0.733342 2.520028 0.150135
v 0.733728 2.521779 0.150362
v 0.718458 2.508275 0.141387
v 0.717724 2.504232 0.141233
v 0.720589 2.511923 0.142639
v 0.723907 2.514817 0.144589
v 0.728088 2.516676 0.147047
v 0.704767 2.439221 0.130878
v 0.704767 2.439221 0.130878
v 0.704767 2.426135 0.105723
v 0.704767 2.426135 0.105723
v 1.214439 2.439217 0.130878
v 1.214439 2.439217 0.130878
v 1.214439 2.439217 0.130878
v 1.198117 2.426130 0.105723
v 1.198117 2.426130 0.105723
v 1.261020 0.065559 0.149091
v 1.261020 0.065559 0.149091
v 0.737330 0.129079 0.137777
v 0.733728 0.136748 0.134870
v 0.734665 0.132598 0.135626
v 0.723907 0.164441 0.127112
v 0.718458 0.170983 0.122808
v 0.720589 0.167336 0.124491
v 0.732242 0.160804 0.133696
v 0.733342 0.159231 0.134565
v 0.717724 0.175026 0.122229
v 0.733728 0.157479 0.134870
v 1.214439 0.783178 -0.273401
v 1.214439 0.783178 -0.273401
v 1.226686 0.783178 -0.273401
v 1.226686 0.783178 -0.273401
v 1.214439 2.439217 -0.204181
v 1.214439 2.439217 -0.204181
v 1.214439 0.844013 -0.204181
v 1.214439 0.844013 -0.204181
v 1.214439 0.240414 0.041401
v 1.214439 0.240414 0.041401
v 1.214439 0.240414 -0.204181
v 1.214439 0.240414 -0.204181
v 1.226686 0.824134 -0.273401
v 1.226686 0.824134 -0.273401
v 1.214439 0.824134 -0.273401
v 1.214439 0.824134 -0.273401
v 1.198117 2.426130 -0.196767
v 1.198117 2.426130 -0.196767
v 1.198117 0.857100 -0.196767
v 1.198117 0.857100 -0.196767
v 1.198117 0.246122 0.031451
v 1.198117 0.246122 0.031451
v 1.198117 0.246122 -0.196767
v 1.198117 0.246122 -0.196767
v 1.214439 0.764013 -0.204181
v 1.214439 0.764013 -0.204181
v 1.198117 0.758304 -0.196767
v 1.198117 0.758304 -0.196767
v 1.237761 0.162578 -0.273401
v 1.233579 0.164436 -0.273401
v 1.214439 0.190414 -0.273401
v 1.214439 0.190414 -0.273401
v 1.227396 0.190032 -0.273401
v 1.227396 0.190032 -0.273401
v 1.227396 2.489217 -0.273401
v 1.227396 2.489217 -0.273401
v 1.214439 2.489217 -0.273401
v 1.214439 2.489217 -0.273401
v 1.237761 2.516671 -0.273401
v 1.233579 2.514813 -0.273401
v 1.230261 2.511918 -0.273401
v 1.228130 2.508271 -0.273401
v 1.227396 2.504227 -0.273401
v 1.261020 2.553350 -0.273401
v 1.261020 2.553350 -0.273401
v 1.261020 2.613690 -0.273401
v 1.261020 2.613690 -0.273401
v 1.243401 2.521774 -0.273401
v 1.243015 2.520023 -0.273401
v 1.241915 2.518450 -0.273401
v 1.240269 2.517296 -0.273401
v 1.238327 2.516736 -0.273401
v 1.255699 2.553350 -0.273401
v 1.250993 2.552525 -0.273401
v 1.247003 2.550174 -0.273401
v 1.244337 2.546656 -0.273401
v 1.243401 2.542506 -0.273401
v 1.230261 0.167331 -0.273401
v 1.228130 0.170979 -0.273401
v 1.227396 0.175022 -0.273401
v 1.261020 0.125899 -0.273401
v 1.261020 0.125899 -0.273401
v 1.243401 0.157475 -0.273401
v 1.243015 0.159226 -0.273401
v 1.241915 0.160799 -0.273401
v 1.240269 0.161953 -0.273401
v 1.238327 0.162513 -0.273401
v 1.255699 0.125899 -0.273401
v 1.250993 0.126724 -0.273401
v 1.247003 0.129075 -0.273401
v 1.244337 0.132593 -0.273401
v 1.243401 0.136743 -0.273401
v 1.214439 0.764013 0.105723
v 1.214439 0.764013 0.105723
v 1.214439 0.240414 0.105723
v 1.214439 0.240414 0.105723
v 1.244337 2.546656 0.151480
v 1.243401 2.542506 0.150918
v 1.247003 2.550174 0.153082
v 1.240269 2.517296 0.149077
v 1.238327 2.516736 0.147936
v 1.238327 2.516736 0.147936
v 1.241915 2.518450 0.150045
v 1.243015 2.520023 0.150691
v 1.243401 2.521774 0.150918
v 1.261020 2.553350 0.161500
v 1.261020 2.553350 0.161500
v 1.228130 2.508271 0.141943
v 1.227396 2.504227 0.141233
v 1.230261 2.511918 0.143195
v 1.233579 2.514813 0.145146
v 1.233579 2.514813 0.145146
v 1.237761 2.516671 0.147603
v 1.237761 2.516671 0.147603
v 1.227396 2.489217 0.141233
v 1.227396 2.489217 0.141233
v 1.198117 0.246122 0.105723
v 1.198117 0.246122 0.105723
v 1.140936 0.303303 0.114696
v 1.140936 0.303303 0.114696
v 1.140936 0.701124 0.114696
v 1.140936 0.701124 0.114696
v 1.247003 0.129075 0.137777
v 1.243401 0.136743 0.134870
v 1.244337 0.132593 0.135626
v 1.233579 0.164436 0.127112
v 1.233579 0.164436 0.127112
v 1.237761 0.162578 0.130415
v 1.237761 0.162578 0.130415
v 1.228130 0.170978 0.122808
v 1.230261 0.167331 0.124491
v 1.241915 0.160799 0.133696
v 1.243015 0.159226 0.134565
v 1.238327 0.162513 0.130862
v 1.238327 0.162513 0.130862
v 1.240269 0.161953 0.132396
v 1.240269 0.161953 0.132396
v 1.227396 0.175022 0.122229
v 1.243401 0.157475 0.134870
v 1.238327 0.162513 0.130862
v 1.238327 0.162513 0.130862
v 1.238327 0.162513 0.130862
v 1.214439 2.439217 0.041401
v 1.214439 2.439217 0.041401
v 1.214439 0.844013 0.042894
v 1.214439 0.844013 0.042894
v 1.214439 0.764013 0.041401
v 1.214439 0.764013 0.041401
v 1.198117 2.426130 0.031451
v 1.198117 2.426130 0.031451
v 1.198117 0.857100 0.031451
v 1.198117 0.857100 0.031451
v 1.198117 0.758304 0.031451
v 1.198117 0.758304 0.031451
v 1.214439 2.439217 0.105723
v 1.214439 2.439217 0.105723
v 1.193332 0.902580 0.109595
v 1.193332 0.902580 0.109595
v 0.714928 0.902580 0.105737
v 0.714928 0.902580 0.105737
v 1.177115 2.374109 0.105710
v 1.177115 2.374109 0.105710
v 0.714928 2.374113 0.105749
v 0.714928 2.374113 0.105749
v 1.194614 0.902157 -0.216834
v 1.194614 0.902157 -0.216834
v 0.716210 0.902157 -0.220692
v 0.716210 0.902157 -0.220692
v 1.178397 2.373686 -0.220719
v 1.178397 2.373686 -0.220719
v 0.716210 2.373691 -0.220680
v 0.716210 2.373691 -0.220680
v 1.158403 1.692278 0.108003
v 1.158403 1.692278 0.108003
v 1.158403 1.590961 0.108003
v 1.158403 1.590961 0.108003
v 1.136147 1.590961 0.108003
v 1.136147 1.590961 0.108003
v 1.136147 1.692278 0.108003
v 1.136147 1.692278 0.108003
v 1.165206 1.700846 0.118214
v 1.165206 1.582393 0.118214
v 1.165410 1.701049 0.117910
v 1.165410 1.582190 0.117910
v 1.165481 1.701120 0.117551
v 1.165481 1.582119 0.117551
v 1.129343 1.582393 0.118214
v 1.129140 1.582190 0.117910
v 1.129068 1.582119 0.117551
v 1.129140 1.701049 0.117910
v 1.129068 1.701120 0.117551
v 1.129343 1.700846 0.118214
v 1.156807 1.692349 0.117914
v 1.156795 1.692278 0.117558
v 1.156795 1.590961 0.117558
v 1.156807 1.590889 0.117914
v 1.156959 1.692553 0.118216
v 1.156959 1.692553 0.118216
v 1.156959 1.590686 0.118216
v 1.156959 1.590686 0.118216
v 1.137754 1.590961 0.117558
v 1.137742 1.590889 0.117914
v 1.137590 1.590686 0.118216
v 1.137590 1.590686 0.118216
v 1.137590 1.692553 0.118216
v 1.137590 1.692553 0.118216
v 1.137742 1.692349 0.117914
v 1.137754 1.692278 0.117558
v 1.165481 1.582119 0.113790
v 1.165481 1.701120 0.113790
v 1.129068 1.701120 0.113790
v 1.129068 1.582119 0.113790
v 0.784570 0.662183 0.114696
v 0.784570 0.662183 0.114696
v 1.101992 0.662180 0.114696
v 1.101992 0.662180 0.114696
v 0.745625 0.701128 0.114696
v 0.745625 0.701128 0.114696
v 0.784570 0.342251 0.105723
v 0.784570 0.342251 0.105723
v 0.784570 0.342251 0.114696
v 0.784570 0.342251 0.114696
v 0.784570 0.662183 0.105723
v 0.784570 0.662183 0.105723
v 1.101992 0.662180 0.105723
v 1.101992 0.662180 0.105723
v 1.140936 0.701124 0.105723
v 1.140936 0.701124 0.105723
v 0.745625 0.701128 0.105723
v 0.745625 0.701128 0.105723
v 0.745625 0.303307 0.114696
v 0.745625 0.303307 0.114696
v 0.745625 0.303307 0.105723
v 0.745625 0.303307 0.105723
v 1.140936 0.303303 0.105723
v 1.140936 0.303303 0.105723
v 1.101992 0.342248 0.105723
v 1.101992 0.342248 0.105723
v 1.101992 0.342248 0.114696
v 1.101992 0.342248 0.114696
v 0.000000 2.613695 -0.273401
v 0.000000 2.455224 -0.223401
v 0.000000 0.884636 -0.223401
v -0.704767 2.489222 0.130878
v -0.704767 2.489222 0.130878
v -0.704767 2.489222 0.273401
v -0.704767 2.489222 0.273401
v -0.704767 0.504932 0.273401
v -0.704767 0.190419 0.273401
v -0.704767 0.190419 0.273401
v -0.717013 0.783183 0.286634
v -0.717013 0.783183 0.286634
v -0.704767 0.764017 0.119954
v -0.704767 0.764017 0.119954
v -0.704767 0.764017 0.119954
v -0.704767 0.764017 0.223401
v -0.704767 0.764017 0.223401
v -0.717013 0.824139 0.286634
v -0.717013 0.824139 0.286634
v -0.751348 2.613695 0.160943
v -0.751348 2.613695 0.160943
v -1.261020 2.613690 0.161500
v -1.261020 2.613690 0.161500
v -0.688445 0.758309 0.105723
v -0.688445 0.758309 0.105723
v -0.688445 0.758309 0.105723
v -0.688445 0.758309 0.215986
v -0.688445 0.758309 0.215986
v -0.704767 0.240419 0.223401
v -0.704767 0.240419 0.223401
v -0.688445 0.246127 0.215986
v -0.688445 0.246127 0.215986
v -0.040490 0.764017 0.267814
v -0.040490 0.764017 0.267814
v -0.040490 0.764017 0.267814
v -0.036598 0.767910 0.273401
v -0.036598 0.767910 0.273401
v -0.036598 0.523721 0.273401
v -0.036598 0.523721 0.273401
v -0.040490 0.527614 0.267814
v -0.040490 0.527614 0.267814
v -0.040490 0.527614 0.267814
v -0.044382 0.760125 0.273401
v -0.044382 0.760125 0.273401
v -0.044382 0.531506 0.273401
v -0.044382 0.531506 0.273401
v -0.654767 0.764017 0.267814
v -0.654767 0.764017 0.267814
v -0.654767 0.764017 0.267814
v -0.658659 0.767910 0.273401
v -0.658659 0.767910 0.273401
v -0.650874 0.760125 0.273401
v -0.650874 0.760125 0.273401
v -0.650874 0.531506 0.273401
v -0.650874 0.531506 0.273401
v -0.654767 0.527614 0.267814
v -0.654767 0.527614 0.267814
v -0.654767 0.527614 0.267814
v -0.658659 0.523721 0.273401
v -0.658659 0.523721 0.273401
v -0.717724 0.190037 0.283454
v -0.717724 0.190037 0.283454
v -0.717724 0.190037 0.122229
v -0.717724 0.190037 0.122229
v -0.717724 2.489222 0.141233
v -0.717724 2.489222 0.141233
v -0.717724 2.489222 0.283454
v -0.717724 2.489222 0.283454
v -0.723907 2.514817 0.288338
v -0.720589 2.511923 0.285717
v -1.227396 0.190032 0.122229
v -1.227396 0.190032 0.122229
v -0.718458 2.508275 0.284034
v -0.717724 2.504232 0.283454
v -0.751348 2.553355 0.160943
v -0.751348 2.553355 0.160943
v -0.751348 2.553355 0.310316
v -0.751348 2.553355 0.310316
v -0.751348 2.613695 0.310316
v -0.751348 2.613695 0.310316
v -0.733728 2.521779 0.296095
v -0.733342 2.520028 0.295790
v -0.732242 2.518455 0.294921
v -1.250993 2.552525 0.155478
v -0.741320 2.552530 0.154921
v -0.737330 2.550179 0.299003
v -0.734665 2.546661 0.296851
v -0.733728 2.542511 0.296095
v -0.654767 2.439221 0.267708
v -0.654767 2.439221 0.267708
v -0.654767 2.439221 0.267708
v -0.651766 2.436221 0.273401
v -0.651766 2.436221 0.273401
v -0.651766 0.847018 0.273401
v -0.651766 0.847018 0.273401
v -0.654767 0.844017 0.267708
v -0.654767 0.844017 0.267708
v -0.654767 0.844017 0.267708
v -0.657767 2.442222 0.273401
v -0.657767 2.442222 0.273401
v -0.657767 0.841017 0.273401
v -0.657767 0.841017 0.273401
v -0.003739 2.436221 0.273401
v -0.003739 2.436221 0.273401
v -0.057358 2.378863 0.273401
v -0.057358 2.378863 0.273401
v -0.057358 0.904375 0.273401
v -0.057358 0.904375 0.273401
v -0.594409 2.378863 0.273401
v -0.594409 2.378863 0.273401
v -0.594409 0.904375 0.273401
v -0.594409 0.904375 0.273401
v -0.003739 0.847018 0.273401
v -0.003739 0.847018 0.273401
v -0.594409 2.378863 0.243093
v -0.594409 0.904375 0.243093
v -0.057358 2.378863 0.243093
v -0.057358 0.904375 0.243093
v -0.654767 0.884636 0.237327
v -0.654767 0.884636 0.237327
v -0.654767 0.884636 -0.223401
v -0.654767 0.884636 -0.223401
v -0.654767 2.455224 0.237327
v -0.654767 2.455224 0.237327
v -0.654767 2.455224 -0.223401
v -0.654767 2.455224 -0.223401
v -0.598695 0.884636 0.237327
v -0.598695 0.884636 0.237327
v -0.598695 2.394176 0.237327
v -0.598695 2.394176 0.237327
v -0.598695 2.394176 0.265114
v -0.598695 0.884636 0.265114
v -0.048755 1.701120 0.273401
v -0.048755 1.701120 0.273401
v -0.048755 1.582119 0.273401
v -0.048755 1.582119 0.273401
v -0.012342 1.582119 0.273401
v -0.012342 1.582119 0.273401
v -0.012342 1.701120 0.273401
v -0.012342 1.701120 0.273401
v -0.041677 1.692278 0.267614
v -0.041677 1.692278 0.267614
v -0.041677 1.590961 0.267614
v -0.041677 1.590961 0.267614
v -0.019420 1.590961 0.267614
v -0.019420 1.590961 0.267614
v -0.019420 1.692278 0.267614
v -0.019420 1.692278 0.267614
v -0.048480 1.700846 0.277826
v -0.048480 1.582393 0.277826
v -0.048684 1.701049 0.277521
v -0.048684 1.582190 0.277521
v -0.048755 1.701120 0.277162
v -0.048755 1.582119 0.277162
v -0.012617 1.582393 0.277826
v -0.012413 1.582190 0.277521
v -0.012342 1.582119 0.277162
v -0.012413 1.701049 0.277521
v -0.012342 1.701120 0.277162
v -0.012617 1.700846 0.277826
v -0.040081 1.692349 0.277525
v -0.040069 1.692278 0.277169
v -0.040069 1.590961 0.277169
v -0.040081 1.590889 0.277525
v -0.040233 1.692553 0.277827
v -0.040233 1.692553 0.277827
v -0.040233 1.590686 0.277827
v -0.040233 1.590686 0.277827
v -0.021028 1.590961 0.277169
v -0.021016 1.590889 0.277525
v -0.020864 1.590686 0.277827
v -0.020864 1.590686 0.277827
v -0.020864 1.692553 0.277827
v -0.020864 1.692553 0.277827
v -0.021016 1.692349 0.277525
v -0.021028 1.692278 0.277169
v -0.723907 0.164441 0.288338
v -0.720589 0.167336 0.285717
v -1.214439 2.489217 0.130878
v -1.214439 2.489217 0.130878
v -0.718458 0.170983 0.284034
v -1.261020 0.125899 0.149091
v -1.261020 0.125899 0.149091
v -0.751348 0.125903 0.149091
v -0.751348 0.125903 0.149091
v -0.717724 0.175026 0.283454
v -0.751348 0.125903 0.310316
v -0.751348 0.125903 0.310316
v -0.751348 0.065563 0.149091
v -0.751348 0.065563 0.149091
v -0.751348 0.065563 0.310316
v -0.751348 0.065563 0.310316
v -0.733728 0.157479 0.296095
v -0.733342 0.159231 0.295790
v -0.732242 0.160804 0.294921
v -1.261020 0.065558 -0.273401
v -1.261020 0.065558 -0.273401
v -0.737330 0.129079 0.299003
v -1.214439 0.240414 0.112176
v -1.214439 0.240414 0.112176
v -1.214439 0.240414 0.112176
v -0.704767 0.240419 0.112176
v -0.704767 0.240419 0.112176
v -0.704767 0.240419 0.112176
v -0.734665 0.132598 0.296851
v -0.704767 0.190419 0.112176
v -0.704767 0.190419 0.112176
v -1.214439 0.190414 0.112176
v -1.214439 0.190414 0.112176
v -0.733728 0.136748 0.296095
v -1.214439 0.850559 0.109621
v -1.214439 0.850559 0.109621
v -0.704767 0.850559 0.105723
v -0.704767 0.850559 0.105723
v -0.717013 0.824139 0.143322
v -0.717013 0.824139 0.143322
v -0.704767 0.824139 0.133475
v -0.704767 0.824139 0.133475
v -0.704767 0.824139 0.273401
v -0.704767 0.824139 0.273401
v -0.704767 0.783183 0.273401
v -0.704767 0.783183 0.273401
v -1.226686 0.783178 0.143878
v -1.226686 0.783178 0.143878
v -0.717013 0.783183 0.143322
v -0.717013 0.783183 0.143322
v -0.704767 0.783183 0.119954
v -0.704767 0.783183 0.119954
v -1.214439 0.783178 0.119954
v -1.214439 0.783178 0.119954
v -0.654937 0.484989 0.268483
v -0.654937 0.484989 0.268483
v -0.654937 0.484989 0.268483
v -0.649814 0.480868 0.273401
v -0.649814 0.480868 0.273401
v -0.649814 0.245371 0.273401
v -0.649814 0.245371 0.273401
v -0.655027 0.240158 0.268483
v -0.655027 0.240158 0.268483
v -0.655027 0.240158 0.268483
v -0.660302 0.487936 0.273401
v -0.660302 0.487936 0.273401
v -0.660240 0.234945 0.273401
v -0.660240 0.234945 0.273401
v -1.214439 0.824134 0.134031
v -1.214439 0.824134 0.134031
v -1.226686 0.824134 0.143878
v -1.226686 0.824134 0.143878
v -0.688445 0.246127 0.105723
v -0.688445 0.246127 0.105723
v -0.688445 0.246127 0.105723
v -1.214439 0.764013 0.119954
v -1.214439 0.764013 0.119954
v -1.214439 0.764013 0.119954
v -1.198117 0.758304 0.105723
v -1.198117 0.758304 0.105723
v -0.734665 2.546661 0.150924
v -0.733728 2.542511 0.150362
v -0.737330 2.550179 0.152525
v -0.730596 2.517301 0.148521
v -0.732242 2.518455 0.149488
v -0.733342 2.520028 0.150135
v -0.733728 2.521779 0.150362
v -0.718458 2.508275 0.141387
v -0.717724 2.504232 0.141233
v -0.720589 2.511923 0.142639
v -0.723907 2.514817 0.144589
v -0.728088 2.516676 0.147047
v -0.704767 2.439221 0.130878
v -0.704767 2.439221 0.130878
v -0.704767 2.426135 0.105723
v -0.704767 2.426135 0.105723
v -1.214439 2.439217 0.130878
v -1.214439 2.439217 0.130878
v -1.214439 2.439217 0.130878
v -1.198117 2.426130 0.105723
v -1.198117 2.426130 0.105723
v -1.261020 0.065559 0.149091
v -1.261020 0.065559 0.149091
v -0.737330 0.129079 0.137777
v -0.733728 0.136748 0.134870
v -0.734665 0.132598 0.135626
v -0.723907 0.164441 0.127112
v -0.718458 0.170983 0.122808
v -0.720589 0.167336 0.124491
v -0.732242 0.160804 0.133696
v -0.733342 0.159231 0.134565
v -0.717724 0.175026 0.122229
v -0.733728 0.157479 0.134870
v -1.214439 0.783178 -0.273401
v -1.214439 0.783178 -0.273401
v -1.226686 0.783178 -0.273401
v -1.226686 0.783178 -0.273401
v -1.214439 2.439217 -0.204181
v -1.214439 2.439217 -0.204181
v -1.214439 0.844013 -0.204181
v -1.214439 0.844013 -0.204181
v -1.214439 0.240414 0.041401
v -1.214439 0.240414 0.041401
v -1.214439 0.240414 -0.204181
v -1.214439 0.240414 -0.204181
v -1.226686 0.824134 -0.273401
v -1.226686 0.824134 -0.273401
v -1.214439 0.824134 -0.273401
v -1.214439 0.824134 -0.273401
v -1.198117 2.426130 -0.196767
v -1.198117 2.426130 -0.196767
v -1.198117 0.857100 -0.196767
v -1.198117 0.857100 -0.196767
v -1.198117 0.246122 0.031451
v -1.198117 0.246122 0.031451
v -1.198117 0.246122 -0.196767
v -1.198117 0.246122 -0.196767
v -1.214439 0.764013 -0.204181
v -1.214439 0.764013 -0.204181
v -1.198117 0.758304 -0.196767
v -1.198117 0.758304 -0.196767
v -1.237761 0.162578 -0.273401
v -1.233579 0.164436 -0.273401
v -1.214439 0.190414 -0.273401
v -1.214439 0.190414 -0.273401
v -1.227396 0.190032 -0.273401
v -1.227396 0.190032 -0.273401
v -1.227396 2.489217 -0.273401
v -1.227396 2.489217 -0.273401
v -1.214439 2.489217 -0.273401
v -1.214439 2.489217 -0.273401
v -1.237761 2.516671 -0.273401
v -1.233579 2.514813 -0.273401
v -1.230261 2.511918 -0.273401
v -1.228130 2.508271 -0.273401
v -1.227396 2.504227 -0.273401
v -1.261020 2.553350 -0.273401
v -1.261020 2.553350 -0.273401
v -1.261020 2.613690 -0.273401
v -1.261020 2.613690 -0.273401
v -1.243401 2.521774 -0.273401
v -1.243015 2.520023 -0.273401
v -1.241915 2.518450 -0.273401
v -1.240269 2.517296 -0.273401
v -1.238327 2.516736 -0.273401
v -1.255699 2.553350 -0.273401
v -1.250993 2.552525 -0.273401
v -1.247003 2.550174 -0.273401
v -1.244337 2.546656 -0.273401
v -1.243401 2.542506 -0.273401
v -1.230261 0.167331 -0.273401
v -1.228130 0.170979 -0.273401
v -1.227396 0.175022 -0.273401
v -1.261020 0.125899 -0.273401
v -1.261020 0.125899 -0.273401
v -1.243401 0.157475 -0.273401
v -1.243015 0.159226 -0.273401
v -1.241915 0.160799 -0.273401
v -1.240269 0.161953 -0.273401
v -1.238327 0.162513 -0.273401
v -1.255699 0.125899 -0.273401
v -1.250993 0.126724 -0.273401
v -1.247003 0.129075 -0.273401
v -1.244337 0.132593 -0.273401
v -1.243401 0.136743 -0.273401
v -1.214439 0.764013 0.105723
v -1.214439 0.764013 0.105723
v -1.214439 0.240414 0.105723
v -1.214439 0.240414 0.105723
v -1.244337 2.546656 0.151480
v -1.243401 2.542506 0.150918
v -1.247003 2.550174 0.153082
v -1.240269 2.517296 0.149077
v -1.238327 2.516736 0.147936
v -1.238327 2.516736 0.147936
v -1.241915 2.518450 0.150045
v -1.243015 2.520023 0.150691
v -1.243401 2.521774 0.150918
v -1.261020 2.553350 0.161500
v -1.261020 2.553350 0.161500
v -1.228130 2.508271 0.141943
v -1.227396 2.504227 0.141233
v -1.230261 2.511918 0.143195
v -1.233579 2.514813 0.145146
v -1.233579 2.514813 0.145146
v -1.237761 2.516671 0.147603
v -1.237761 2.516671 0.147603
v -1.227396 2.489217 0.141233
v -1.227396 2.489217 0.141233
v -1.198117 0.246122 0.105723
v -1.198117 0.246122 0.105723
v -1.140936 0.303303 0.114696
v -1.140936 0.303303 0.114696
v -1.140936 0.701124 0.114696
v -1.140936 0.701124 0.114696
v -1.247003 0.129075 0.137777
v -1.243401 0.136743 0.134870
v -1.244337 0.132593 0.135626
v -1.233579 0.164436 0.127112
v -1.233579 0.164436 0.127112
v -1.237761 0.162578 0.130415
v -1.237761 0.162578 0.130415
v -1.228130 0.170978 0.122808
v -1.230261 0.167331 0.124491
v -1.241915 0.160799 0.133696
v -1.243015 0.159226 0.134565
v -1.238327 0.162513 0.130862
v -1.238327 0.162513 0.130862
v -1.240269 0.161953 0.132396
v -1.240269 0.161953 0.132396
v -1.227396 0.175022 0.122229
v -1.243401 0.157475 0.134870
v -1.238327 0.162513 0.130862
v -1.238327 0.162513 0.130862
v -1.238327 0.162513 0.130862
v -1.214439 2.439217 0.041401
v -1.214439 2.439217 0.041401
v -1.214439 0.844013 0.042894
v -1.214439 0.844013 0.042894
v -1.214439 0.764013 0.041401
v -1.214439 0.764013 0.041401
v -1.198117 2.426130 0.031451
v -1.198117 2.426130 0.031451
v -1.198117 0.857100 0.031451
v -1.198117 0.857100 0.031451
v -1.198117 0.758304 0.031451
v -1.198117 0.758304 0.031451
v -1.214439 2.439217 0.105723
v -1.214439 2.439217 0.105723
v -1.193332 0.902580 0.109595
v -1.193332 0.902580 0.109595
v -0.714928 0.902580 0.105737
v -0.714928 0.902580 0.105737
v -1.177115 2.374109 0.105710
v -1.177115 2.374109 0.105710
v -0.714928 2.374113 0.105749
v -0.714928 2.374113 0.105749
v -1.194614 0.902157 -0.216834
v -1.194614 0.902157 -0.216834
v -0.716210 0.902157 -0.220692
v -0.716210 0.902157 -0.220692
v -1.178397 2.373686 -0.220719
v -1.178397 2.373686 -0.220719
v -0.716210 2.373691 -0.220680
v -0.716210 2.373691 -0.220680
v -1.158403 1.692278 0.108003
v -1.158403 1.692278 0.108003
v -1.158403 1.590961 0.108003
v -1.158403 1.590961 0.108003
v -1.136147 1.590961 0.108003
v -1.136147 1.590961 0.108003
v -1.136147 1.692278 0.108003
v -1.136147 1.692278 0.108003
v -1.165206 1.700846 0.118214
v -1.165206 1.582393 0.118214
v -1.165410 1.701049 0.117910
v -1.165410 1.582190 0.117910
v -1.165481 1.701120 0.117551
v -1.165481 1.582119 0.117551
v -1.129343 1.582393 0.118214
v -1.129140 1.582190 0.117910
v -1.129068 1.582119 0.117551
v -1.129140 1.701049 0.117910
v -1.129068 1.701120 0.117551
v -1.129343 1.700846 0.118214
v -1.156807 1.692349 0.117914
v -1.156795 1.692278 0.117558
v -1.156795 1.590961 0.117558
v -1.156807 1.590889 0.117914
v -1.156959 1.692553 0.118216
v -1.156959 1.692553 0.118216
v -1.156959 1.590686 0.118216
v -1.156959 1.590686 0.118216
v -1.137754 1.590961 0.117558
v -1.137742 1.590889 0.117914
v -1.137590 1.590686 0.118216
v -1.137590 1.590686 0.118216
v -1.137590 1.692553 0.118216
v -1.137590 1.692553 0.118216
v -1.137742 1.692349 0.117914
v -1.137754 1.692278 0.117558
v -1.165481 1.582119 0.113790
v -1.165481 1.701120 0.113790
v -1.129068 1.701120 0.113790
v -1.129068 1.582119 0.113790
v -0.784570 0.662183 0.114696
v -0.784570 0.662183 0.114696
v -1.101992 0.662180 0.114696
v -1.101992 0.662180 0.114696
v -0.745625 0.701128 0.114696
v -0.745625 0.701128 0.114696
v -0.784570 0.342251 0.105723
v -0.784570 0.342251 0.105723
v -0.784570 0.342251 0.114696
v -0.784570 0.342251 0.114696
v -0.784570 0.662183 0.105723
v -0.784570 0.662183 0.105723
v -1.101992 0.662180 0.105723
v -1.101992 0.662180 0.105723
v -1.140936 0.701124 0.105723
v -1.140936 0.701124 0.105723
v -0.745625 0.701128 0.105723
v -0.745625 0.701128 0.105723
v -0.745625 0.303307 0.114696
v -0.745625 0.303307 0.114696
v -0.745625 0.303307 0.105723
v -0.745625 0.303307 0.105723
v -1.140936 0.303303 0.105723
v -1.140936 0.303303 0.105723
v -1.101992 0.342248 0.105723
v -1.101992 0.342248 0.105723
v -1.101992 0.342248 0.114696
v -1.101992 0.342248 0.114696
vt 0.313628 0.025556
vt 0.322822 0.025544
vt 0.322930 0.103201
vt 0.313736 0.103214
vt 0.218715 0.373294
vt 0.041339 0.359076
vt 0.041816 0.358659
vt 0.367196 0.205689
vt 0.370023 0.205689
vt 0.370023 0.236045
vt 0.367196 0.236045
vt 0.218715 0.006899
vt 0.041816 0.021532
vt 0.041339 0.021116
vt 0.420375 0.386273
vt 0.420375 0.248869
vt 0.428223 0.248869
vt 0.428223 0.386273
vt 0.701688 0.836552
vt 0.844829 0.831810
vt 0.853433 0.840899
vt 0.702013 0.845740
vt 0.044091 0.355395
vt 0.042228 0.357554
vt 0.042228 0.355395
vt 0.284518 0.088581
vt 0.283171 0.086906
vt 0.283269 0.007962
vt 0.284616 0.009637
vt 0.926721 0.643216
vt 0.936783 0.641020
vt 0.934892 0.692537
vt 0.042228 0.024796
vt 0.042228 0.022638
vt 0.040377 0.359433
vt 0.040657 0.359352
vt 0.040657 0.020839
vt 0.040377 0.020759
vt 0.853437 0.862488
vt 0.803686 0.862488
vt 0.800330 0.853467
vt 0.856071 0.853467
vt 0.035412 0.972454
vt 0.056542 0.971200
vt 0.067544 0.977517
vt 0.040730 0.977517
vt 0.035411 0.670516
vt 0.056541 0.670516
vt 0.926721 0.643216
vt 0.926587 0.742566
vt 0.922843 0.739933
vt 0.923598 0.645863
vt 0.038159 0.364617
vt 0.038835 0.364498
vt 0.905373 0.638932
vt 0.926721 0.643216
vt 0.923598 0.645863
vt 0.901281 0.642418
vt 0.040232 0.668008
vt 0.038835 0.015693
vt 0.038159 0.015575
vt 0.329465 0.018401
vt 0.332624 0.018396
vt 0.332732 0.096054
vt 0.329573 0.096058
vt 0.902070 0.744109
vt 0.901281 0.642418
vt 0.923598 0.645863
vt 0.922843 0.739933
vt 0.926587 0.742566
vt 0.936783 0.751303
vt 0.845344 0.558979
vt 0.853433 0.556327
vt 0.797429 0.976962
vt 0.797429 0.862488
vt 0.800330 0.976962
vt 0.322570 0.644807
vt 0.370002 0.645068
vt 0.369907 0.749893
vt 0.322475 0.749632
vt 0.803686 0.970252
vt 0.853437 0.970252
vt 0.856071 0.976962
vt 0.853437 0.970252
vt 0.803686 0.970252
vt 0.805390 0.968788
vt 0.851732 0.968788
vt 0.371761 0.751454
vt 0.320716 0.751259
vt 0.322475 0.749632
vt 0.369907 0.749893
vt 0.853437 0.862488
vt 0.853437 0.970252
vt 0.851732 0.968788
vt 0.851732 0.864106
vt 0.371761 0.643441
vt 0.371761 0.751454
vt 0.369907 0.749893
vt 0.370002 0.645068
vt 0.370002 0.645068
vt 0.322570 0.644807
vt 0.320716 0.643246
vt 0.371761 0.643441
vt 0.851732 0.864106
vt 0.805390 0.864106
vt 0.803686 0.862488
vt 0.853437 0.862488
vt 0.322570 0.644807
vt 0.322475 0.749632
vt 0.320716 0.751259
vt 0.320716 0.643246
vt 0.805390 0.864106
vt 0.805390 0.968788
vt 0.803686 0.970252
vt 0.803686 0.862488
vt 0.433322 0.110071
vt 0.431237 0.110071
vt 0.431237 0.010391
vt 0.433322 0.010391
vt 0.367196 0.205689
vt 0.367196 0.236045
vt 0.364756 0.237938
vt 0.364756 0.207582
vt 0.433322 0.110071
vt 0.433322 0.010391
vt 0.435030 0.012195
vt 0.435030 0.110077
vt 0.228302 0.118327
vt 0.228063 0.029005
vt 0.229623 0.026983
vt 0.229861 0.118318
vt 0.293162 0.092779
vt 0.289951 0.092775
vt 0.290049 0.013831
vt 0.293260 0.013835
vt 0.229861 0.118318
vt 0.229623 0.026983
vt 0.231533 0.026978
vt 0.231771 0.118313
vt 0.257079 0.118094
vt 0.257051 0.009530
vt 0.258973 0.007148
vt 0.258974 0.118079
vt 0.238215 0.118246
vt 0.238019 0.022607
vt 0.239720 0.020468
vt 0.239884 0.118229
vt 0.309359 0.104244
vt 0.307797 0.102232
vt 0.307797 0.023074
vt 0.309359 0.025087
vt 0.333974 0.018092
vt 0.334082 0.095749
vt 0.399311 0.194344
vt 0.399311 0.167000
vt 0.400176 0.167624
vt 0.400176 0.194808
vt 0.401009 0.168120
vt 0.401009 0.195177
vt 0.401808 0.168438
vt 0.401808 0.195414
vt 0.402585 0.168548
vt 0.402585 0.195443
vt 0.236578 0.118263
vt 0.236363 0.024441
vt 0.234964 0.118280
vt 0.234736 0.025830
vt 0.233365 0.118297
vt 0.233129 0.026687
vt 0.040738 0.359343
vt 0.305465 0.102232
vt 0.304088 0.101979
vt 0.304088 0.022821
vt 0.305465 0.023074
vt 0.246893 0.118160
vt 0.246800 0.015237
vt 0.249709 0.015234
vt 0.249801 0.118157
vt 0.175614 0.726481
vt 0.319599 0.726481
vt 0.319599 0.755106
vt 0.175614 0.755106
vt 0.258974 0.118079
vt 0.258973 0.007148
vt 0.267882 0.007148
vt 0.267882 0.118079
vt 0.396927 0.193706
vt 0.396927 0.166146
vt 0.397407 0.166206
vt 0.397407 0.193751
vt 0.397885 0.166372
vt 0.397885 0.193875
vt 0.398361 0.166620
vt 0.398361 0.194060
vt 0.398835 0.166911
vt 0.398835 0.194277
vt 0.245103 0.118177
vt 0.245005 0.015628
vt 0.243332 0.118194
vt 0.243219 0.016724
vt 0.241590 0.118211
vt 0.241454 0.018399
vt 0.389588 0.192309
vt 0.389588 0.164269
vt 0.390491 0.164988
vt 0.390491 0.192844
vt 0.391367 0.165597
vt 0.391367 0.193297
vt 0.392202 0.166004
vt 0.392202 0.193600
vt 0.393007 0.166146
vt 0.393007 0.193706
vt 0.255224 0.118110
vt 0.255169 0.011810
vt 0.253400 0.118126
vt 0.253325 0.013657
vt 0.251597 0.118141
vt 0.251509 0.014833
vt 0.363033 0.854287
vt 0.637426 0.854287
vt 0.630073 0.860871
vt 0.370385 0.860871
vt 0.836775 0.826371
vt 0.838215 0.564070
vt 0.841968 0.561456
vt 0.841063 0.829169
vt 0.841063 0.829169
vt 0.841968 0.561456
vt 0.845344 0.558979
vt 0.844829 0.831810
vt 0.844829 0.831810
vt 0.701688 0.836552
vt 0.701596 0.834120
vt 0.841063 0.829169
vt 0.841063 0.829169
vt 0.701596 0.834120
vt 0.705599 0.831311
vt 0.836775 0.826371
vt 0.838215 0.564070
vt 0.708278 0.555103
vt 0.703838 0.552119
vt 0.841968 0.561456
vt 0.841968 0.561456
vt 0.703838 0.552119
vt 0.704009 0.549711
vt 0.845344 0.558979
vt 0.067544 0.658427
vt 0.826369 0.815370
vt 0.826964 0.575056
vt 0.838215 0.564070
vt 0.836775 0.826371
vt 0.716759 0.819091
vt 0.705599 0.831311
vt 0.718958 0.567279
vt 0.708278 0.555103
vt 0.637426 0.854287
vt 0.637426 0.976588
vt 0.630073 0.970004
vt 0.630073 0.860871
vt 0.637426 0.976588
vt 0.363033 0.976588
vt 0.370385 0.970004
vt 0.630073 0.970004
vt 0.363033 0.976588
vt 0.363033 0.854287
vt 0.370385 0.860871
vt 0.370385 0.970004
vt 0.708278 0.555103
vt 0.705599 0.831311
vt 0.701596 0.834120
vt 0.703838 0.552119
vt 0.551274 0.416348
vt 0.676751 0.416348
vt 0.676751 0.504640
vt 0.562020 0.504640
vt 0.676751 0.115369
vt 0.551274 0.115369
vt 0.551274 0.027078
vt 0.676751 0.027077
vt 0.551274 0.504640
vt 0.452238 0.127068
vt 0.462983 0.115369
vt 0.462983 0.416348
vt 0.452237 0.416348
vt 0.676751 0.416348
vt 0.551274 0.416348
vt 0.551274 0.115369
vt 0.676751 0.115369
vt 0.551274 0.416348
vt 0.462983 0.416348
vt 0.462983 0.115369
vt 0.551274 0.115369
vt 0.463937 0.113888
vt 0.452238 0.012333
vt 0.463937 0.012333
vt 0.452238 0.012333
vt 0.452238 0.127068
vt 0.446912 0.127068
vt 0.446913 0.012333
vt 0.452238 0.127068
vt 0.452237 0.416348
vt 0.446912 0.416348
vt 0.446912 0.127068
vt 0.676751 0.509965
vt 0.562020 0.509965
vt 0.715554 0.705888
vt 0.715930 0.679533
vt 0.709681 0.679425
vt 0.709325 0.705776
vt 0.383151 0.379710
vt 0.383168 0.359502
vt 0.385475 0.362357
vt 0.385075 0.376095
vt 0.398340 0.385505
vt 0.377374 0.385900
vt 0.378469 0.384037
vt 0.397195 0.383844
vt 0.377374 0.353385
vt 0.398340 0.352990
vt 0.397244 0.354853
vt 0.378518 0.355046
vt 0.377374 0.385900
vt 0.377374 0.353385
vt 0.378518 0.355046
vt 0.378469 0.384037
vt 0.392545 0.379387
vt 0.383151 0.379710
vt 0.385075 0.376095
vt 0.390238 0.376532
vt 0.383168 0.359502
vt 0.392562 0.359179
vt 0.390638 0.362795
vt 0.385475 0.362357
vt 0.398340 0.352990
vt 0.398340 0.385505
vt 0.397195 0.383844
vt 0.397244 0.354853
vt 0.393635 0.358288
vt 0.382119 0.358678
vt 0.380256 0.356410
vt 0.395501 0.356254
vt 0.390638 0.362795
vt 0.390238 0.376532
vt 0.385075 0.376095
vt 0.385475 0.362357
vt 0.382078 0.380602
vt 0.380212 0.382635
vt 0.393595 0.380211
vt 0.395458 0.382479
vt 0.395886 0.355936
vt 0.395839 0.382790
vt 0.396303 0.355599
vt 0.396250 0.383122
vt 0.396768 0.355237
vt 0.396703 0.383480
vt 0.379875 0.356099
vt 0.379464 0.355767
vt 0.396303 0.355599
vt 0.379010 0.355409
vt 0.396768 0.355237
vt 0.379010 0.355409
vt 0.378945 0.383652
vt 0.379464 0.355767
vt 0.379410 0.383291
vt 0.379828 0.382953
vt 0.396250 0.383122
vt 0.379410 0.383291
vt 0.396703 0.383480
vt 0.378945 0.383652
vt 0.392545 0.379387
vt 0.392562 0.359179
vt 0.392819 0.358971
vt 0.392806 0.379573
vt 0.393082 0.358758
vt 0.393058 0.379772
vt 0.393058 0.379772
vt 0.393082 0.358758
vt 0.393351 0.358529
vt 0.393318 0.379986
vt 0.382907 0.359316
vt 0.392819 0.358971
vt 0.382655 0.359117
vt 0.393082 0.358758
vt 0.382395 0.358903
vt 0.382362 0.380361
vt 0.382655 0.359117
vt 0.382631 0.380132
vt 0.382631 0.380132
vt 0.382655 0.359117
vt 0.382907 0.359316
vt 0.382894 0.379918
vt 0.392806 0.379573
vt 0.382894 0.379918
vt 0.393058 0.379772
vt 0.382631 0.380132
vt 0.390238 0.376532
vt 0.390638 0.362795
vt 0.405400 0.109766
vt 0.403594 0.109745
vt 0.403592 0.005543
vt 0.405397 0.006293
vt 0.424256 0.109988
vt 0.422492 0.109958
vt 0.422491 0.008820
vt 0.424256 0.008897
vt 0.373282 0.204148
vt 0.373811 0.203733
vt 0.373811 0.234089
vt 0.373282 0.234504
vt 0.383224 0.200798
vt 0.384226 0.199989
vt 0.384226 0.230345
vt 0.383224 0.231154
vt 0.040141 0.359599
vt 0.040141 0.020593
vt 0.335313 0.017217
vt 0.335421 0.094875
vt 0.302719 0.101250
vt 0.301358 0.100090
vt 0.301358 0.020932
vt 0.302719 0.022092
vt 0.426010 0.009491
vt 0.426010 0.110009
vt 0.427756 0.009966
vt 0.427756 0.110030
vt 0.429497 0.010275
vt 0.429497 0.110051
vt 0.384226 0.199989
vt 0.395587 0.199989
vt 0.395587 0.230345
vt 0.384226 0.230345
vt 0.375917 0.202667
vt 0.379820 0.202667
vt 0.379820 0.233023
vt 0.375917 0.233023
vt 0.415410 0.109851
vt 0.412534 0.109851
vt 0.412532 0.008055
vt 0.415408 0.008055
vt 0.396357 0.731978
vt 0.540342 0.812942
vt 0.540342 0.843839
vt 0.396357 0.843839
vt 0.403594 0.109745
vt 0.395225 0.109746
vt 0.395223 0.005543
vt 0.403592 0.005543
vt 0.336641 0.015756
vt 0.336749 0.093414
vt 0.288579 0.092464
vt 0.287218 0.091578
vt 0.287316 0.012634
vt 0.288677 0.013520
vt 0.337958 0.013730
vt 0.338066 0.091388
vt 0.417184 0.008124
vt 0.417185 0.109878
vt 0.418957 0.008292
vt 0.418958 0.109905
vt 0.420727 0.008535
vt 0.420728 0.109931
vt 0.040738 0.020849
vt 0.307797 0.102232
vt 0.307797 0.023074
vt 0.039983 0.359825
vt 0.039983 0.020367
vt 0.407192 0.006960
vt 0.407194 0.109788
vt 0.408977 0.007528
vt 0.408979 0.109810
vt 0.410755 0.007911
vt 0.410757 0.109831
vt 0.954568 0.753616
vt 0.954568 0.726152
vt 0.962417 0.726152
vt 0.962417 0.753616
vt 0.324136 0.023341
vt 0.325452 0.021224
vt 0.325560 0.098882
vt 0.324244 0.100998
vt 0.417839 0.383926
vt 0.417839 0.248869
vt 0.420375 0.248869
vt 0.420375 0.386273
vt 0.704009 0.549711
vt 0.704229 0.546450
vt 0.952221 0.755503
vt 0.952221 0.728688
vt 0.954568 0.726152
vt 0.954568 0.753616
vt 0.430759 0.248869
vt 0.430759 0.383926
vt 0.428223 0.386273
vt 0.428223 0.248869
vt 0.298604 0.096833
vt 0.297251 0.095216
vt 0.297349 0.016273
vt 0.298657 0.017810
vt 0.563629 0.894153
vt 0.563629 0.941426
vt 0.448554 0.941426
vt 0.447311 0.894153
vt 0.742916 0.862488
vt 0.742916 0.992147
vt 0.734042 0.992147
vt 0.734042 0.853467
vt 0.563629 0.941426
vt 0.563629 0.894153
vt 0.565270 0.892176
vt 0.565211 0.943355
vt 0.795589 0.864106
vt 0.745044 0.864106
vt 0.742916 0.862488
vt 0.797429 0.862488
vt 0.742916 0.992147
vt 0.742916 0.862488
vt 0.745044 0.864106
vt 0.745044 0.992147
vt 0.447317 0.892176
vt 0.565270 0.892176
vt 0.563629 0.894153
vt 0.447311 0.894153
vt 0.797429 0.862488
vt 0.797429 0.976962
vt 0.795589 0.976962
vt 0.795589 0.864106
vt 0.565211 0.943355
vt 0.448593 0.943355
vt 0.448554 0.941426
vt 0.563629 0.941426
vt 0.325452 0.021224
vt 0.326777 0.019639
vt 0.326885 0.097296
vt 0.325560 0.098882
vt 0.964764 0.728688
vt 0.964764 0.758094
vt 0.962417 0.753616
vt 0.962417 0.726152
vt 0.295897 0.093927
vt 0.294535 0.093086
vt 0.294633 0.014142
vt 0.295995 0.014984
vt 0.328115 0.018709
vt 0.328223 0.096367
vt 0.980280 0.493987
vt 0.980030 0.504419
vt 0.873690 0.501876
vt 0.873939 0.491443
vt 0.283171 0.086906
vt 0.273825 0.086894
vt 0.273923 0.007950
vt 0.283269 0.007962
vt 0.039927 0.360077
vt 0.039927 0.020115
vt 0.388582 0.163457
vt 0.388582 0.191705
vt 0.377171 0.191705
vt 0.377171 0.163457
vt 0.712333 0.515121
vt 0.712499 0.511441
vt 0.810351 0.515846
vt 0.810186 0.519526
vt 0.713122 0.412413
vt 0.712818 0.402854
vt 0.810257 0.399753
vt 0.810561 0.409312
vt 0.396291 0.247718
vt 0.404140 0.247720
vt 0.404121 0.345391
vt 0.396273 0.345390
vt 0.980280 0.781611
vt 0.980162 0.789590
vt 0.874035 0.788124
vt 0.874144 0.780633
vt 0.388582 0.191705
vt 0.388582 0.163457
vt 0.405423 0.168548
vt 0.405423 0.195443
vt 0.407874 0.170449
vt 0.407874 0.197401
vt 0.405423 0.195443
vt 0.405423 0.168548
vt 0.926587 0.742566
vt 0.904269 0.747592
vt 0.902070 0.744109
vt 0.922843 0.739933
vt 0.404140 0.247720
vt 0.408616 0.245369
vt 0.408704 0.343040
vt 0.404121 0.345391
vt 0.837053 0.016933
vt 0.925624 0.016932
vt 0.925374 0.079487
vt 0.836803 0.079488
vt 0.300002 0.098592
vt 0.299833 0.019249
vt 0.394407 0.245369
vt 0.396291 0.247718
vt 0.396273 0.345390
vt 0.394388 0.343040
vt 0.905373 0.638932
vt 0.906039 0.635495
vt 0.040232 0.658427
vt 0.373745 0.769512
vt 0.081565 0.771576
vt 0.077943 0.759377
vt 0.383567 0.756224
vt 0.382324 0.231869
vt 0.381452 0.232475
vt 0.381452 0.202119
vt 0.382324 0.201513
vt 0.380621 0.232880
vt 0.380621 0.202524
vt 0.372421 0.235126
vt 0.372421 0.204770
vt 0.371592 0.235619
vt 0.370796 0.235936
vt 0.370796 0.205580
vt 0.371592 0.205263
vt 0.905961 0.756201
vt 0.904269 0.747592
vt 0.218715 0.113030
vt 0.044091 0.115974
vt 0.044091 0.110085
vt 0.375388 0.233112
vt 0.374861 0.233351
vt 0.374861 0.202995
vt 0.375388 0.202756
vt 0.374335 0.233691
vt 0.374335 0.203335
vt 0.712499 0.511441
vt 0.709617 0.508486
vt 0.807656 0.512759
vt 0.810351 0.515846
vt 0.285865 0.090219
vt 0.285963 0.011275
vt 0.980030 0.504419
vt 0.979889 0.510336
vt 0.876954 0.507873
vt 0.873690 0.501876
vt 0.638013 0.731978
vt 0.638013 0.812942
vt 0.081565 0.771576
vt 0.373745 0.769512
vt 0.368362 0.774644
vt 0.086458 0.775800
vt 0.081849 0.825088
vt 0.081565 0.771576
vt 0.086458 0.775800
vt 0.085995 0.820848
vt 0.373326 0.826569
vt 0.383567 0.844117
vt 0.213311 0.964493
vt 0.264220 0.963843
vt 0.276596 0.967053
vt 0.198001 0.968547
vt 0.263337 0.860775
vt 0.276596 0.850995
vt 0.212091 0.862495
vt 0.200034 0.862337
vt 0.198565 0.853221
vt 0.212091 0.862495
vt 0.263337 0.860775
vt 0.260109 0.864556
vt 0.216133 0.865532
vt 0.263337 0.860775
vt 0.264220 0.963843
vt 0.260202 0.960022
vt 0.260109 0.864556
vt 0.353317 0.072031
vt 0.352139 0.004520
vt 0.354303 0.004482
vt 0.355511 0.073723
vt 0.355511 0.073723
vt 0.354303 0.004482
vt 0.356810 0.004438
vt 0.358018 0.073679
vt 0.362891 0.074740
vt 0.361663 0.004388
vt 0.362891 0.004377
vt 0.376246 0.076539
vt 0.376246 0.004475
vt 0.377504 0.004481
vt 0.377504 0.077077
vt 0.377504 0.077077
vt 0.377504 0.004481
vt 0.387577 0.004481
vt 0.387577 0.077077
vt 0.367819 0.075278
vt 0.367819 0.004441
vt 0.371280 0.004441
vt 0.371280 0.075278
vt 0.298683 0.017788
vt 0.301358 0.020932
vt 0.299833 0.019249
vt 0.297349 0.016273
vt 0.298683 0.017788
vt 0.298657 0.017810
vt 0.964764 0.649654
vt 0.964764 0.725035
vt 0.962417 0.725035
vt 0.962417 0.645069
vt 0.042331 0.115974
vt 0.042331 0.110085
vt 0.338066 0.091388
vt 0.339166 0.089625
vt 0.340658 0.087588
vt 0.085995 0.820848
vt 0.368754 0.821663
vt 0.373326 0.826569
vt 0.081849 0.825088
vt 0.876954 0.507873
vt 0.874144 0.780633
vt 0.872166 0.504083
vt 0.081849 0.825088
vt 0.082778 0.837219
vt 0.078059 0.841621
vt 0.376766 0.080792
vt 0.387152 0.080792
vt 0.387152 0.153514
vt 0.376766 0.153514
vt 0.355303 0.088884
vt 0.357754 0.088925
vt 0.356686 0.153519
vt 0.354235 0.153478
vt 0.353160 0.090491
vt 0.355303 0.088884
vt 0.354235 0.153478
vt 0.352119 0.153443
vt 0.367115 0.084452
vt 0.370624 0.084451
vt 0.370644 0.153546
vt 0.367136 0.153547
vt 0.375509 0.081806
vt 0.376766 0.080792
vt 0.376766 0.153514
vt 0.375514 0.153519
vt 0.362347 0.086863
vt 0.362396 0.153588
vt 0.361232 0.153570
vt 0.343345 0.007592
vt 0.344702 0.007341
vt 0.344702 0.085314
vt 0.343345 0.085562
vt 0.039927 0.017134
vt 0.341997 0.008341
vt 0.341997 0.086311
vt 0.039927 0.363058
vt 0.039409 0.016031
vt 0.039409 0.364160
vt 0.042123 0.022057
vt 0.042123 0.358135
vt 0.340658 0.009618
vt 0.340658 0.087588
vt 0.044091 0.024851
vt 0.037394 0.015575
vt 0.339329 0.011428
vt 0.339166 0.089625
vt 0.037394 0.364617
vt 0.322822 0.025544
vt 0.322930 0.103201
vt 0.039792 0.016537
vt 0.039792 0.363654
vt 0.339329 0.011428
vt 0.339166 0.089625
vt 0.037394 0.006898
vt 0.037394 0.373293
vt 0.346998 0.007341
vt 0.346998 0.085314
vt 0.346998 0.007341
vt 0.348582 0.005359
vt 0.348582 0.083331
vt 0.346998 0.085314
vt 0.796619 0.422435
vt 0.720760 0.424522
vt 0.710156 0.414099
vt 0.807591 0.411084
vt 0.710156 0.414099
vt 0.713122 0.412413
vt 0.810561 0.409312
vt 0.807591 0.411084
vt 0.299833 0.019249
vt 0.298657 0.017810
vt 0.298683 0.017788
vt 0.086458 0.775800
vt 0.368362 0.774644
vt 0.368754 0.821663
vt 0.085995 0.820848
vt 0.264220 0.963843
vt 0.213311 0.964493
vt 0.216576 0.961513
vt 0.260202 0.960022
vt 0.373745 0.769512
vt 0.373326 0.826569
vt 0.368754 0.821663
vt 0.368362 0.774644
vt 0.260109 0.864556
vt 0.260202 0.960022
vt 0.216576 0.961513
vt 0.216133 0.865532
vt 0.361662 0.074290
vt 0.360443 0.004401
vt 0.360443 0.073978
vt 0.359229 0.004414
vt 0.359228 0.073783
vt 0.358018 0.004426
vt 0.366583 0.075230
vt 0.366584 0.004424
vt 0.365350 0.075112
vt 0.365350 0.004408
vt 0.364118 0.074940
vt 0.364119 0.004393
vt 0.374997 0.076060
vt 0.374997 0.004467
vt 0.373754 0.075654
vt 0.373754 0.004458
vt 0.372516 0.075379
vt 0.372516 0.004450
vt 0.954568 0.725035
vt 0.954568 0.645069
vt 0.962417 0.645069
vt 0.962417 0.725035
vt 0.952222 0.725035
vt 0.952221 0.646956
vt 0.954568 0.645069
vt 0.954568 0.725035
vt 0.371850 0.153539
vt 0.371831 0.084236
vt 0.373060 0.153532
vt 0.373044 0.083644
vt 0.374280 0.153525
vt 0.374269 0.082792
vt 0.363560 0.153577
vt 0.363522 0.085970
vt 0.364740 0.153567
vt 0.364711 0.085201
vt 0.365933 0.153557
vt 0.365910 0.084657
vt 0.357814 0.153531
vt 0.358885 0.088784
vt 0.358944 0.153543
vt 0.360026 0.088352
vt 0.360082 0.153556
vt 0.361179 0.087691
vt 0.200550 0.964984
vt 0.807656 0.512759
vt 0.810779 0.513474
vt 0.810351 0.515846
vt 0.810561 0.409312
vt 0.810779 0.410421
vt 0.807591 0.411084
vt 0.197939 0.965030
vt 0.373644 0.844083
vt 0.373661 0.839090
vt 0.319599 0.643246
vt 0.077943 0.726588
vt 0.077943 0.643246
vt 0.216133 0.865532
vt 0.216576 0.961513
vt 0.213311 0.964493
vt 0.212091 0.862495
vt 0.876954 0.507873
vt 0.872186 0.504119
vt 0.873690 0.501876
vt 0.807656 0.512759
vt 0.810779 0.410421
vt 0.810779 0.513474
vt 0.198853 0.862374
vt 0.878726 0.769612
vt 0.977239 0.768871
vt 0.980280 0.781611
vt 0.881386 0.518810
vt 0.976902 0.523140
vt 0.979889 0.510336
vt 0.925374 0.079487
vt 0.925374 0.361485
vt 0.833692 0.361486
vt 0.836803 0.079488
vt 0.925116 0.424040
vt 0.833434 0.424041
vt 0.833692 0.361486
vt 0.925374 0.361485
vt 0.987930 0.079406
vt 0.987930 0.361403
vt 0.925374 0.361485
vt 0.925374 0.079487
vt 0.771140 0.360877
vt 0.774250 0.078880
vt 0.836803 0.079488
vt 0.833692 0.361486
vt 0.360514 0.379462
vt 0.360509 0.359569
vt 0.362874 0.362407
vt 0.362384 0.376749
vt 0.375722 0.385948
vt 0.354795 0.385671
vt 0.355886 0.383864
vt 0.374568 0.384237
vt 0.354775 0.353510
vt 0.375722 0.352990
vt 0.374614 0.354867
vt 0.355911 0.355158
vt 0.354795 0.385671
vt 0.354775 0.353510
vt 0.355911 0.355158
vt 0.355886 0.383864
vt 0.369873 0.379873
vt 0.360514 0.379462
vt 0.362384 0.376749
vt 0.367440 0.376151
vt 0.360509 0.359569
vt 0.369877 0.359233
vt 0.367879 0.362819
vt 0.362874 0.362407
vt 0.375722 0.352990
vt 0.375722 0.385948
vt 0.374568 0.384237
vt 0.374614 0.354867
vt 0.370965 0.358335
vt 0.359473 0.358754
vt 0.357633 0.356507
vt 0.372853 0.356281
vt 0.367879 0.362819
vt 0.367440 0.376151
vt 0.362384 0.376749
vt 0.362874 0.362407
vt 0.359474 0.380275
vt 0.357608 0.382516
vt 0.370953 0.380769
vt 0.372811 0.382826
vt 0.373243 0.355958
vt 0.373195 0.383147
vt 0.373664 0.355618
vt 0.373610 0.383490
vt 0.374133 0.355254
vt 0.374069 0.383860
vt 0.357258 0.356202
vt 0.356850 0.355873
vt 0.373664 0.355618
vt 0.356399 0.355518
vt 0.374133 0.355254
vt 0.356399 0.355518
vt 0.356356 0.383495
vt 0.356850 0.355873
vt 0.356815 0.383147
vt 0.357228 0.382822
vt 0.373610 0.383490
vt 0.356815 0.383147
vt 0.374069 0.383860
vt 0.356356 0.383495
vt 0.369873 0.379873
vt 0.369877 0.359233
vt 0.370139 0.359024
vt 0.370143 0.380076
vt 0.370405 0.358810
vt 0.370403 0.380292
vt 0.370403 0.380292
vt 0.370405 0.358810
vt 0.370677 0.358580
vt 0.370669 0.380524
vt 0.360252 0.359384
vt 0.370139 0.359024
vt 0.360002 0.359186
vt 0.370405 0.358810
vt 0.359744 0.358973
vt 0.359750 0.380055
vt 0.360002 0.359186
vt 0.360010 0.379846
vt 0.360010 0.379846
vt 0.360002 0.359186
vt 0.360252 0.359384
vt 0.360264 0.379651
vt 0.370143 0.380076
vt 0.360264 0.379651
vt 0.370403 0.380292
vt 0.360010 0.379846
vt 0.367440 0.376151
vt 0.367879 0.362819
vt 0.746449 0.684294
vt 0.746449 0.622983
vt 0.807278 0.622983
vt 0.807278 0.684293
vt 0.796406 0.501098
vt 0.744504 0.784477
vt 0.805993 0.786191
vt 0.812266 0.792337
vt 0.734926 0.794211
vt 0.720276 0.498351
vt 0.709617 0.508486
vt 0.743759 0.723776
vt 0.745991 0.782454
vt 0.744504 0.784477
vt 0.741584 0.722183
vt 0.801586 0.725920
vt 0.743759 0.723776
vt 0.741584 0.722183
vt 0.803073 0.723897
vt 0.814563 0.794190
vt 0.733014 0.796566
vt 0.734926 0.794211
vt 0.812266 0.792337
vt 0.814563 0.711807
vt 0.814563 0.794190
vt 0.812266 0.792337
vt 0.812651 0.714163
vt 0.733015 0.714185
vt 0.814563 0.711807
vt 0.812651 0.714163
vt 0.735311 0.716037
vt 0.735311 0.716037
vt 0.741584 0.722183
vt 0.803073 0.723897
vt 0.812651 0.714163
vt 0.803818 0.784598
vt 0.801586 0.725920
vt 0.803073 0.723897
vt 0.805993 0.786191
vt 0.745991 0.782454
vt 0.803818 0.784598
vt 0.805993 0.786191
vt 0.744504 0.784477
vt 0.733014 0.796566
vt 0.733015 0.714185
vt 0.735311 0.716037
vt 0.734926 0.794211
vt 0.313628 0.025556
vt 0.313736 0.103214
vt 0.322930 0.103201
vt 0.322822 0.025544
vt 0.041816 0.358659
vt 0.041339 0.359076
vt 0.367196 0.205689
vt 0.367196 0.236045
vt 0.370023 0.236045
vt 0.370023 0.205689
vt 0.041339 0.021116
vt 0.041816 0.021532
vt 0.420375 0.386273
vt 0.428223 0.386273
vt 0.853433 0.840899
vt 0.844829 0.831810
vt 0.044091 0.355395
vt 0.042228 0.355395
vt 0.042228 0.357554
vt 0.284518 0.088581
vt 0.284616 0.009637
vt 0.283269 0.007962
vt 0.283171 0.086906
vt 0.926721 0.643216
vt 0.934892 0.692537
vt 0.936783 0.641020
vt 0.042228 0.022638
vt 0.042228 0.024796
vt 0.040657 0.359352
vt 0.040377 0.359433
vt 0.040377 0.020759
vt 0.040657 0.020839
vt 0.853437 0.862488
vt 0.856071 0.853467
vt 0.800330 0.853467
vt 0.803686 0.862488
vt 0.035412 0.972454
vt 0.040730 0.977517
vt 0.067544 0.977517
vt 0.056542 0.971200
vt 0.056541 0.670516
vt 0.035411 0.670516
vt 0.926721 0.643216
vt 0.923598 0.645863
vt 0.922843 0.739933
vt 0.926587 0.742566
vt 0.038835 0.364498
vt 0.038159 0.364617
vt 0.905373 0.638932
vt 0.901281 0.642418
vt 0.923598 0.645863
vt 0.926721 0.643216
vt 0.040232 0.668008
vt 0.038159 0.015575
vt 0.038835 0.015693
vt 0.329465 0.018401
vt 0.329573 0.096058
vt 0.332732 0.096054
vt 0.332624 0.018396
vt 0.902070 0.744109
vt 0.922843 0.739933
vt 0.923598 0.645863
vt 0.901281 0.642418
vt 0.926587 0.742566
vt 0.936783 0.751303
vt 0.853433 0.556327
vt 0.845344 0.558979
vt 0.797429 0.862488
vt 0.322570 0.644807
vt 0.322475 0.749632
vt 0.369907 0.749893
vt 0.370002 0.645068
vt 0.803686 0.970252
vt 0.853437 0.970252
vt 0.853437 0.970252
vt 0.851732 0.968788
vt 0.805390 0.968788
vt 0.803686 0.970252
vt 0.371761 0.751454
vt 0.369907 0.749893
vt 0.322475 0.749632
vt 0.320716 0.751259
vt 0.853437 0.862488
vt 0.851732 0.864106
vt 0.851732 0.968788
vt 0.853437 0.970252
vt 0.371761 0.643441
vt 0.370002 0.645068
vt 0.369907 0.749893
vt 0.371761 0.751454
vt 0.370002 0.645068
vt 0.371761 0.643441
vt 0.320716 0.643246
vt 0.322570 0.644807
vt 0.851732 0.864106
vt 0.853437 0.862488
vt 0.803686 0.862488
vt 0.805390 0.864106
vt 0.322570 0.644807
vt 0.320716 0.643246
vt 0.320716 0.751259
vt 0.322475 0.749632
vt 0.805390 0.864106
vt 0.803686 0.862488
vt 0.803686 0.970252
vt 0.805390 0.968788
vt 0.433322 0.010391
vt 0.431237 0.010391
vt 0.367196 0.205689
vt 0.364756 0.207582
vt 0.364756 0.237938
vt 0.367196 0.236045
vt 0.435030 0.012195
vt 0.433322 0.010391
vt 0.229623 0.026983
vt 0.228063 0.029005
vt 0.293162 0.092779
vt 0.293260 0.013835
vt 0.290049 0.013831
vt 0.289951 0.092775
vt 0.231533 0.026978
vt 0.229623 0.026983
vt 0.258973 0.007148
vt 0.257051 0.009530
vt 0.239720 0.020468
vt 0.238019 0.022607
vt 0.309359 0.104244
vt 0.309359 0.025087
vt 0.307797 0.023074
vt 0.307797 0.102232
vt 0.334082 0.095749
vt 0.333974 0.018092
vt 0.399311 0.194344
vt 0.400176 0.194808
vt 0.400176 0.167624
vt 0.399311 0.167000
vt 0.401009 0.195177
vt 0.401009 0.168120
vt 0.401808 0.195414
vt 0.401808 0.168438
vt 0.402585 0.195443
vt 0.402585 0.168548
vt 0.236363 0.024441
vt 0.234736 0.025830
vt 0.233129 0.026687
vt 0.040738 0.359343
vt 0.305465 0.102232
vt 0.305465 0.023074
vt 0.304088 0.022821
vt 0.304088 0.101979
vt 0.249709 0.015234
vt 0.246800 0.015237
vt 0.175614 0.726481
vt 0.175614 0.755106
vt 0.267882 0.007148
vt 0.258973 0.007148
vt 0.396927 0.193706
vt 0.397407 0.193751
vt 0.397407 0.166206
vt 0.396927 0.166146
vt 0.397885 0.193875
vt 0.397885 0.166372
vt 0.398361 0.194060
vt 0.398361 0.166620
vt 0.398835 0.194277
vt 0.398835 0.166911
vt 0.245005 0.015628
vt 0.243219 0.016724
vt 0.241454 0.018399
vt 0.389588 0.192309
vt 0.390491 0.192844
vt 0.390491 0.164988
vt 0.389588 0.164269
vt 0.391367 0.193297
vt 0.391367 0.165597
vt 0.392202 0.193600
vt 0.392202 0.166004
vt 0.393007 0.193706
vt 0.393007 0.166146
vt 0.255169 0.011810
vt 0.253325 0.013657
vt 0.251509 0.014833
vt 0.363033 0.854287
vt 0.370385 0.860871
vt 0.630073 0.860871
vt 0.637426 0.854287
vt 0.836775 0.826371
vt 0.841063 0.829169
vt 0.841968 0.561456
vt 0.838215 0.564070
vt 0.841063 0.829169
vt 0.844829 0.831810
vt 0.845344 0.558979
vt 0.841968 0.561456
vt 0.844829 0.831810
vt 0.841063 0.829169
vt 0.841063 0.829169
vt 0.836775 0.826371
vt 0.705599 0.831311
vt 0.701596 0.834120
vt 0.838215 0.564070
vt 0.841968 0.561456
vt 0.703838 0.552119
vt 0.708278 0.555103
vt 0.841968 0.561456
vt 0.845344 0.558979
vt 0.067544 0.658427
vt 0.826369 0.815370
vt 0.836775 0.826371
vt 0.838215 0.564070
vt 0.826964 0.575056
vt 0.716759 0.819091
vt 0.705599 0.831311
vt 0.708278 0.555103
vt 0.718958 0.567279
vt 0.637426 0.854287
vt 0.630073 0.860871
vt 0.630073 0.970004
vt 0.637426 0.976588
vt 0.637426 0.976588
vt 0.630073 0.970004
vt 0.370385 0.970004
vt 0.363033 0.976588
vt 0.363033 0.976588
vt 0.370385 0.970004
vt 0.370385 0.860871
vt 0.363033 0.854287
vt 0.708278 0.555103
vt 0.703838 0.552119
vt 0.701596 0.834120
vt 0.705599 0.831311
vt 0.551274 0.416348
vt 0.562020 0.504640
vt 0.551274 0.027078
vt 0.551274 0.115369
vt 0.551274 0.504640
vt 0.452238 0.127068
vt 0.452237 0.416348
vt 0.462983 0.416348
vt 0.462983 0.115369
vt 0.551274 0.115369
vt 0.551274 0.416348
vt 0.551274 0.416348
vt 0.551274 0.115369
vt 0.462983 0.115369
vt 0.462983 0.416348
vt 0.463937 0.113888
vt 0.446912 0.127068
vt 0.452238 0.127068
vt 0.452238 0.127068
vt 0.446912 0.127068
vt 0.446912 0.416348
vt 0.452237 0.416348
vt 0.562020 0.509965
vt 0.715554 0.705888
vt 0.715930 0.679533
vt 0.709681 0.679425
vt 0.709325 0.705776
vt 0.383151 0.379710
vt 0.385075 0.376095
vt 0.385475 0.362357
vt 0.383168 0.359502
vt 0.398340 0.385505
vt 0.397195 0.383844
vt 0.378469 0.384037
vt 0.377374 0.385900
vt 0.377374 0.353385
vt 0.378518 0.355046
vt 0.397244 0.354853
vt 0.398340 0.352990
vt 0.377374 0.385900
vt 0.378469 0.384037
vt 0.378518 0.355046
vt 0.377374 0.353385
vt 0.392545 0.379387
vt 0.390238 0.376532
vt 0.385075 0.376095
vt 0.383151 0.379710
vt 0.383168 0.359502
vt 0.385475 0.362357
vt 0.390638 0.362795
vt 0.392562 0.359179
vt 0.398340 0.352990
vt 0.397244 0.354853
vt 0.397195 0.383844
vt 0.398340 0.385505
vt 0.393635 0.358288
vt 0.395501 0.356254
vt 0.380256 0.356410
vt 0.382119 0.358678
vt 0.390638 0.362795
vt 0.385475 0.362357
vt 0.385075 0.376095
vt 0.390238 0.376532
vt 0.380212 0.382635
vt 0.382078 0.380602
vt 0.393595 0.380211
vt 0.395458 0.382479
vt 0.395839 0.382790
vt 0.395886 0.355936
vt 0.396250 0.383122
vt 0.396303 0.355599
vt 0.396703 0.383480
vt 0.396768 0.355237
vt 0.379875 0.356099
vt 0.396303 0.355599
vt 0.379464 0.355767
vt 0.396768 0.355237
vt 0.379010 0.355409
vt 0.378945 0.383652
vt 0.379010 0.355409
vt 0.379410 0.383291
vt 0.379464 0.355767
vt 0.379828 0.382953
vt 0.379410 0.383291
vt 0.396250 0.383122
vt 0.378945 0.383652
vt 0.396703 0.383480
vt 0.392545 0.379387
vt 0.392806 0.379573
vt 0.392819 0.358971
vt 0.392562 0.359179
vt 0.393058 0.379772
vt 0.393082 0.358758
vt 0.393058 0.379772
vt 0.393318 0.379986
vt 0.393351 0.358529
vt 0.393082 0.358758
vt 0.392819 0.358971
vt 0.382907 0.359316
vt 0.393082 0.358758
vt 0.382655 0.359117
vt 0.382395 0.358903
vt 0.382362 0.380361
vt 0.382631 0.380132
vt 0.382655 0.359117
vt 0.382631 0.380132
vt 0.382894 0.379918
vt 0.382907 0.359316
vt 0.382655 0.359117
vt 0.382894 0.379918
vt 0.392806 0.379573
vt 0.382631 0.380132
vt 0.393058 0.379772
vt 0.390638 0.362795
vt 0.390238 0.376532
vt 0.405397 0.006293
vt 0.403592 0.005543
vt 0.424256 0.008897
vt 0.422491 0.008820
vt 0.373282 0.204148
vt 0.373282 0.234504
vt 0.373811 0.234089
vt 0.373811 0.203733
vt 0.383224 0.200798
vt 0.383224 0.231154
vt 0.384226 0.230345
vt 0.384226 0.199989
vt 0.040141 0.359599
vt 0.040141 0.020593
vt 0.335421 0.094875
vt 0.335313 0.017217
vt 0.302719 0.101250
vt 0.302719 0.022092
vt 0.301358 0.020932
vt 0.301358 0.100090
vt 0.426010 0.009491
vt 0.427756 0.009966
vt 0.429497 0.010275
vt 0.384226 0.199989
vt 0.384226 0.230345
vt 0.395587 0.230345
vt 0.395587 0.199989
vt 0.375917 0.202667
vt 0.375917 0.233023
vt 0.379820 0.233023
vt 0.379820 0.202667
vt 0.415408 0.008055
vt 0.412532 0.008055
vt 0.540342 0.843839
vt 0.540342 0.812942
vt 0.403592 0.005543
vt 0.395223 0.005543
vt 0.336749 0.093414
vt 0.336641 0.015756
vt 0.288579 0.092464
vt 0.288677 0.013520
vt 0.287316 0.012634
vt 0.287218 0.091578
vt 0.338066 0.091388
vt 0.337958 0.013730
vt 0.417184 0.008124
vt 0.418957 0.008292
vt 0.420727 0.008535
vt 0.040738 0.020849
vt 0.307797 0.102232
vt 0.307797 0.023074
vt 0.039983 0.359825
vt 0.039983 0.020367
vt 0.407192 0.006960
vt 0.408977 0.007528
vt 0.410755 0.007911
vt 0.954568 0.753616
vt 0.962417 0.753616
vt 0.962417 0.726152
vt 0.954568 0.726152
vt 0.324136 0.023341
vt 0.324244 0.100998
vt 0.325560 0.098882
vt 0.325452 0.021224
vt 0.417839 0.383926
vt 0.420375 0.386273
vt 0.952221 0.755503
vt 0.954568 0.753616
vt 0.954568 0.726152
vt 0.952221 0.728688
vt 0.428223 0.386273
vt 0.430759 0.383926
vt 0.298604 0.096833
vt 0.298657 0.017810
vt 0.297349 0.016273
vt 0.297251 0.095216
vt 0.563629 0.894153
vt 0.563629 0.941426
vt 0.742916 0.862488
vt 0.734042 0.853467
vt 0.563629 0.941426
vt 0.565211 0.943355
vt 0.565270 0.892176
vt 0.563629 0.894153
vt 0.795589 0.864106
vt 0.797429 0.862488
vt 0.742916 0.862488
vt 0.745044 0.864106
vt 0.745044 0.864106
vt 0.742916 0.862488
vt 0.563629 0.894153
vt 0.565270 0.892176
vt 0.797429 0.862488
vt 0.795589 0.864106
vt 0.565211 0.943355
vt 0.563629 0.941426
vt 0.325452 0.021224
vt 0.325560 0.098882
vt 0.326885 0.097296
vt 0.326777 0.019639
vt 0.964764 0.728688
vt 0.962417 0.726152
vt 0.962417 0.753616
vt 0.964764 0.758094
vt 0.295897 0.093927
vt 0.295995 0.014984
vt 0.294633 0.014142
vt 0.294535 0.093086
vt 0.328223 0.096367
vt 0.328115 0.018709
vt 0.980280 0.493987
vt 0.873939 0.491443
vt 0.873690 0.501876
vt 0.980030 0.504419
vt 0.283171 0.086906
vt 0.283269 0.007962
vt 0.273923 0.007950
vt 0.273825 0.086894
vt 0.039927 0.360077
vt 0.039927 0.020115
vt 0.388582 0.163457
vt 0.377171 0.163457
vt 0.377171 0.191705
vt 0.388582 0.191705
vt 0.712333 0.515121
vt 0.810186 0.519526
vt 0.810351 0.515846
vt 0.712499 0.511441
vt 0.713122 0.412413
vt 0.810561 0.409312
vt 0.810257 0.399753
vt 0.712818 0.402854
vt 0.396291 0.247718
vt 0.396273 0.345390
vt 0.404121 0.345391
vt 0.404140 0.247720
vt 0.980280 0.781611
vt 0.874144 0.780633
vt 0.874035 0.788124
vt 0.980162 0.789590
vt 0.388582 0.163457
vt 0.388582 0.191705
vt 0.405423 0.168548
vt 0.405423 0.195443
vt 0.407874 0.170449
vt 0.405423 0.168548
vt 0.405423 0.195443
vt 0.407874 0.197401
vt 0.926587 0.742566
vt 0.922843 0.739933
vt 0.902070 0.744109
vt 0.904269 0.747592
vt 0.404140 0.247720
vt 0.404121 0.345391
vt 0.408704 0.343040
vt 0.408616 0.245369
vt 0.837053 0.016933
vt 0.836803 0.079488
vt 0.925374 0.079487
vt 0.925624 0.016932
vt 0.299833 0.019249
vt 0.300002 0.098592
vt 0.394407 0.245369
vt 0.394388 0.343040
vt 0.396273 0.345390
vt 0.396291 0.247718
vt 0.906039 0.635495
vt 0.905373 0.638932
vt 0.040232 0.658427
vt 0.373745 0.769512
vt 0.383567 0.756224
vt 0.077943 0.759377
vt 0.081565 0.771576
vt 0.382324 0.231869
vt 0.382324 0.201513
vt 0.381452 0.202119
vt 0.381452 0.232475
vt 0.380621 0.232880
vt 0.380621 0.202524
vt 0.372421 0.204770
vt 0.372421 0.235126
vt 0.371592 0.235619
vt 0.371592 0.205263
vt 0.370796 0.205580
vt 0.370796 0.235936
vt 0.905961 0.756201
vt 0.904269 0.747592
vt 0.044091 0.110085
vt 0.044091 0.115974
vt 0.375388 0.233112
vt 0.375388 0.202756
vt 0.374861 0.202995
vt 0.374861 0.233351
vt 0.374335 0.233691
vt 0.374335 0.203335
vt 0.712499 0.511441
vt 0.810351 0.515846
vt 0.807656 0.512759
vt 0.709617 0.508486
vt 0.285963 0.011275
vt 0.285865 0.090219
vt 0.980030 0.504419
vt 0.873690 0.501876
vt 0.876954 0.507873
vt 0.979889 0.510336
vt 0.638013 0.812942
vt 0.638013 0.731978
vt 0.081565 0.771576
vt 0.086458 0.775800
vt 0.368362 0.774644
vt 0.373745 0.769512
vt 0.081849 0.825088
vt 0.085995 0.820848
vt 0.086458 0.775800
vt 0.081565 0.771576
vt 0.373326 0.826569
vt 0.383567 0.844117
vt 0.213311 0.964493
vt 0.198001 0.968547
vt 0.276596 0.967053
vt 0.264220 0.963843
vt 0.276596 0.850995
vt 0.263337 0.860775
vt 0.212091 0.862495
vt 0.198565 0.853221
vt 0.200034 0.862337
vt 0.212091 0.862495
vt 0.216133 0.865532
vt 0.260109 0.864556
vt 0.263337 0.860775
vt 0.263337 0.860775
vt 0.260109 0.864556
vt 0.260202 0.960022
vt 0.264220 0.963843
vt 0.353317 0.072031
vt 0.355511 0.073723
vt 0.354303 0.004482
vt 0.352139 0.004520
vt 0.355511 0.073723
vt 0.358018 0.073679
vt 0.356810 0.004438
vt 0.354303 0.004482
vt 0.362891 0.074740
vt 0.362891 0.004377
vt 0.361663 0.004388
vt 0.376246 0.076539
vt 0.377504 0.077077
vt 0.377504 0.004481
vt 0.376246 0.004475
vt 0.377504 0.077077
vt 0.387577 0.077077
vt 0.387577 0.004481
vt 0.377504 0.004481
vt 0.367819 0.075278
vt 0.371280 0.075278
vt 0.371280 0.004441
vt 0.367819 0.004441
vt 0.298683 0.017788
vt 0.299833 0.019249
vt 0.301358 0.020932
vt 0.297349 0.016273
vt 0.298657 0.017810
vt 0.298683 0.017788
vt 0.964764 0.649654
vt 0.962417 0.645069
vt 0.962417 0.725035
vt 0.964764 0.725035
vt 0.042331 0.110085
vt 0.042331 0.115974
vt 0.338066 0.091388
vt 0.340658 0.087588
vt 0.339166 0.089625
vt 0.085995 0.820848
vt 0.081849 0.825088
vt 0.373326 0.826569
vt 0.368754 0.821663
vt 0.876954 0.507873
vt 0.872166 0.504083
vt 0.874144 0.780633
vt 0.081849 0.825088
vt 0.078059 0.841621
vt 0.082778 0.837219
vt 0.376766 0.080792
vt 0.376766 0.153514
vt 0.387152 0.153514
vt 0.387152 0.080792
vt 0.355303 0.088884
vt 0.354235 0.153478
vt 0.356686 0.153519
vt 0.357754 0.088925
vt 0.353160 0.090491
vt 0.352119 0.153443
vt 0.354235 0.153478
vt 0.355303 0.088884
vt 0.367115 0.084452
vt 0.367136 0.153547
vt 0.370644 0.153546
vt 0.370624 0.084451
vt 0.375509 0.081806
vt 0.375514 0.153519
vt 0.376766 0.153514
vt 0.376766 0.080792
vt 0.362347 0.086863
vt 0.361232 0.153570
vt 0.362396 0.153588
vt 0.343345 0.007592
vt 0.343345 0.085562
vt 0.344702 0.085314
vt 0.344702 0.007341
vt 0.039927 0.017134
vt 0.341997 0.008341
vt 0.341997 0.086311
vt 0.039927 0.363058
vt 0.039409 0.016031
vt 0.039409 0.364160
vt 0.042123 0.022057
vt 0.042123 0.358135
vt 0.340658 0.009618
vt 0.340658 0.087588
vt 0.044091 0.024851
vt 0.037394 0.015575
vt 0.339329 0.011428
vt 0.339166 0.089625
vt 0.037394 0.364617
vt 0.322822 0.025544
vt 0.322930 0.103201
vt 0.039792 0.016537
vt 0.039792 0.363654
vt 0.339166 0.089625
vt 0.339329 0.011428
vt 0.037394 0.006898
vt 0.037394 0.373293
vt 0.346998 0.085314
vt 0.346998 0.007341
vt 0.346998 0.007341
vt 0.346998 0.085314
vt 0.348582 0.083331
vt 0.348582 0.005359
vt 0.796619 0.422435
vt 0.807591 0.411084
vt 0.710156 0.414099
vt 0.720760 0.424522
vt 0.710156 0.414099
vt 0.807591 0.411084
vt 0.810561 0.409312
vt 0.713122 0.412413
vt 0.299833 0.019249
vt 0.298683 0.017788
vt 0.298657 0.017810
vt 0.086458 0.775800
vt 0.085995 0.820848
vt 0.368754 0.821663
vt 0.368362 0.774644
vt 0.264220 0.963843
vt 0.260202 0.960022
vt 0.216576 0.961513
vt 0.213311 0.964493
vt 0.373745 0.769512
vt 0.368362 0.774644
vt 0.368754 0.821663
vt 0.373326 0.826569
vt 0.260109 0.864556
vt 0.216133 0.865532
vt 0.216576 0.961513
vt 0.260202 0.960022
vt 0.360443 0.004401
vt 0.361662 0.074290
vt 0.359229 0.004414
vt 0.360443 0.073978
vt 0.358018 0.004426
vt 0.359228 0.073783
vt 0.366584 0.004424
vt 0.366583 0.075230
vt 0.365350 0.004408
vt 0.365350 0.075112
vt 0.364119 0.004393
vt 0.364118 0.074940
vt 0.374997 0.004467
vt 0.374997 0.076060
vt 0.373754 0.004458
vt 0.373754 0.075654
vt 0.372516 0.004450
vt 0.372516 0.075379
vt 0.954568 0.725035
vt 0.962417 0.725035
vt 0.962417 0.645069
vt 0.954568 0.645069
vt 0.952222 0.725035
vt 0.954568 0.725035
vt 0.954568 0.645069
vt 0.952221 0.646956
vt 0.371850 0.153539
vt 0.371831 0.084236
vt 0.373060 0.153532
vt 0.373044 0.083644
vt 0.374280 0.153525
vt 0.374269 0.082792
vt 0.363560 0.153577
vt 0.363522 0.085970
vt 0.364740 0.153567
vt 0.364711 0.085201
vt 0.365933 0.153557
vt 0.365910 0.084657
vt 0.357814 0.153531
vt 0.358885 0.088784
vt 0.358944 0.153543
vt 0.360026 0.088352
vt 0.360082 0.153556
vt 0.361179 0.087691
vt 0.200550 0.964984
vt 0.807656 0.512759
vt 0.810351 0.515846
vt 0.810779 0.513474
vt 0.810561 0.409312
vt 0.807591 0.411084
vt 0.810779 0.410421
vt 0.197939 0.965030
vt 0.373644 0.844083
vt 0.373661 0.839090
vt 0.077943 0.643246
vt 0.077943 0.726588
vt 0.216133 0.865532
vt 0.212091 0.862495
vt 0.213311 0.964493
vt 0.216576 0.961513
vt 0.876954 0.507873
vt 0.873690 0.501876
vt 0.872186 0.504119
vt 0.807656 0.512759
vt 0.810779 0.513474
vt 0.810779 0.410421
vt 0.198853 0.862374
vt 0.878726 0.769612
vt 0.980280 0.781611
vt 0.977239 0.768871
vt 0.881386 0.518810
vt 0.976902 0.523140
vt 0.979889 0.510336
vt 0.925374 0.079487
vt 0.836803 0.079488
vt 0.833692 0.361486
vt 0.925374 0.361485
vt 0.925116 0.424040
vt 0.925374 0.361485
vt 0.833692 0.361486
vt 0.833434 0.424041
vt 0.987930 0.079406
vt 0.925374 0.079487
vt 0.925374 0.361485
vt 0.987930 0.361403
vt 0.771140 0.360877
vt 0.833692 0.361486
vt 0.836803 0.079488
vt 0.774250 0.078880
vt 0.360514 0.379462
vt 0.362384 0.376749
vt 0.362874 0.362407
vt 0.360509 0.359569
vt 0.375722 0.385948
vt 0.374568 0.384237
vt 0.355886 0.383864
vt 0.354795 0.385671
vt 0.354775 0.353510
vt 0.355911 0.355158
vt 0.374614 0.354867
vt 0.375722 0.352990
vt 0.354795 0.385671
vt 0.355886 0.383864
vt 0.355911 0.355158
vt 0.354775 0.353510
vt 0.369873 0.379873
vt 0.367440 0.376151
vt 0.362384 0.376749
vt 0.360514 0.379462
vt 0.360509 0.359569
vt 0.362874 0.362407
vt 0.367879 0.362819
vt 0.369877 0.359233
vt 0.375722 0.352990
vt 0.374614 0.354867
vt 0.374568 0.384237
vt 0.375722 0.385948
vt 0.370965 0.358335
vt 0.372853 0.356281
vt 0.357633 0.356507
vt 0.359473 0.358754
vt 0.367879 0.362819
vt 0.362874 0.362407
vt 0.362384 0.376749
vt 0.367440 0.376151
vt 0.357608 0.382516
vt 0.359474 0.380275
vt 0.370953 0.380769
vt 0.372811 0.382826
vt 0.373195 0.383147
vt 0.373243 0.355958
vt 0.373610 0.383490
vt 0.373664 0.355618
vt 0.374069 0.383860
vt 0.374133 0.355254
vt 0.357258 0.356202
vt 0.373664 0.355618
vt 0.356850 0.355873
vt 0.374133 0.355254
vt 0.356399 0.355518
vt 0.356356 0.383495
vt 0.356399 0.355518
vt 0.356815 0.383147
vt 0.356850 0.355873
vt 0.357228 0.382822
vt 0.356815 0.383147
vt 0.373610 0.383490
vt 0.356356 0.383495
vt 0.374069 0.383860
vt 0.369873 0.379873
vt 0.370143 0.380076
vt 0.370139 0.359024
vt 0.369877 0.359233
vt 0.370403 0.380292
vt 0.370405 0.358810
vt 0.370403 0.380292
vt 0.370669 0.380524
vt 0.370677 0.358580
vt 0.370405 0.358810
vt 0.370139 0.359024
vt 0.360252 0.359384
vt 0.370405 0.358810
vt 0.360002 0.359186
vt 0.359744 0.358973
vt 0.359750 0.380055
vt 0.360010 0.379846
vt 0.360002 0.359186
vt 0.360010 0.379846
vt 0.360264 0.379651
vt 0.360252 0.359384
vt 0.360002 0.359186
vt 0.360264 0.379651
vt 0.370143 0.380076
vt 0.360010 0.379846
vt 0.370403 0.380292
vt 0.367879 0.362819
vt 0.367440 0.376151
vt 0.746449 0.684294
vt 0.807278 0.684293
vt 0.807278 0.622983
vt 0.746449 0.622983
vt 0.796406 0.501098
vt 0.744504 0.784477
vt 0.734926 0.794211
vt 0.812266 0.792337
vt 0.805993 0.786191
vt 0.720276 0.498351
vt 0.709617 0.508486
vt 0.743759 0.723776
vt 0.741584 0.722183
vt 0.744504 0.784477
vt 0.745991 0.782454
vt 0.801586 0.725920
vt 0.803073 0.723897
vt 0.741584 0.722183
vt 0.743759 0.723776
vt 0.814563 0.794190
vt 0.812266 0.792337
vt 0.734926 0.794211
vt 0.733014 0.796566
vt 0.814563 0.711807
vt 0.812651 0.714163
vt 0.812266 0.792337
vt 0.814563 0.794190
vt 0.733015 0.714185
vt 0.735311 0.716037
vt 0.812651 0.714163
vt 0.814563 0.711807
vt 0.741584 0.722183
vt 0.735311 0.716037
vt 0.812651 0.714163
vt 0.803073 0.723897
vt 0.803818 0.784598
vt 0.805993 0.786191
vt 0.803073 0.723897
vt 0.801586 0.725920
vt 0.745991 0.782454
vt 0.744504 0.784477
vt 0.805993 0.786191
vt 0.803818 0.784598
vt 0.733014 0.796566
vt 0.734926 0.794211
vt 0.735311 0.716037
vt 0.733015 0.714185
vn -0.0011 0.0000 1.0000
vn 0.0000 0.0000 -1.0000
vn 1.0000 0.0000 0.0000
vn 0.9956 0.0935 0.0000
vn 0.9963 0.0855 0.0000
vn 0.0000 0.0000 1.0000
vn 0.0624 0.9945 0.0838
vn 0.0000 1.0000 0.0000
vn 0.0248 0.9994 0.0233
vn 0.4136 0.0000 -0.9105
vn 0.3301 -0.9439 0.0000
vn -0.0011 -0.0621 0.9980
vn -0.0011 -0.0684 0.9977
vn -0.0011 -0.0595 0.9982
vn -0.0011 -0.0715 0.9974
vn 0.8205 0.0000 0.5716
vn -0.8205 0.0000 0.5716
vn 0.0000 -0.8205 0.5716
vn 0.0000 0.8205 0.5716
vn 0.0000 0.0713 0.9974
vn 0.0000 0.0751 0.9972
vn 0.0171 0.9997 0.0159
vn 0.0139 0.9997 0.0200
vn 0.0000 0.9993 0.0379
vn 0.0000 -1.0000 0.0000
vn 0.0000 0.0916 0.9958
vn 0.0000 0.0832 0.9965
vn 0.0000 0.0958 0.9954
vn 0.0000 0.0798 0.9968
vn 0.0000 -0.0751 0.9972
vn 0.0000 -0.0713 0.9974
vn 0.0000 -0.9943 0.1066
vn 0.0247 -0.9994 0.0233
vn 0.0000 -0.9468 0.3216
vn 0.1020 -0.9882 0.1141
vn 0.1175 -0.9812 0.1530
vn 0.0000 -0.9697 0.2443
vn -0.0010 -0.2845 0.9586
vn -0.0010 -0.2199 0.9755
vn 0.2669 -0.9633 0.0285
vn 0.4913 -0.8710 0.0000
vn 0.5748 -0.8182 0.0000
vn 0.7408 -0.6717 0.0000
vn 0.7944 -0.6073 0.0000
vn 0.9282 -0.3721 0.0000
vn 0.9446 -0.3281 0.0000
vn 0.9956 -0.0935 0.0000
vn 0.9961 -0.0886 0.0000
vn 0.0000 -0.7821 0.6232
vn 0.0000 -0.8273 0.5617
vn 0.0000 -0.5521 0.8337
vn 0.0000 -0.5966 0.8025
vn 0.0000 -0.2839 0.9588
vn 0.0000 -0.3108 0.9504
vn 0.0000 0.0669 0.9977
vn 0.0000 0.2504 0.9681
vn 0.0000 0.3103 0.9506
vn 0.0000 0.0750 0.9972
vn 0.0000 -0.0862 0.9962
vn 0.0000 -0.0799 0.9968
vn 0.0000 -0.0959 0.9954
vn 0.0000 -0.0901 0.9959
vn 0.9937 -0.1125 0.0000
vn 0.9948 -0.1021 0.0000
vn 0.9313 -0.3641 0.0000
vn 0.9045 -0.4264 0.0000
vn 0.7479 -0.6638 0.0000
vn 0.6774 -0.7356 0.0000
vn 0.2679 -0.9081 0.3216
vn 0.3859 -0.9225 0.0000
vn 0.0847 -0.9891 0.1201
vn 0.0000 -0.3325 0.9431
vn 0.0000 -0.2892 0.9572
vn 0.0000 -0.6251 0.7805
vn 0.0000 -0.5637 0.8260
vn 0.0000 -0.8587 0.5124
vn 0.0587 -0.9913 0.1174
vn 0.1411 -0.9773 0.1581
vn 0.3441 -0.9379 0.0442
vn 0.6162 -0.7876 0.0000
vn 0.7043 -0.7099 0.0000
vn 0.8893 -0.4573 0.0000
vn 0.9212 -0.3891 0.0000
vn 0.9932 -0.1166 0.0000
vn 0.9944 -0.1058 0.0000
vn 0.0000 -0.9124 0.4093
vn 0.0000 -0.6782 0.7348
vn 0.0000 -0.7349 0.6781
vn 0.0000 -0.3570 0.9341
vn 0.0000 -0.3962 0.9181
vn -1.0000 0.0000 0.0000
vn 0.8847 0.0000 0.4662
vn -0.8847 0.0000 0.4662
vn 0.0000 -0.8846 0.4662
vn 0.0000 0.8846 0.4662
vn -0.8358 0.0000 0.5490
vn 0.9981 0.0000 -0.0613
vn 0.9861 0.0000 -0.1659
vn 0.0000 0.9958 0.0917
vn 0.0000 -0.9958 0.0916
vn -0.9958 0.0000 0.0916
vn 0.0000 -0.9955 0.0947
vn 0.0000 0.9955 0.0947
vn 0.9958 0.0000 0.0916
vn -0.0248 0.0251 0.9994
vn 0.0248 0.0251 0.9994
vn -0.0737 -0.0737 0.9945
vn 0.0737 -0.0737 0.9945
vn 0.0248 -0.0251 0.9994
vn -0.0737 0.0737 0.9945
vn -0.0248 -0.0251 0.9994
vn 0.0737 0.0737 0.9945
vn 0.2485 -0.2485 0.9362
vn 0.2485 0.2484 0.9362
vn 0.7618 0.0000 0.6478
vn 0.9416 0.0000 0.3367
vn -0.2485 -0.2485 0.9362
vn 0.0000 -0.7616 0.6480
vn 0.0000 -0.9415 0.3369
vn -0.9416 0.0000 0.3367
vn -0.7618 0.0000 0.6478
vn -0.2485 0.2484 0.9362
vn 0.0000 0.7616 0.6480
vn 0.0000 0.9415 0.3370
vn -0.9981 0.0000 -0.0613
vn -0.9563 0.0000 0.2923
vn -0.8927 0.0000 0.4505
vn -0.5984 0.0000 0.8012
vn -0.1570 0.1560 0.9752
vn -0.1570 -0.1560 0.9752
vn 0.0000 0.9133 0.4073
vn 0.0000 0.6604 0.7509
vn 0.1570 0.1560 0.9752
vn 0.1570 -0.1560 0.9752
vn 0.5984 0.0000 0.8012
vn 0.8927 0.0000 0.4506
vn 0.9563 0.0000 0.2923
vn 0.0000 -0.9133 0.4073
vn 0.0000 -0.6604 0.7509
vn -0.9861 0.0000 -0.1659
vn 0.0000 0.9943 0.1066
vn 0.0247 0.9994 0.0233
vn 0.0000 0.9468 0.3216
vn 0.0000 0.9697 0.2443
vn 0.1175 0.9812 0.1530
vn 0.1019 0.9882 0.1141
vn 0.0811 0.9922 0.0945
vn 0.1686 0.9616 0.2163
vn -0.0009 -0.5703 0.8214
vn -0.0010 -0.4508 0.8926
vn 0.0000 0.4984 0.8669
vn 0.0000 0.7271 0.6865
vn 0.0000 0.8268 0.5625
vn 0.0000 0.5958 0.8031
vn 0.0000 0.8273 0.5617
vn 0.0000 0.7821 0.6232
vn 0.0000 0.5966 0.8025
vn 0.0000 0.5521 0.8337
vn 0.0000 0.3108 0.9504
vn 0.0000 0.2839 0.9588
vn 0.9948 0.1021 0.0000
vn 0.9932 0.1166 0.0000
vn 0.9945 0.1041 0.0000
vn 0.9935 0.1138 0.0000
vn 0.0000 0.0862 0.9962
vn 0.0000 0.0901 0.9959
vn 0.0000 0.0959 0.9954
vn 0.0000 0.0799 0.9968
vn -0.0005 -0.8528 0.5222
vn -0.0008 -0.7008 0.7134
vn 0.0000 0.3065 0.9519
vn 0.0000 0.6074 0.7943
vn 0.0000 0.7344 0.6787
vn 0.0000 0.3956 0.9184
vn -0.0004 -0.9166 0.3997
vn 0.0000 0.2892 0.9572
vn 0.0000 0.3325 0.9431
vn 0.0000 0.5637 0.8260
vn 0.0000 0.6251 0.7805
vn 0.2679 0.9081 0.3216
vn 0.0000 0.8588 0.5123
vn 0.1411 0.9773 0.1581
vn 0.0000 0.9124 0.4093
vn 0.0000 0.7349 0.6781
vn 0.0000 0.6782 0.7348
vn 0.0000 0.3962 0.9182
vn 0.0000 0.3570 0.9341
vn 0.1634 -0.9781 0.1291
vn 0.0285 -0.9993 0.0250
vn 0.1938 0.9549 0.2248
vn 0.0000 0.8020 0.5973
vn 0.0000 0.9537 0.3008
vn 0.6894 0.0001 0.7244
vn -0.6810 -0.0000 0.7323
vn 0.0000 0.6866 0.7270
vn 0.0000 -0.6866 0.7270
vn 0.0002 -0.8330 0.5533
vn 0.0000 -0.8330 0.5533
vn -0.0003 0.7871 0.6168
vn 0.0000 0.7871 0.6168
vn -0.0008 -0.7131 0.7010
vn -0.0009 -0.4925 0.8703
vn -0.0008 -0.6369 0.7709
vn 0.0000 0.6755 0.7374
vn 0.0000 0.3666 0.9304
vn 0.0000 0.2888 0.9574
vn 0.0000 0.5632 0.8263
vn -0.0010 -0.2343 0.9722
vn -0.0010 -0.3096 0.9509
vn -0.0031 0.7025 0.7117
vn 0.3301 0.9439 0.0000
vn 0.0000 -1.0000 0.0013
vn 0.0000 0.9744 0.2249
vn 0.2213 0.9372 0.2695
vn 0.7155 0.6985 0.0000
vn 0.6162 0.7876 0.0000
vn 0.9258 0.3779 0.0000
vn 0.8893 0.4573 0.0000
vn 0.5851 0.8109 0.0000
vn 0.4913 0.8710 0.0000
vn 0.8016 0.5978 0.0000
vn 0.9484 0.3170 0.0000
vn 0.9282 0.3720 0.0000
vn 0.7408 0.6717 0.0000
vn 0.9011 0.4335 0.0000
vn 0.6688 0.7435 0.0000
vn 0.7478 0.6638 0.0000
vn 0.9313 0.3641 0.0000
vn 0.0000 -0.9281 0.3723
vn 0.1411 0.9772 0.1584
vn 0.0000 -0.8871 0.4615
vn 0.4136 0.0000 0.9105
vn 0.6255 0.7802 0.0000
vn 0.9959 -0.0897 0.0000
vn 0.9955 -0.0943 0.0000
vn 0.3159 -0.9488 -0.0001
vn 0.2542 -0.9671 -0.0001
vn 0.1958 -0.9806 0.0000
vn 0.0867 -0.9962 0.0000
vn 0.9946 -0.1038 0.0000
vn 0.9941 -0.1083 0.0000
vn 0.9938 -0.1107 0.0000
vn 0.9933 -0.1151 0.0000
vn -0.6199 -0.0009 0.7846
vn 0.9861 0.1288 0.1053
vn -0.5079 0.0005 0.8614
vn 0.5481 -0.0004 -0.8364
vn -0.0012 0.0017 1.0000
vn -0.0061 0.0001 1.0000
vn -0.0020 0.0024 1.0000
vn 0.9959 0.0897 0.0000
vn 0.0294 0.9995 0.0000
vn 0.9938 0.1107 0.0000
vn 0.9941 0.1082 0.0000
vn 0.0867 0.9962 0.0000
vn 0.3111 0.9504 -0.0000
vn 0.1956 0.9807 0.0000
vn 0.2541 0.9672 -0.0001
vn -0.0007 -0.1897 0.9818
vn -0.0002 -0.0499 0.9987
vn -0.0003 -0.0559 0.9984
vn -0.0008 -0.2380 0.9713
vn -0.0010 -0.3925 0.9197
vn -0.0009 -0.4883 0.8727
vn -0.0009 -0.6148 0.7887
vn -0.0007 -0.7461 0.6657
vn -0.0006 -0.7970 0.6039
vn -0.0002 -0.9818 0.1899
vn 0.0000 0.7490 0.6626
vn 0.9861 0.1295 0.1039
vn 0.6255 -0.7802 0.0000
vn 0.4913 -0.8709 -0.0001
vn 0.5303 -0.8478 -0.0001
vn 0.7476 -0.6641 0.0000
vn 0.7706 -0.6373 0.0000
vn 0.9290 -0.3700 0.0000
vn 0.9379 -0.3468 0.0000
vn 0.9275 -0.3739 0.0000
vn 0.9156 -0.4020 0.0000
vn 0.7387 -0.6740 0.0000
vn 0.7075 -0.7066 0.0000
vn 0.4780 -0.8784 0.0000
vn 0.4316 -0.9021 0.0000
vn 0.3457 -0.9383 0.0000
vn 0.6269 -0.7791 0.0000
vn 0.6649 -0.7469 0.0000
vn 0.8933 -0.4494 0.0000
vn 0.9068 -0.4215 0.0000
vn 0.9068 0.4216 0.0000
vn 0.6649 0.7469 0.0000
vn 0.3457 0.9383 0.0000
vn 0.4316 0.9021 0.0000
vn 0.4905 0.8714 0.0000
vn 0.7075 0.7067 0.0000
vn 0.7478 0.6639 0.0000
vn 0.9156 0.4019 0.0000
vn 0.9314 0.3641 0.0000
vn 0.9379 0.3468 0.0000
vn 0.7705 0.6373 0.0000
vn 0.5303 0.8478 -0.0001
vn 0.4806 0.8769 -0.0001
vn 0.5205 0.0000 -0.8538
vn -0.0038 0.0012 1.0000
vn -0.0042 -0.0002 1.0000
vn -0.0071 -0.0006 1.0000
vn -0.0005 0.0015 1.0000
vn -0.0012 0.0000 1.0000
vn -0.0002 0.0001 1.0000
vn -0.0041 0.0013 1.0000
vn 0.0000 1.0000 -0.0013
vn 1.0000 0.0000 0.0039
vn -0.9999 -0.0110 -0.0039
vn 0.9981 0.0000 -0.0612
vn 0.0000 0.9958 0.0916
vn -0.0248 0.0250 0.9994
vn 0.0248 0.0250 0.9994
vn 0.2484 -0.2484 0.9362
vn 0.2484 0.2484 0.9362
vn 0.9416 0.0000 0.3368
vn -0.2485 -0.2484 0.9362
vn 0.0000 -0.7617 0.6480
vn 0.0000 -0.9416 0.3368
vn -0.9416 0.0000 0.3368
vn -0.2484 0.2484 0.9362
vn 0.0000 0.9416 0.3368
vn -0.8927 0.0000 0.4506
vn -0.1569 0.1559 0.9752
vn 0.0000 0.9132 0.4074
vn 0.0000 0.6603 0.7510
vn 0.1570 0.1559 0.9752
vn 0.0000 -0.6605 0.7508
vn 0.0011 0.0000 1.0000
vn -0.9963 0.0855 0.0000
vn -0.9956 0.0935 0.0000
vn -0.0624 0.9945 0.0838
vn -0.0248 0.9994 0.0233
vn -0.4136 0.0000 -0.9105
vn -0.3301 -0.9439 0.0000
vn 0.0011 -0.0621 0.9980
vn 0.0011 -0.0715 0.9974
vn 0.0011 -0.0595 0.9982
vn 0.0011 -0.0684 0.9977
vn -0.0171 0.9997 0.0159
vn -0.0139 0.9997 0.0200
vn -0.0247 -0.9994 0.0233
vn -0.1175 -0.9812 0.1530
vn -0.1020 -0.9882 0.1142
vn 0.0010 -0.2199 0.9755
vn 0.0010 -0.2845 0.9586
vn -0.2669 -0.9633 0.0286
vn -0.5748 -0.8182 0.0000
vn -0.4913 -0.8710 0.0000
vn -0.7944 -0.6073 0.0000
vn -0.7408 -0.6717 0.0000
vn -0.9446 -0.3281 0.0000
vn -0.9282 -0.3720 0.0000
vn -0.9961 -0.0886 0.0000
vn -0.9956 -0.0935 0.0000
vn -0.9937 -0.1125 0.0000
vn -0.9045 -0.4264 0.0000
vn -0.9313 -0.3641 0.0000
vn -0.9948 -0.1021 0.0000
vn -0.6774 -0.7356 0.0000
vn -0.7479 -0.6638 0.0000
vn -0.3859 -0.9225 0.0000
vn -0.2679 -0.9081 0.3216
vn -0.0847 -0.9891 0.1202
vn -0.0587 -0.9913 0.1174
vn -0.3441 -0.9379 0.0442
vn -0.1411 -0.9773 0.1581
vn -0.7043 -0.7099 0.0000
vn -0.6162 -0.7876 0.0000
vn -0.9212 -0.3891 0.0000
vn -0.8893 -0.4573 0.0000
vn -0.9944 -0.1058 0.0000
vn -0.9932 -0.1166 0.0000
vn 0.0000 0.8847 0.4662
vn 0.8358 0.0000 0.5490
vn 0.0000 -0.9955 0.0946
vn 0.8927 0.0000 0.4505
vn 0.1570 -0.1559 0.9752
vn -0.1570 -0.1559 0.9752
vn 0.0000 -0.6603 0.7510
vn -0.0247 0.9994 0.0233
vn -0.1019 0.9882 0.1141
vn -0.1175 0.9812 0.1530
vn -0.1686 0.9616 0.2163
vn -0.0811 0.9922 0.0945
vn 0.0010 -0.4508 0.8926
vn 0.0009 -0.5704 0.8214
vn -0.9948 0.1021 0.0000
vn -0.9935 0.1138 0.0000
vn -0.9945 0.1041 0.0000
vn -0.9932 0.1166 0.0000
vn 0.0008 -0.7008 0.7133
vn 0.0005 -0.8528 0.5221
vn 0.0004 -0.9166 0.3997
vn -0.2679 0.9081 0.3216
vn -0.1411 0.9773 0.1581
vn -0.0285 -0.9993 0.0250
vn -0.1634 -0.9781 0.1291
vn -0.1938 0.9549 0.2248
vn -0.6894 0.0001 0.7244
vn 0.6810 -0.0000 0.7323
vn -0.0002 -0.8330 0.5533
vn 0.0003 0.7871 0.6168
vn 0.0008 -0.7131 0.7010
vn 0.0008 -0.6369 0.7709
vn 0.0009 -0.4925 0.8703
vn 0.0010 -0.3096 0.9509
vn 0.0010 -0.2343 0.9722
vn 0.0031 0.7025 0.7117
vn -0.3301 0.9439 0.0000
vn -0.2213 0.9372 0.2695
vn -0.6162 0.7876 0.0000
vn -0.7155 0.6985 0.0000
vn -0.9258 0.3779 0.0000
vn -0.8893 0.4573 0.0000
vn -0.4913 0.8710 0.0000
vn -0.5851 0.8109 0.0000
vn -0.8016 0.5978 0.0000
vn -0.7408 0.6717 0.0000
vn -0.9282 0.3720 0.0000
vn -0.9484 0.3170 0.0000
vn -0.9011 0.4335 0.0000
vn -0.9313 0.3641 0.0000
vn -0.7478 0.6638 0.0000
vn -0.6688 0.7434 0.0000
vn -0.1411 0.9772 0.1584
vn -0.4136 0.0000 0.9105
vn -0.6255 0.7802 0.0000
vn -0.9955 -0.0943 0.0000
vn -0.9959 -0.0897 0.0000
vn -0.3159 -0.9488 -0.0001
vn -0.1958 -0.9806 0.0000
vn -0.2542 -0.9671 -0.0001
vn -0.0867 -0.9962 0.0000
vn -0.9946 -0.1038 0.0000
vn -0.9933 -0.1151 0.0000
vn -0.9938 -0.1107 0.0000
vn -0.9941 -0.1083 0.0000
vn 0.6199 -0.0009 0.7846
vn -0.9861 0.1288 0.1053
vn 0.5079 0.0005 0.8614
vn -0.5481 -0.0004 -0.8364
vn 0.0012 0.0017 1.0000
vn 0.0020 0.0024 1.0000
vn 0.0061 0.0001 1.0000
vn -0.9959 0.0897 0.0000
vn -0.0294 0.9995 0.0000
vn -0.9941 0.1082 0.0000
vn -0.9938 0.1107 0.0000
vn -0.0867 0.9962 0.0000
vn -0.3111 0.9504 -0.0000
vn -0.2541 0.9672 -0.0001
vn -0.1956 0.9807 0.0000
vn 0.0007 -0.1897 0.9818
vn 0.0008 -0.2380 0.9713
vn 0.0003 -0.0559 0.9984
vn 0.0002 -0.0499 0.9987
vn 0.0010 -0.3925 0.9197
vn 0.0009 -0.4883 0.8727
vn 0.0009 -0.6148 0.7887
vn 0.0007 -0.7461 0.6657
vn 0.0006 -0.7970 0.6039
vn 0.0002 -0.9817 0.1901
vn -0.9861 0.1295 0.1039
vn -0.6255 -0.7802 0.0000
vn -0.5303 -0.8478 -0.0001
vn -0.4913 -0.8709 -0.0001
vn -0.7705 -0.6373 0.0000
vn -0.7476 -0.6642 0.0000
vn -0.9379 -0.3468 0.0000
vn -0.9290 -0.3700 0.0000
vn -0.9156 -0.4019 0.0000
vn -0.9275 -0.3738 0.0000
vn -0.7075 -0.7066 0.0000
vn -0.7387 -0.6740 0.0000
vn -0.4315 -0.9021 0.0000
vn -0.4780 -0.8784 0.0000
vn -0.3457 -0.9383 0.0000
vn -0.6649 -0.7469 0.0000
vn -0.6269 -0.7791 0.0000
vn -0.9068 -0.4216 0.0000
vn -0.8933 -0.4494 0.0000
vn -0.9068 0.4216 0.0000
vn -0.6649 0.7469 0.0000
vn -0.3457 0.9383 0.0000
vn -0.4316 0.9021 0.0000
vn -0.4905 0.8714 0.0000
vn -0.7075 0.7066 0.0000
vn -0.7478 0.6639 0.0000
vn -0.9156 0.4019 0.0000
vn -0.9314 0.3641 0.0000
vn -0.9379 0.3468 0.0000
vn -0.7705 0.6373 0.0000
vn -0.5303 0.8478 -0.0001
vn -0.4806 0.8769 -0.0001
vn -0.5205 0.0000 -0.8538
vn 0.0038 0.0012 1.0000
vn 0.0071 -0.0006 1.0000
vn 0.0042 -0.0002 1.0000
vn 0.0005 0.0015 1.0000
vn 0.0012 0.0000 1.0000
vn 0.0002 0.0001 1.0000
vn 0.0041 0.0013 1.0000
vn -1.0000 0.0000 0.0039
vn 0.9999 -0.0110 -0.0039
vn -0.9981 0.0000 -0.0612
vn 0.0000 0.9958 0.0915
vn 0.0000 -0.9958 0.0915
vn -0.2484 -0.2484 0.9362
vn 0.0000 -0.7617 0.6479
vn 0.0000 -0.9416 0.3367
vn -0.1570 0.1559 0.9752
vn 0.0000 -0.9132 0.4074
usemtl None
s 1
f 828/1/1 886/2/1 1209/3/1 830/4/1
f 1344/5/2 1163/6/2 1164/7/2
f 20/8/3 112/9/4 185/10/5 872/11/3
f 1021/12/2 1181/13/2 1153/14/2
f 825/15/6 827/16/6 556/17/6 818/18/6
f 915/19/6 912/20/6 811/21/6 816/22/6
f 1160/23/2 1166/24/2 1158/25/2
f 183/26/7 1007/27/8 1005/28/8 285/29/9
f 5/30/3 130/31/3 812/32/3
f 1021/12/2 1156/33/2 1183/34/2
f 1344/5/2 1174/35/2 1175/36/2
f 1021/12/2 1190/37/2 1189/38/2
f 859/39/6 868/40/6 132/41/6 1050/42/6
f 1039/43/3 3/44/3 1045/45/3 1043/46/3
f 1039/43/3 1105/47/3 2/48/3 3/44/3
f 824/49/10 838/50/10 839/51/10 836/52/10
f 1344/5/2 1176/53/2 1177/54/2
f 820/55/11 823/56/11 835/57/11 832/58/11
f 1103/59/3 2/48/3 1105/47/3
f 1021/12/2 1192/60/2 1191/61/2
f 1092/62/12 1097/63/13 1208/64/14 1201/65/15
f 1083/66/3 834/67/3 7/68/3 840/69/3
f 837/70/3 5/30/3 812/32/3 813/71/3
f 912/20/6 914/72/6 129/73/6 811/21/6
f 1076/74/6 1070/75/6 132/41/6 384/76/6
f 862/77/6 861/78/6 852/79/6 854/80/6
f 868/40/6 847/81/6 384/76/6 132/41/6
f 845/82/6 859/39/6 1050/42/6 554/83/6
f 844/84/16 846/85/16 848/86/16 841/87/16
f 842/88/17 849/89/17 853/90/17 851/91/17
f 858/92/18 15/93/18 843/94/18 855/95/18
f 856/96/19 16/97/19 14/98/19 860/99/19
f 8/100/16 863/101/16 864/102/16 857/103/16
f 10/104/17 865/105/17 867/106/17 9/107/17
f 11/108/18 18/109/18 850/110/18 866/111/18
f 13/112/19 19/113/19 17/114/19 12/115/19
f 381/116/6 525/117/20 1009/118/21 870/119/6
f 869/120/22 873/121/23 1032/122/22 814/123/23
f 871/124/24 869/125/22 814/126/23 815/127/24
f 378/128/25 810/129/25 877/130/25 878/131/25
f 1123/132/26 1115/133/27 1227/134/28 1242/135/29
f 399/136/6 21/137/6 22/138/30 405/139/31
f 430/140/32 34/141/33 888/142/25 889/143/25
f 409/144/34 23/145/35 30/146/36 419/147/37
f 1032/148/22 873/149/23 881/150/22 1034/151/23
f 1097/63/13 1096/152/38 1207/153/39 1208/64/14
f 1102/154/40 23/155/35 879/156/41 1101/157/42
f 1101/157/42 879/156/41 880/158/43 1100/159/44
f 1100/159/44 880/158/43 883/160/45 1098/161/46
f 1098/161/46 883/160/45 884/162/47 1099/163/48
f 23/145/35 409/144/34 408/164/49 24/165/50
f 24/165/50 408/164/49 407/166/51 25/167/52
f 25/167/52 407/166/51 406/168/53 26/169/54
f 26/169/54 406/168/53 405/139/31 22/138/30
f 1344/5/2 1162/170/2 1163/6/2
f 1122/171/55 1118/172/56 1233/173/57 1241/174/58
f 420/175/59 29/176/60 35/177/61 429/178/62
f 829/179/8 591/180/8 892/181/8 890/182/8
f 411/183/6 27/184/6 891/185/6 413/186/6
f 156/187/63 893/188/64 894/189/65 157/190/66
f 157/190/66 894/189/65 895/191/67 158/192/68
f 158/192/68 895/191/67 33/193/69 159/194/70
f 159/194/70 33/193/69 30/195/36 160/196/71
f 29/176/60 420/175/59 423/197/72 31/198/73
f 31/198/73 423/197/72 422/199/74 32/200/75
f 32/200/75 422/199/74 421/201/76 33/202/69
f 33/202/69 421/201/76 419/147/37 30/146/36
f 161/203/77 34/204/33 36/205/78 897/206/79
f 897/206/79 36/205/78 898/207/80 163/208/81
f 163/208/81 898/207/80 899/209/82 164/210/83
f 164/210/83 899/209/82 900/211/84 165/212/85
f 34/141/33 430/140/32 433/213/86 36/214/78
f 36/214/78 433/213/86 432/215/87 37/216/88
f 37/216/88 432/215/87 431/217/89 38/218/90
f 38/218/90 431/217/89 429/178/62 35/177/61
f 925/219/91 923/220/91 937/221/91 938/222/91
f 847/81/6 845/82/6 554/83/6 384/76/6
f 904/223/92 906/224/92 908/225/92 901/226/92
f 902/227/93 909/228/93 913/229/93 911/230/93
f 40/231/94 443/232/94 929/233/94 903/234/94
f 42/235/95 928/236/95 916/237/95 905/238/95
f 47/239/94 935/240/94 933/241/94 910/242/94
f 45/243/95 931/244/95 918/245/95 44/246/95
f 3/44/3 2/48/3 39/247/3 1045/45/3
f 924/248/6 926/249/6 907/250/6 46/251/6
f 920/252/6 924/248/6 46/251/6 67/253/6
f 926/249/6 922/254/6 936/255/6 907/250/6
f 41/256/25 64/257/25 48/258/25 52/259/25
f 919/260/3 921/261/3 940/262/3 939/263/3
f 65/264/8 43/265/8 53/266/8 51/267/8
f 66/268/96 917/269/96 927/270/96 932/271/96
f 943/272/8 1346/273/8 463/274/8 949/275/8
f 1345/276/25 947/277/25 945/278/25 460/279/25
f 943/272/8 949/275/8 941/280/8
f 951/281/2 946/282/2 942/283/2 950/284/2
f 459/285/6 944/286/6 948/287/6 458/288/6
f 56/289/91 57/290/91 58/291/91 59/292/91
f 946/293/2 951/281/2 953/294/2 466/295/2
f 467/296/25 952/297/25 63/298/25 471/299/25
f 61/300/91 60/301/91 62/302/91 954/303/91
f 949/275/8 463/274/8 468/304/8 955/305/8
f 956/306/6 958/307/6 922/254/6 920/252/6
f 958/307/6 960/308/6 936/255/6 922/254/6
f 960/308/6 962/309/6 67/253/6 936/255/6
f 962/309/6 956/306/6 920/252/6 67/253/6
f 999/310/97 82/311/97 969/312/98 970/313/98
f 957/314/8 963/315/8 108/316/99 92/317/99
f 961/318/25 959/319/25 98/320/100 980/321/100
f 54/322/91 55/323/91 103/324/101 982/325/101
f 73/326/102 87/327/102 971/328/25 965/329/25
f 992/330/103 77/331/103 967/332/8 968/333/8
f 50/334/3 49/335/3 976/336/104 977/337/104
f 78/338/105 83/339/106 102/340/107 97/341/108
f 966/342/6 964/343/6 71/344/6 70/345/6
f 83/339/106 88/346/109 107/347/110 102/340/107
f 72/348/111 78/338/105 97/341/108 93/349/112
f 88/346/109 72/348/111 93/349/112 107/347/110
f 93/349/112 97/341/108 99/350/113 96/351/114
f 96/351/114 99/350/113 973/352/115 972/353/115
f 972/353/115 973/352/115 975/354/116 974/355/116
f 974/355/116 975/354/116 977/337/104 976/336/104
f 97/341/108 102/340/107 104/356/117 99/350/113
f 99/350/113 104/356/117 978/357/118 100/358/118
f 100/358/118 978/357/118 979/359/119 101/360/119
f 101/360/119 979/359/119 980/321/100 98/320/100
f 982/325/101 103/324/101 106/361/120 981/362/120
f 981/362/120 106/361/120 105/363/121 983/364/121
f 983/364/121 105/363/121 104/356/117 109/365/122
f 109/365/122 104/356/117 102/340/107 107/347/110
f 107/347/110 93/349/112 96/351/114 109/365/122
f 109/365/122 96/351/114 95/366/123 110/367/123
f 110/367/123 95/366/123 94/368/124 111/369/124
f 111/369/124 94/368/124 92/317/99 108/316/99
f 985/370/125 986/371/125 987/372/126 984/373/126
f 984/373/126 987/372/126 990/374/127 988/375/127
f 989/376/128 991/377/128 81/378/129 74/379/130
f 74/379/130 81/378/129 78/338/105 72/348/111
f 77/331/103 992/330/103 993/380/131 79/381/131
f 79/381/131 993/380/131 994/382/132 80/383/132
f 80/383/132 994/382/132 86/384/133 81/378/129
f 81/378/129 86/384/133 83/339/106 78/338/105
f 88/346/109 83/339/106 86/384/133 91/385/134
f 91/385/134 86/384/133 995/386/135 996/387/135
f 997/388/136 85/389/136 84/390/137 998/391/137
f 998/391/137 84/390/137 82/311/97 999/310/97
f 87/327/102 73/326/102 76/392/138 89/393/138
f 89/393/138 76/392/138 75/394/139 90/395/139
f 90/395/139 75/394/139 74/379/130 91/385/134
f 91/385/134 74/379/130 72/348/111 88/346/109
f 986/371/125 985/370/125 68/396/140 69/397/140
f 550/398/141 1012/399/8 1010/400/8 124/401/142
f 529/402/143 539/403/144 120/404/145 113/405/146
f 113/406/146 120/407/145 176/408/147 180/409/148
f 124/410/142 1010/411/8 1007/412/8 183/413/7
f 1344/5/2 1173/414/2 1174/35/2
f 1021/12/2 1189/38/2 1188/415/2
f 1096/152/38 1095/416/149 1206/417/150 1207/153/39
f 1119/418/151 1117/419/152 1229/420/153 1234/421/154
f 113/405/146 1000/422/155 528/423/156 529/402/143
f 1000/422/155 1001/424/157 527/425/158 528/423/156
f 1001/424/157 1004/426/159 526/427/160 527/425/158
f 1004/426/159 1009/118/21 525/117/20 526/427/160
f 1011/428/3 1015/429/3 1013/430/3 1008/431/3
f 1018/432/161 125/433/162 170/434/163 173/435/164
f 540/436/165 549/437/166 1036/438/167 119/439/168
f 375/440/25 1014/441/25 1016/442/25 1017/443/25
f 531/444/6 533/445/6 118/446/6 117/447/6
f 1095/416/149 1094/448/169 1203/449/170 1206/417/150
f 1116/450/171 1114/451/172 1226/452/173 1228/453/174
f 1344/5/2 1175/36/2 1162/170/2
f 1094/448/169 160/454/71 1204/455/175 1203/449/170
f 119/439/168 1019/456/176 543/457/177 540/436/165
f 1019/456/176 1020/458/178 542/459/179 543/457/177
f 1020/458/178 123/460/180 541/461/181 542/459/179
f 123/460/180 120/404/145 539/403/144 541/461/181
f 1021/12/2 1152/462/2 1190/37/2
f 169/463/6 1122/171/55 1241/174/58 882/464/6
f 1344/5/2 1172/465/2 1173/414/2
f 1021/12/2 1188/415/2 1187/466/2
f 124/401/142 126/467/182 553/468/183 550/398/141
f 126/467/182 1024/469/184 552/470/185 553/468/183
f 1024/469/184 1031/471/186 551/472/187 552/470/185
f 1031/471/186 1036/438/167 549/437/166 551/472/187
f 1041/473/3 826/474/3 131/475/3 1054/476/3
f 161/477/77 897/478/79 896/479/188 279/480/189
f 1046/481/8 1047/482/8 435/483/8 4/484/8
f 914/72/6 444/485/6 555/486/6 129/73/6
f 167/487/8 1046/488/8 4/489/8 166/490/8
f 1048/491/25 1049/492/25 819/493/25 817/494/25
f 176/495/147 172/496/190 1239/497/191 1237/498/192
f 1064/499/6 1063/500/6 569/501/6 573/502/6
f 1072/503/6 572/504/6 377/505/6 133/506/6
f 1062/507/193 1065/508/193 1066/509/193 1059/510/193
f 1060/511/194 1067/512/194 1071/513/194 1069/514/194
f 1073/515/195 138/516/195 1068/517/195 1074/518/195
f 574/519/196 139/520/196 137/521/196 1075/522/196
f 134/523/197 570/524/198 1077/525/198 1061/526/197
f 136/527/199 571/528/200 1078/529/200 135/530/199
f 1070/75/6 1072/503/6 133/506/6 132/41/6
f 162/531/201 1093/532/202 1202/533/203 236/534/201
f 1049/535/25 1056/536/25 146/537/25 819/538/25
f 1344/5/2 1166/24/2 1160/23/2
f 1120/539/204 1121/540/205 1236/541/206 1235/542/207
f 1093/532/202 1091/543/208 1200/544/209 1202/533/203
f 809/545/6 1104/546/6 1107/547/6 1002/548/6
f 175/549/6 187/550/6 1112/551/6 1006/552/6
f 1344/5/2 1171/553/2 1172/465/2
f 1021/12/2 1187/466/2 1186/554/2
f 1091/543/208 1092/62/12 1201/65/15 1200/544/209
f 893/188/64 156/187/63 165/212/85 900/211/84
f 887/555/3 885/556/3 155/557/3 28/558/3
f 1055/559/6 821/560/6 1086/561/6 1057/562/6
f 1028/563/6 1033/564/6 1035/565/6 1025/566/6
f 1042/567/1 1053/568/1 1051/569/1 1081/570/1
f 1040/571/210 1044/572/210 1079/573/210 1037/574/210
f 34/204/33 161/203/77 154/575/25 888/576/25
f 23/155/35 1102/154/40 160/196/71 30/195/36
f 876/577/3 874/578/3 1099/163/48 884/162/47
f 810/579/25 808/580/25 875/581/25 877/582/25
f 1118/172/56 1119/418/151 1234/421/154 1233/173/57
f 1/583/211 1029/584/211 1084/585/211 6/586/211
f 146/587/25 1056/588/25 1058/589/25 1052/590/25
f 1265/591/212 1266/592/212 1274/593/212 1273/594/212
f 1117/419/152 180/595/148 1231/596/213 1229/420/153
f 167/597/8 166/598/8 1082/599/8 1080/600/8
f 5/30/3 822/601/3 168/602/3 130/31/3
f 2/48/3 1103/59/3 140/603/3 39/247/3
f 1128/604/3 1130/605/3 1139/606/3 1161/607/3
f 171/608/214 177/609/215 127/610/216 126/611/182
f 182/612/217 170/434/163 125/433/162 128/613/218
f 180/409/148 186/614/219 114/615/220 113/406/146
f 174/616/221 179/617/222 116/618/223 115/619/224
f 178/620/3 1030/621/3 837/70/3 813/71/3
f 557/622/2 1138/623/2 1125/624/2
f 181/625/225 184/626/226 122/627/227 121/628/228
f 172/629/190 176/408/147 120/407/145 123/630/180
f 1115/133/27 1116/450/171 1228/453/174 1227/134/28
f 177/609/215 182/612/217 128/613/218 127/610/216
f 186/614/219 174/616/221 115/619/224 114/615/220
f 179/617/222 185/10/5 112/9/4 116/618/223
f 144/631/229 833/632/229 1089/633/229 1088/634/229
f 1114/451/172 171/635/214 264/636/230 1226/452/173
f 141/637/231 1106/638/231 1111/639/231 1108/640/231
f 183/413/7 171/608/214 126/611/182 124/410/142
f 173/435/164 181/625/225 121/628/228 1018/432/161
f 184/626/226 172/629/190 123/630/180 122/627/227
f 1014/441/25 375/440/25 1022/641/25 1113/642/25
f 1131/643/232 1129/644/232 1140/645/232 1142/646/232
f 1249/647/233 193/648/233 1143/649/233 1254/650/233
f 1246/651/3 1128/604/3 1161/607/3 269/652/3
f 1250/653/3 1149/654/3 190/655/3 268/656/3
f 1149/654/3 1135/657/3 1155/658/3 190/655/3
f 1133/659/3 1199/660/3 189/661/3
f 1132/662/211 1134/663/211 1146/664/211 1144/665/211
f 195/666/232 1148/667/232 1150/668/232 1147/669/232
f 1003/670/25 194/671/25 1159/672/25 1219/673/25
f 1218/674/3 209/675/3 214/676/234 1212/677/235
f 230/678/236 210/679/237 226/680/238
f 279/681/189 231/682/239 1168/683/25 1210/684/25
f 276/685/3 1167/686/3 1169/687/3 831/688/3
f 278/689/240 222/690/241 235/691/242 239/692/243
f 1245/693/244 1230/694/244 1232/695/244
f 1240/696/245 1244/697/6 1238/698/6
f 1058/699/25 1124/700/25 1126/701/25 1052/702/25
f 1125/624/2 1138/623/2 1136/703/2 1127/704/2
f 1205/705/246 1216/706/246 1215/707/246
f 1255/708/247 1253/709/247 1247/710/247 291/711/247
f 1110/712/248 1038/713/249 1259/714/250
f 1248/715/3 299/716/3 281/717/3
f 284/718/3 286/719/3 1023/720/3 1185/721/3
f 282/722/3 247/723/4 242/724/251 208/725/3
f 1034/726/23 881/727/22 1157/728/252 188/729/252
f 283/730/161 267/731/162 263/732/253 250/733/254
f 285/734/9 1005/735/8 248/736/8 259/737/255
f 1243/738/256 254/739/257 206/740/258
f 171/635/214 183/26/7 285/29/9 264/636/230
f 152/741/259 153/742/260 219/743/261 1211/744/262
f 1121/540/205 1123/132/26 1242/135/29 1236/541/206
f 1021/12/2 1186/554/2 1195/745/2
f 151/746/263 152/741/259 1211/744/262 1213/747/264
f 1344/5/2 1180/748/2 1171/553/2
f 1021/12/2 1193/749/2 1192/60/2
f 1344/5/2 1177/54/2 1178/750/2
f 172/496/190 1120/539/204 1235/542/207 1239/497/191
f 1021/12/2 1182/751/2 1181/13/2
f 1344/5/2 1164/7/2 1165/752/2
f 150/753/265 151/746/263 1213/747/264 1214/754/266
f 1021/12/2 1153/14/2 1152/462/2
f 180/595/148 176/495/147 1237/498/192 1231/596/213
f 557/622/2 1344/5/2 1160/23/2 1138/623/2
f 1021/12/2 557/622/2 1125/624/2 1154/755/2
f 1021/12/2 1191/61/2 1184/756/2
f 149/757/267 150/753/265 1214/754/266 1217/758/267
f 1344/5/2 220/759/2 1176/53/2
f 154/760/25 161/477/77 279/480/189 1210/761/25
f 1021/12/2 1194/762/2 1193/749/2
f 1344/5/2 1178/750/2 1179/763/2
f 1021/12/2 1183/34/2 1182/751/2
f 1344/5/2 1165/752/2 1166/24/2
f 160/454/71 1102/764/40 215/765/268 1204/455/175
f 1021/12/2 1154/755/2 1156/33/2
f 1021/12/2 1184/756/2 249/766/2
f 1344/5/2 1170/767/2 220/759/2
f 153/742/260 148/768/6 275/769/6 219/743/261
f 875/770/25 808/771/25 1003/772/25 1219/773/25
f 1021/12/2 1195/745/2 1194/762/2
f 1344/5/2 1179/763/2 1180/748/2
f 1339/774/6 1337/775/6 1085/776/6 1221/777/6
f 357/778/269 143/779/269 1027/780/269 1220/781/269
f 243/782/270 258/783/6 289/784/6
f 1130/605/3 1248/715/3 281/717/3 1139/606/3
f 200/785/3 1141/786/3 1252/787/3 294/788/3
f 203/789/11 1251/790/11 1256/791/11 1151/792/11
f 192/793/271 290/794/271 293/795/271 199/796/271
f 201/797/3 204/798/3 1257/799/3 1145/800/3
f 210/679/237 230/678/236 216/801/272 211/802/273
f 211/802/273 216/801/272 217/803/274 212/804/275
f 212/804/275 217/803/274 218/805/276 213/806/277
f 213/806/277 218/805/276 1212/677/235 214/676/234
f 222/690/241 278/689/240 227/807/278 223/808/279
f 223/808/279 227/807/278 228/809/280 224/810/281
f 224/810/281 228/809/280 229/811/282 225/812/283
f 225/812/283 229/811/282 230/678/236 226/680/238
f 231/682/239 279/681/189 896/813/188 232/814/284
f 232/814/284 896/813/188 237/815/285 233/816/286
f 233/816/286 237/815/285 238/817/287 234/818/288
f 234/818/288 238/817/287 239/692/243 235/691/242
f 1137/819/3 280/820/3 205/821/3 191/822/3
f 198/823/8 1080/824/8 1082/825/8 197/826/8
f 262/827/289 263/732/253 267/731/162 266/828/218
f 261/829/290 262/827/289 266/828/218 265/830/216
f 260/831/291 261/829/290 265/830/216 264/832/230
f 259/737/255 260/831/291 264/832/230 285/734/9
f 253/833/292 254/739/257 1243/738/256 257/834/293
f 252/835/294 253/833/292 257/834/293 256/836/295
f 251/837/296 252/835/294 256/836/295 255/838/297
f 250/733/254 251/837/296 255/838/297 283/730/161
f 241/839/298 242/724/251 247/723/4 246/840/223
f 240/841/299 241/839/298 246/840/223 245/842/224
f 207/843/300 240/841/299 245/842/224 244/844/301
f 206/740/258 207/843/300 244/844/301 1243/738/256
f 268/656/3 1197/845/3 1250/653/3
f 1090/846/11 1196/847/11 1087/848/11
f 1026/849/211 1198/850/211 359/851/211
f 1135/657/3 1133/659/3 189/661/3 1155/658/3
f 272/852/3 1197/845/3 268/656/3
f 1109/853/3 1258/854/3 269/652/3
f 376/855/8 591/180/8 829/179/8
f 376/855/8 829/179/8 277/856/8 221/857/8
f 1133/659/3 1250/653/3 1197/845/3 1199/660/3
f 1248/715/3 1246/651/3 1258/854/3 299/716/3
f 288/858/302 295/859/302 292/860/302 287/861/302
f 301/862/271 297/863/271 270/864/271
f 356/865/6 1221/777/6 298/866/6 296/867/6
f 189/661/3 1199/660/3 196/868/3
f 269/652/3 1258/854/3 1246/651/3
f 1260/869/303 1262/870/304 300/871/305 1038/713/249
f 1264/872/306 1260/869/303 1038/713/249 1110/712/248
f 1267/873/307 1264/872/306 1110/712/248 302/874/308
f 1262/870/304 1267/873/307 302/874/308 300/871/305
f 1275/875/309 1270/876/309 1268/877/309 1272/878/309
f 1263/879/310 1261/880/310 1269/881/310 1271/882/310
f 145/883/311 142/884/311 304/885/311 306/886/311
f 271/887/312 273/888/312 305/889/312 303/890/312
f 1311/891/313 325/892/313 1281/893/98 1282/894/98
f 307/895/8 309/896/8 351/897/314 335/898/314
f 1315/899/25 308/900/25 341/901/100 1292/902/100
f 1314/903/91 310/904/91 346/905/101 1294/906/101
f 316/907/102 330/908/102 1283/909/25 1277/910/25
f 1304/911/103 320/912/103 1279/913/8 1280/914/8
f 1312/915/3 1313/916/3 1288/917/104 1289/918/104
f 321/919/315 326/920/316 345/921/107 340/922/108
f 1278/923/6 1276/924/6 314/925/6 313/926/6
f 326/920/316 331/927/109 350/928/110 345/921/107
f 315/929/111 321/919/315 340/922/108 336/930/112
f 331/927/109 315/929/111 336/930/112 350/928/110
f 336/930/112 340/922/108 342/931/317 339/932/318
f 339/932/318 342/931/317 1285/933/115 1284/934/115
f 1284/934/115 1285/933/115 1287/935/319 1286/936/319
f 1286/936/319 1287/935/319 1289/918/104 1288/917/104
f 340/922/108 345/921/107 347/937/320 342/931/317
f 342/931/317 347/937/320 1290/938/321 343/939/321
f 343/939/321 1290/938/321 1291/940/322 344/941/322
f 344/941/322 1291/940/322 1292/902/100 341/901/100
f 1294/906/101 346/905/101 349/942/323 1293/943/323
f 1293/943/323 349/942/323 348/944/121 1295/945/121
f 1295/945/121 348/944/121 347/937/320 352/946/324
f 352/946/324 347/937/320 345/921/107 350/928/110
f 350/928/110 336/930/112 339/932/318 352/946/324
f 352/946/324 339/932/318 338/947/123 353/948/123
f 353/948/123 338/947/123 337/949/325 354/950/325
f 354/950/325 337/949/325 335/898/314 351/897/314
f 1297/951/125 1298/952/125 1299/953/126 1296/954/126
f 1296/954/126 1299/953/126 1302/955/326 1300/956/326
f 1301/957/128 1303/958/128 324/959/327 317/960/130
f 317/960/130 324/959/327 321/919/315 315/929/111
f 320/912/103 1304/911/103 1305/961/328 322/962/328
f 322/962/328 1305/961/328 1306/963/329 323/964/329
f 323/964/329 1306/963/329 329/965/330 324/959/327
f 324/959/327 329/965/330 326/920/316 321/919/315
f 331/927/109 326/920/316 329/965/330 334/966/134
f 334/966/134 329/965/330 1307/967/135 1308/968/135
f 1309/969/136 328/970/136 327/971/137 1310/972/137
f 1310/972/137 327/971/137 325/892/313 1311/891/313
f 330/908/102 316/907/102 319/973/138 332/974/138
f 332/974/138 319/973/138 318/975/331 333/976/331
f 333/976/331 318/975/331 317/960/130 334/966/134
f 334/966/134 317/960/130 315/929/111 331/927/109
f 1298/952/125 1297/951/125 311/977/140 312/978/140
f 1326/979/6 1323/980/6 1340/981/6 1328/982/6
f 1331/983/6 1339/774/6 1221/777/6 356/865/6
f 1316/984/6 1318/985/6 1225/986/6 1320/987/6
f 1332/988/6 1331/983/6 356/865/6 355/989/6
f 1322/990/3 1327/991/3 1317/992/3 1325/993/3
f 1341/994/8 361/995/8 369/996/8 1343/997/8
f 1330/998/8 1333/999/8 1321/1000/8 147/1001/8
f 1338/1002/3 367/1003/3 1224/1004/3 1222/1005/3
f 1336/1006/25 365/1007/25 371/1008/25 1335/1009/25
f 1337/775/6 1332/988/6 355/989/6 1085/776/6
f 1320/987/6 1334/1010/6 1324/1011/6 1316/984/6
f 1318/985/6 1342/1012/6 1223/1013/6 1225/986/6
f 1334/1010/6 1223/1013/6 1342/1012/6 1324/1011/6
f 1329/1014/91 364/1015/91 370/1016/91 1319/1017/91
f 363/1018/25 366/1019/25 202/1020/25 274/1021/25
f 362/1022/91 360/1023/91 368/1024/91 358/1025/91
f 1363/1026/332 1365/1027/332 1718/1028/332 1419/1029/332
f 1344/5/2 1673/1030/2 1672/1031/2
f 397/1032/91 1406/1033/91 621/1034/333 520/1035/334
f 1021/12/2 1662/1036/2 1690/1037/2
f 1361/1038/6 1354/1039/6 556/17/6 827/16/6
f 915/19/6 816/22/6 1350/1040/6 1443/1041/6
f 1669/1042/2 1667/1043/2 1675/1044/2
f 619/1045/335 721/1046/336 1525/1047/8 1527/1048/8
f 380/1049/91 1351/1050/91 559/1051/91
f 1021/12/2 1692/1052/2 1665/1053/2
f 1344/5/2 1684/1054/2 1683/1055/2
f 1021/12/2 1698/1056/2 1699/1057/2
f 1394/1058/6 1565/1059/6 561/1060/6 1403/1061/6
f 1556/1062/91 1560/1063/91 1562/1064/91 374/1065/91
f 1556/1062/91 374/1065/91 373/1066/91 1614/1067/91
f 1360/1068/337 1371/1069/337 1374/1070/337 1373/1071/337
f 1344/5/2 1686/1072/2 1685/1073/2
f 1356/1074/338 1367/1075/338 1370/1076/338 1359/1077/338
f 1612/1078/91 1614/1067/91 373/1066/91
f 1021/12/2 1700/1079/2 1701/1080/2
f 1601/1081/339 1710/1082/340 1717/1083/341 1606/1084/342
f 1592/1085/91 1375/1086/91 383/1087/91 1369/1088/91
f 1372/1089/91 1352/1090/91 1351/1050/91 380/1049/91
f 1443/1041/6 1350/1040/6 558/1091/6 1445/1092/6
f 1076/74/6 384/76/6 561/1060/6 1585/1093/6
f 1397/1094/6 1389/1095/6 1387/1096/6 1396/1097/6
f 1403/1061/6 561/1060/6 384/76/6 1382/1098/6
f 1380/1099/6 554/83/6 1565/1059/6 1394/1058/6
f 1379/1100/17 1376/1101/17 1383/1102/17 1381/1103/17
f 1377/1104/16 1386/1105/16 1388/1106/16 1384/1107/16
f 1393/1108/18 1390/1109/18 1378/1110/18 392/1111/18
f 1391/1112/19 1395/1113/19 391/1114/19 393/1115/19
f 385/1116/17 1392/1117/17 1399/1118/17 1398/1119/17
f 387/1120/16 386/1121/16 1402/1122/16 1400/1123/16
f 388/1124/18 1401/1125/18 1385/1126/18 395/1127/18
f 390/1128/19 389/1129/19 394/1130/19 396/1131/19
f 381/116/6 1405/1132/6 1529/1133/21 525/117/20
f 1404/1134/343 1353/1135/344 1549/1136/343 1407/1137/344
f 871/124/24 815/127/24 1353/1138/344 1404/1139/343
f 378/128/25 878/131/25 1411/1140/25 1349/1141/25
f 1632/1142/26 1751/1143/29 1736/1144/28 1624/1145/27
f 399/136/6 405/139/31 400/1146/30 398/1147/6
f 430/140/32 889/143/25 1421/1148/25 424/1149/345
f 409/144/34 419/147/37 415/1150/346 401/1151/347
f 1549/1152/343 1551/1153/344 1414/1154/343 1407/1155/344
f 1606/1084/342 1717/1083/341 1716/1156/348 1605/1157/349
f 1611/1158/350 1610/1159/351 1412/1160/352 401/1161/347
f 1610/1159/351 1609/1162/353 1413/1163/354 1412/1160/352
f 1609/1162/353 1607/1164/355 1416/1165/356 1413/1163/354
f 1607/1164/355 1608/1166/357 1417/1167/358 1416/1165/356
f 401/1151/347 402/1168/50 408/164/49 409/144/34
f 402/1168/50 403/1169/52 407/166/51 408/164/49
f 403/1169/52 404/1170/54 406/168/53 407/166/51
f 404/1170/54 400/1146/30 405/139/31 406/168/53
f 1344/5/2 1672/1031/2 1671/1171/2
f 1631/1172/55 1750/1173/58 1742/1174/57 1627/1175/56
f 420/175/59 429/178/62 425/1176/61 414/1177/60
f 1364/1178/8 1422/1179/8 892/181/8 591/180/8
f 411/183/6 413/186/6 1423/1180/6 410/1181/6
f 592/1182/359 593/1183/360 1425/1184/361 1424/1185/362
f 593/1183/360 594/1186/363 1426/1187/364 1425/1184/361
f 594/1186/363 595/1188/365 418/1189/366 1426/1187/364
f 595/1188/365 596/1190/367 415/1191/346 418/1189/366
f 414/1177/60 416/1192/73 423/197/72 420/175/59
f 416/1192/73 417/1193/75 422/199/74 423/197/72
f 417/1193/75 418/1194/366 421/201/76 422/199/74
f 418/1194/366 415/1150/346 419/147/37 421/201/76
f 597/1195/368 1428/1196/369 426/1197/370 424/1198/345
f 1428/1196/369 599/1199/371 1429/1200/372 426/1197/370
f 599/1199/371 600/1201/373 1430/1202/374 1429/1200/372
f 600/1201/373 601/1203/375 1431/1204/376 1430/1202/374
f 424/1149/345 426/1205/370 433/213/86 430/140/32
f 426/1205/370 427/1206/88 432/215/87 433/213/86
f 427/1206/88 428/1207/90 431/217/89 432/215/87
f 428/1207/90 425/1176/61 429/178/62 431/217/89
f 1454/1208/3 1459/1209/3 1458/1210/3 1452/1211/3
f 1382/1098/6 384/76/6 554/83/6 1380/1099/6
f 1435/1212/93 1432/1213/93 1439/1214/93 1437/1215/93
f 1433/1216/92 1442/1217/92 1444/1218/92 1440/1219/92
f 436/1220/94 1434/1221/94 929/233/94 443/232/94
f 438/1222/377 1436/1223/377 1446/1224/377 930/1225/377
f 447/1226/94 1441/1227/94 934/1228/94 1456/1229/94
f 441/1230/95 440/1231/95 918/245/95 931/244/95
f 374/1065/91 1562/1064/91 434/1232/91 373/1066/91
f 1453/1233/6 446/1234/6 1438/1235/6 1455/1236/6
f 1449/1237/6 475/1238/6 446/1234/6 1453/1233/6
f 1455/1236/6 1438/1235/6 1457/1239/6 1451/1240/6
f 437/1241/25 452/1242/25 448/1243/25 472/1244/25
f 1448/1245/91 1460/1246/91 1461/1247/91 1450/1248/91
f 473/1249/8 451/1250/8 453/1251/8 439/1252/8
f 474/1253/378 445/1254/378 442/1255/378 1447/1256/378
f 1464/1257/8 1470/1258/8 463/274/8 1346/273/8
f 1345/276/25 460/279/25 1466/1259/25 1468/1260/25
f 1464/1257/8 1462/1261/8 1470/1258/8
f 1472/1262/2 1471/1263/2 1463/1264/2 1467/1265/2
f 459/285/6 458/288/6 1469/1266/6 1465/1267/6
f 456/1268/3 462/1269/3 461/1270/3 457/1271/3
f 1467/1272/2 466/295/2 953/294/2 1472/1262/2
f 467/296/25 471/299/25 470/1273/25 1473/1274/25
f 465/1275/3 1474/1276/3 469/1277/3 464/1278/3
f 1470/1258/8 1475/1279/8 468/304/8 463/274/8
f 1476/1280/6 1449/1237/6 1451/1240/6 1478/1281/6
f 1478/1281/6 1451/1240/6 1457/1239/6 1480/1282/6
f 1480/1282/6 1457/1239/6 475/1238/6 1482/1283/6
f 1482/1283/6 475/1238/6 1449/1237/6 1476/1280/6
f 1519/1284/125 1490/1285/140 1489/1286/140 490/1287/125
f 1477/1288/8 500/1289/99 516/1290/99 1483/1291/8
f 1481/1292/25 1500/1293/100 506/1294/100 1479/1295/25
f 454/1296/3 1502/1297/104 511/1298/104 455/1299/3
f 481/1300/379 1485/1301/25 1491/1302/25 495/1303/379
f 1512/1304/103 1488/1305/8 1487/1306/8 485/1307/103
f 450/1308/91 1497/1309/101 1496/1310/101 449/1311/91
f 486/1312/106 505/1313/107 510/1314/108 491/1315/105
f 1486/1316/6 478/1317/6 479/1318/6 1484/1319/6
f 491/1315/105 510/1314/108 515/1320/112 496/1321/111
f 480/1322/109 501/1323/110 505/1313/107 486/1312/106
f 496/1321/111 515/1320/112 501/1323/110 480/1322/109
f 501/1323/110 504/1324/324 507/1325/117 505/1313/107
f 504/1324/324 1492/1326/121 1493/1327/121 507/1325/117
f 1492/1326/121 1494/1328/120 1495/1329/120 1493/1327/121
f 1494/1328/120 1496/1310/101 1497/1309/101 1495/1329/120
f 505/1313/107 507/1325/117 512/1330/113 510/1314/108
f 507/1325/117 508/1331/321 1498/1332/321 512/1330/113
f 508/1331/321 509/1333/119 1499/1334/119 1498/1332/321
f 509/1333/119 506/1294/100 1500/1293/100 1499/1334/119
f 1502/1297/104 1501/1335/116 514/1336/116 511/1298/104
f 1501/1335/116 1503/1337/115 513/1338/115 514/1336/116
f 1503/1337/115 517/1339/318 512/1330/113 513/1338/115
f 517/1339/318 515/1320/112 510/1314/108 512/1330/113
f 515/1320/112 517/1339/318 504/1324/324 501/1323/110
f 517/1339/318 518/1340/123 503/1341/123 504/1324/324
f 518/1340/123 519/1342/124 502/1343/124 503/1341/123
f 519/1342/124 516/1290/99 500/1289/99 502/1343/124
f 1505/1344/97 1504/1345/137 1507/1346/137 1506/1347/97
f 1504/1345/137 1508/1348/380 1510/1349/380 1507/1346/137
f 1509/1350/135 482/1351/381 489/1352/133 1511/1353/135
f 482/1351/381 480/1322/109 486/1312/106 489/1352/133
f 485/1307/103 487/1354/131 1513/1355/131 1512/1304/103
f 487/1354/131 488/1356/132 1514/1357/132 1513/1355/131
f 488/1356/132 489/1352/133 494/1358/129 1514/1357/132
f 489/1352/133 486/1312/106 491/1315/105 494/1358/129
f 496/1321/111 499/1359/382 494/1358/129 491/1315/105
f 499/1359/382 1516/1360/128 1515/1361/128 494/1358/129
f 1517/1362/326 1518/1363/126 492/1364/126 493/1365/326
f 1518/1363/126 1519/1284/125 490/1287/125 492/1364/126
f 495/1303/379 497/1366/138 484/1367/138 481/1300/379
f 497/1366/138 498/1368/383 483/1369/383 484/1367/138
f 498/1368/383 499/1359/382 482/1351/381 483/1369/383
f 499/1359/382 496/1321/111 480/1322/109 482/1351/381
f 1506/1347/97 477/1370/98 476/1371/98 1505/1344/97
f 550/398/141 544/1372/384 1530/1373/8 1012/399/8
f 529/402/143 521/1374/385 535/1375/386 539/403/144
f 521/1376/385 616/1377/387 612/1378/388 535/1379/386
f 544/1380/384 619/1381/335 1527/1382/8 1530/1383/8
f 1344/5/2 1683/1055/2 1682/1384/2
f 1021/12/2 1697/1385/2 1698/1056/2
f 1605/1157/349 1716/1156/348 1715/1386/389 1604/1387/390
f 1628/1388/151 1743/1389/154 1738/1390/153 1626/1391/152
f 521/1374/385 529/402/143 528/423/156 1520/1392/155
f 1520/1392/155 528/423/156 527/425/158 1521/1393/157
f 1521/1393/157 527/425/158 526/427/160 1524/1394/159
f 1524/1394/159 526/427/160 525/117/20 1529/1133/21
f 1531/1395/91 1528/1396/91 1532/1397/91 1534/1398/91
f 1536/1399/391 609/1400/392 606/1401/393 545/1402/394
f 540/436/165 534/1403/168 1553/1404/167 549/437/166
f 375/440/25 1017/443/25 1535/1405/25 1533/1406/25
f 531/444/6 530/1407/6 532/1408/6 533/445/6
f 1604/1387/390 1715/1386/389 1712/1409/395 1603/1410/396
f 1625/1411/171 1737/1412/174 1735/1413/173 1623/1414/172
f 1344/5/2 1671/1171/2 1684/1054/2
f 1603/1410/396 1712/1409/395 1713/1415/397 596/1416/367
f 534/1403/168 540/436/165 543/457/177 1537/1417/176
f 1537/1417/176 543/457/177 542/459/179 1538/1418/178
f 1538/1418/178 542/459/179 541/461/181 538/1419/398
f 538/1419/398 541/461/181 539/403/144 535/1375/386
f 1021/12/2 1699/1057/2 1661/1420/2
f 605/1421/6 1415/1422/6 1750/1173/58 1631/1172/55
f 1344/5/2 1682/1384/2 1681/1423/2
f 1021/12/2 1696/1424/2 1697/1385/2
f 544/1372/384 550/398/141 553/468/183 546/1425/399
f 546/1425/399 553/468/183 552/470/185 1541/1426/184
f 1541/1426/184 552/470/185 551/472/187 1548/1427/186
f 1548/1427/186 551/472/187 549/437/166 1553/1404/167
f 1558/1428/91 1569/1429/91 560/1430/91 1362/1431/91
f 597/1432/368 715/1433/400 1427/1434/401 1428/1435/369
f 1563/1436/8 379/1437/8 435/483/8 1047/482/8
f 1445/1092/6 558/1091/6 555/486/6 444/485/6
f 603/1438/8 602/1439/8 379/1440/8 1563/1441/8
f 1048/491/25 817/494/25 1355/1442/25 1564/1443/25
f 612/1444/388 1746/1445/192 1748/1446/191 608/1447/402
f 1579/1448/6 573/502/6 569/501/6 1578/1449/6
f 1587/1450/6 562/1451/6 377/505/6 572/504/6
f 1577/1452/403 1574/1453/403 1581/1454/403 1580/1455/403
f 1575/1456/404 1584/1457/404 1586/1458/404 1582/1459/404
f 1073/515/195 1074/518/195 1583/1460/195 567/1461/195
f 574/519/196 1075/522/196 566/1462/196 568/1463/196
f 563/1464/405 1576/1465/405 1077/525/198 570/524/198
f 565/1466/406 564/1467/406 1078/529/200 571/528/200
f 1585/1093/6 561/1060/6 562/1451/6 1587/1450/6
f 598/1468/407 672/1469/407 1711/1470/408 1602/1471/409
f 1564/1472/25 1355/1473/25 581/1474/25 1571/1475/25
f 1344/5/2 1669/1042/2 1675/1044/2
f 1629/1476/204 1744/1477/207 1745/1478/206 1630/1479/205
f 1602/1471/409 1711/1470/408 1709/1480/410 1600/1481/411
f 1348/1482/6 1522/1483/6 1616/1484/6 1613/1485/6
f 611/1486/6 1526/1487/6 1621/1488/6 623/1489/6
f 1344/5/2 1681/1423/2 1680/1490/2
f 1021/12/2 1695/1491/2 1696/1424/2
f 1600/1481/411 1709/1480/410 1710/1082/340 1601/1081/339
f 1424/1185/362 1431/1204/376 601/1203/375 592/1182/359
f 1420/1492/91 412/1493/91 590/1494/91 1418/1495/91
f 1570/1496/6 1572/1497/6 1595/1498/6 1357/1499/6
f 1545/1500/6 1542/1501/6 1552/1502/6 1550/1503/6
f 1559/1504/332 1590/1505/332 1566/1506/332 1568/1507/332
f 1557/1508/412 1554/1509/412 1588/1510/412 1561/1511/412
f 424/1198/345 1421/1512/25 589/1513/25 597/1195/368
f 401/1161/347 415/1191/346 596/1190/367 1611/1158/350
f 1410/1514/91 1417/1167/358 1608/1166/357 1408/1515/91
f 1349/1516/25 1411/1517/25 1409/1518/25 1347/1519/25
f 1627/1175/56 1742/1174/57 1743/1389/154 1628/1388/151
f 372/1520/413 382/1521/413 1593/1522/413 1546/1523/413
f 581/1524/25 1567/1525/25 1573/1526/25 1571/1527/25
f 1774/1528/212 1782/1529/212 1783/1530/212 1775/1531/212
f 1626/1391/152 1738/1390/153 1740/1532/213 616/1533/387
f 603/1534/8 1589/1535/8 1591/1536/8 602/1537/8
f 380/1049/91 559/1051/91 604/1538/91 1358/1539/91
f 373/1066/91 434/1232/91 575/1540/91 1612/1078/91
f 1637/1541/91 1670/1542/91 1648/1543/91 1639/1544/91
f 607/1545/414 546/1546/399 547/1547/415 613/1548/416
f 618/1549/417 548/1550/418 545/1402/394 606/1401/393
f 616/1377/387 521/1376/385 522/1551/419 622/1552/420
f 610/1553/421 523/1554/422 524/1555/423 615/1556/424
f 614/1557/91 1352/1090/91 1372/1089/91 1547/1558/91
f 557/622/2 1634/1559/2 1647/1560/2
f 617/1561/425 536/1562/426 537/1563/427 620/1564/428
f 608/1565/402 538/1566/398 535/1379/386 612/1378/388
f 1624/1145/27 1736/1144/28 1737/1412/174 1625/1411/171
f 613/1548/416 547/1547/415 548/1550/418 618/1549/417
f 622/1552/420 522/1551/419 523/1554/422 610/1553/421
f 615/1556/424 524/1555/423 520/1035/334 621/1034/333
f 579/1567/229 1597/1568/229 1598/1569/229 1368/1570/229
f 1623/1414/172 1735/1413/173 700/1571/429 607/1572/414
f 576/1573/231 1617/1574/231 1620/1575/231 1615/1576/231
f 619/1381/335 544/1380/384 546/1546/399 607/1545/414
f 609/1400/392 1536/1399/391 536/1562/426 617/1561/425
f 620/1564/428 537/1563/427 538/1566/398 608/1565/402
f 1533/1406/25 1622/1577/25 1539/1578/25 375/440/25
f 1640/1579/430 1651/1580/430 1649/1581/430 1638/1582/430
f 1758/1583/431 1763/1584/431 1652/1585/431 629/1586/431
f 1755/1587/91 705/1588/91 1670/1542/91 1637/1541/91
f 1759/1589/91 704/1590/91 626/1591/91 1658/1592/91
f 1658/1592/91 626/1591/91 1664/1593/91 1644/1594/91
f 1642/1595/91 625/1596/91 1708/1597/91
f 1641/1598/413 1653/1599/413 1655/1600/413 1643/1601/413
f 631/1602/430 1656/1603/430 1659/1604/430 1657/1605/430
f 1523/1606/25 1728/1607/25 1668/1608/25 630/1609/25
f 1727/1610/91 1721/1611/432 650/1612/433 645/1613/91
f 666/1614/434 662/1615/435 646/1616/436
f 715/1617/400 1719/1618/25 1677/1619/25 667/1620/437
f 712/1621/91 1366/1622/91 1678/1623/91 1676/1624/91
f 714/1625/438 675/1626/439 671/1627/440 658/1628/441
f 1754/1629/442 1741/1630/442 1739/1631/442
f 1749/1632/443 1747/1633/6 1753/1634/6
f 1573/1635/25 1567/1636/25 1635/1637/25 1633/1638/25
f 1634/1559/2 1636/1639/2 1645/1640/2 1647/1560/2
f 1714/1641/444 1724/1642/444 1725/1643/444
f 1764/1644/445 727/1645/445 1756/1646/445 1762/1647/445
f 1619/1648/446 1768/1649/447 1555/1650/448
f 1757/1651/91 717/1652/91 735/1653/91
f 720/1654/91 1694/1655/91 1540/1656/91 722/1657/91
f 718/1658/91 644/1659/91 678/1660/449 683/1661/334
f 1551/1662/344 624/1663/450 1666/1664/450 1414/1665/343
f 719/1666/391 686/1667/451 699/1668/452 703/1669/394
f 721/1670/336 695/1671/453 684/1672/8 1525/1673/8
f 1752/1674/454 642/1675/455 690/1676/456
f 607/1572/414 700/1571/429 721/1046/336 619/1045/335
f 587/1677/457 1720/1678/458 655/1679/459 588/1680/460
f 1630/1479/205 1745/1478/206 1751/1143/29 1632/1142/26
f 1021/12/2 1704/1681/2 1695/1491/2
f 586/1682/461 1722/1683/462 1720/1678/458 587/1677/457
f 1344/5/2 1680/1490/2 1689/1684/2
f 1021/12/2 1701/1080/2 1702/1685/2
f 1344/5/2 1687/1686/2 1686/1072/2
f 608/1447/402 1748/1446/191 1744/1477/207 1629/1476/204
f 1021/12/2 1690/1037/2 1691/1687/2
f 1344/5/2 1674/1688/2 1673/1030/2
f 585/1689/463 1723/1690/464 1722/1683/462 586/1682/461
f 1021/12/2 1661/1420/2 1662/1036/2
f 616/1533/387 1740/1532/213 1746/1445/192 612/1444/388
f 557/622/2 1647/1560/2 1669/1042/2 1344/5/2
f 1021/12/2 1663/1691/2 1634/1559/2 557/622/2
f 1021/12/2 1693/1692/2 1700/1079/2
f 584/1693/465 1726/1694/465 1723/1690/464 585/1689/463
f 1344/5/2 1685/1073/2 656/1695/2
f 589/1696/25 1719/1697/25 715/1433/400 597/1432/368
f 1021/12/2 1702/1685/2 1703/1698/2
f 1344/5/2 1688/1699/2 1687/1686/2
f 1021/12/2 1691/1687/2 1692/1052/2
f 1344/5/2 1675/1044/2 1674/1688/2
f 596/1416/367 1713/1415/397 651/1700/466 1611/1701/350
f 1021/12/2 1665/1053/2 1663/1691/2
f 1021/12/2 685/1702/2 1693/1692/2
f 1344/5/2 656/1695/2 1679/1703/2
f 588/1680/460 655/1679/459 711/1704/6 583/1705/6
f 1409/1706/25 1728/1707/25 1523/1708/25 1347/1709/25
f 1021/12/2 1703/1698/2 1704/1681/2
f 1344/5/2 1689/1684/2 1688/1699/2
f 1848/1710/6 1730/1711/6 1594/1712/6 1846/1713/6
f 793/1714/269 1729/1715/269 1544/1716/269 578/1717/269
f 679/1718/467 725/1719/6 694/1720/6
f 1639/1544/91 1648/1543/91 717/1652/91 1757/1651/91
f 636/1721/91 730/1722/91 1761/1723/91 1650/1724/91
f 639/1725/338 1660/1726/338 1765/1727/338 1760/1728/338
f 628/1729/468 635/1730/468 729/1731/468 726/1732/468
f 637/1733/91 1654/1734/91 1766/1735/91 640/1736/91
f 646/1616/436 647/1737/469 652/1738/470 666/1614/434
f 647/1737/469 648/1739/471 653/1740/472 652/1738/470
f 648/1739/471 649/1741/473 654/1742/474 653/1740/472
f 649/1741/473 650/1612/433 1721/1611/432 654/1742/474
f 658/1628/441 659/1743/475 663/1744/476 714/1625/438
f 659/1743/475 660/1745/477 664/1746/478 663/1744/476
f 660/1745/477 661/1747/479 665/1748/480 664/1746/478
f 661/1747/479 662/1615/435 666/1614/434 665/1748/480
f 667/1620/437 668/1749/481 1427/1750/401 715/1617/400
f 668/1749/481 669/1751/482 673/1752/483 1427/1750/401
f 669/1751/482 670/1753/484 674/1754/485 673/1752/483
f 670/1753/484 671/1627/440 675/1626/439 674/1754/485
f 1646/1755/91 627/1756/91 641/1757/91 716/1758/91
f 634/1759/8 633/1760/8 1591/1761/8 1589/1762/8
f 698/1763/486 702/1764/418 703/1669/394 699/1668/452
f 697/1765/487 701/1766/415 702/1764/418 698/1763/486
f 696/1767/488 700/1768/429 701/1766/415 697/1765/487
f 695/1671/453 721/1670/336 700/1768/429 696/1767/488
f 689/1769/489 693/1770/490 1752/1674/454 690/1676/456
f 688/1771/491 692/1772/492 693/1770/490 689/1769/489
f 687/1773/493 691/1774/494 692/1772/492 688/1771/491
f 686/1667/451 719/1666/391 691/1774/494 687/1773/493
f 677/1775/495 682/1776/423 683/1661/334 678/1660/449
f 676/1777/496 681/1778/422 682/1776/423 677/1775/495
f 643/1779/497 680/1780/498 681/1778/422 676/1777/496
f 642/1675/455 1752/1674/454 680/1780/498 643/1779/497
f 704/1590/91 1759/1589/91 1706/1781/91
f 1599/1782/338 1596/1783/338 1705/1784/338
f 1543/1785/413 795/1786/413 1707/1787/413
f 1644/1594/91 1664/1593/91 625/1596/91 1642/1595/91
f 708/1788/91 704/1590/91 1706/1781/91
f 1618/1789/91 705/1588/91 1767/1790/91
f 376/855/8 1364/1178/8 591/180/8
f 376/855/8 657/1791/8 713/1792/8 1364/1178/8
f 1642/1595/91 1708/1597/91 1706/1781/91 1759/1589/91
f 1757/1651/91 735/1653/91 1767/1790/91 1755/1587/91
f 724/1793/499 723/1794/499 728/1795/499 731/1796/499
f 737/1797/468 706/1798/468 733/1799/468
f 792/1800/6 732/1801/6 734/1802/6 1730/1711/6
f 625/1596/91 632/1803/91 1708/1597/91
f 705/1588/91 1755/1587/91 1767/1790/91
f 1769/1804/500 1555/1650/448 736/1805/501 1771/1806/502
f 1773/1807/503 1619/1648/446 1555/1650/448 1769/1804/500
f 1776/1808/504 738/1809/505 1619/1648/446 1773/1807/503
f 1771/1806/502 736/1805/501 738/1809/505 1776/1808/504
f 1784/1810/506 1781/1811/506 1777/1812/506 1779/1813/506
f 1772/1814/310 1780/1815/310 1778/1816/310 1770/1817/310
f 580/1818/507 742/1819/507 740/1820/507 577/1821/507
f 707/1822/508 739/1823/508 741/1824/508 709/1825/508
f 1820/1826/509 1791/1827/140 1790/1828/140 761/1829/509
f 743/1830/8 771/1831/510 787/1832/510 745/1833/8
f 1824/1834/25 1801/1835/511 777/1836/511 744/1837/25
f 1823/1838/3 1803/1839/104 782/1840/104 746/1841/3
f 752/1842/102 1786/1843/25 1792/1844/25 766/1845/102
f 1813/1846/103 1789/1847/8 1788/1848/8 756/1849/103
f 1821/1850/91 1798/1851/101 1797/1852/101 1822/1853/91
f 757/1854/316 776/1855/107 781/1856/108 762/1857/105
f 1787/1858/6 749/1859/6 750/1860/6 1785/1861/6
f 762/1857/105 781/1856/108 786/1862/112 767/1863/111
f 751/1864/109 772/1865/110 776/1855/107 757/1854/316
f 767/1863/111 786/1862/112 772/1865/110 751/1864/109
f 772/1865/110 775/1866/324 778/1867/512 776/1855/107
f 775/1866/324 1793/1868/121 1794/1869/121 778/1867/512
f 1793/1868/121 1795/1870/323 1796/1871/323 1794/1869/121
f 1795/1870/323 1797/1852/101 1798/1851/101 1796/1871/323
f 776/1855/107 778/1867/512 783/1872/317 781/1856/108
f 778/1867/512 779/1873/513 1799/1874/513 783/1872/317
f 779/1873/513 780/1875/514 1800/1876/514 1799/1874/513
f 780/1875/514 777/1836/511 1801/1835/511 1800/1876/514
f 1803/1839/104 1802/1877/319 785/1878/319 782/1840/104
f 1802/1877/319 1804/1879/115 784/1880/115 785/1878/319
f 1804/1879/115 788/1881/318 783/1872/317 784/1880/115
f 788/1881/318 786/1862/112 781/1856/108 783/1872/317
f 786/1862/112 788/1881/318 775/1866/324 772/1865/110
f 788/1881/318 789/1882/123 774/1883/123 775/1866/324
f 789/1882/123 790/1884/325 773/1885/325 774/1883/123
f 790/1884/325 787/1832/510 771/1831/510 773/1885/325
f 1806/1886/97 1805/1887/137 1808/1888/137 1807/1889/97
f 1805/1887/137 1809/1890/136 1811/1891/136 1808/1888/137
f 1810/1892/135 753/1893/134 760/1894/330 1812/1895/135
f 753/1893/134 751/1864/109 757/1854/316 760/1894/330
f 756/1849/103 758/1896/328 1814/1897/328 1813/1846/103
f 758/1896/328 759/1898/132 1815/1899/132 1814/1897/328
f 759/1898/132 760/1894/330 765/1900/515 1815/1899/132
f 760/1894/330 757/1854/316 762/1857/105 765/1900/515
f 767/1863/111 770/1901/130 765/1900/515 762/1857/105
f 770/1901/130 1817/1902/128 1816/1903/128 765/1900/515
f 1818/1904/326 1819/1905/126 763/1906/126 764/1907/326
f 1819/1905/126 1820/1826/509 761/1829/509 763/1906/126
f 766/1845/102 768/1908/516 755/1909/516 752/1842/102
f 768/1908/516 769/1910/139 754/1911/139 755/1909/516
f 769/1910/139 770/1901/130 753/1893/134 754/1911/139
f 770/1901/130 767/1863/111 751/1864/109 753/1893/134
f 1807/1889/97 748/1912/98 747/1913/98 1806/1886/97
f 1835/1914/6 1837/1915/6 1849/1916/6 1832/1917/6
f 1840/1918/6 792/1800/6 1730/1711/6 1848/1710/6
f 1825/1919/6 1829/1920/6 1734/1921/6 1827/1922/6
f 1841/1923/6 791/1924/6 792/1800/6 1840/1918/6
f 1831/1925/91 1834/1926/91 1826/1927/91 1836/1928/91
f 1850/1929/8 1852/1930/8 805/1931/8 797/1932/8
f 1839/1933/8 582/1934/8 1830/1935/8 1842/1936/8
f 1847/1937/91 1731/1938/91 1733/1939/91 803/1940/91
f 1845/1941/25 1844/1942/25 807/1943/25 801/1944/25
f 1846/1713/6 1594/1712/6 791/1924/6 1841/1923/6
f 1829/1920/6 1825/1919/6 1833/1945/6 1843/1946/6
f 1827/1922/6 1734/1921/6 1732/1947/6 1851/1948/6
f 1843/1946/6 1833/1945/6 1851/1948/6 1732/1947/6
f 1838/1949/3 1828/1950/3 806/1951/3 800/1952/3
f 799/1953/25 710/1954/25 638/1955/25 802/1956/25
f 798/1957/3 794/1958/3 804/1959/3 796/1960/3
o Cube.002_Cube.003
v 0.073091 0.918775 0.273401
v 0.073091 1.381472 0.273401
v 0.578675 1.381472 0.273401
v 0.578675 0.918775 0.273401
v 0.073091 1.381472 0.243093
v 0.073091 0.918775 0.243093
v 0.578675 0.918775 0.243093
v 0.578675 1.381472 0.243093
v -0.073091 0.918775 0.273401
v -0.073091 1.381472 0.273401
v -0.578675 1.381472 0.273401
v -0.578675 0.918775 0.273401
v -0.073091 1.381472 0.243093
v -0.073091 0.918775 0.243093
v -0.578675 0.918775 0.243093
v -0.578675 1.381472 0.243093
v 0.073091 1.410271 0.273401
v 0.073091 1.872968 0.273401
v 0.578675 1.872968 0.273401
v 0.578675 1.410271 0.273401
v 0.073091 1.872968 0.243093
v 0.073091 1.410271 0.243093
v 0.578675 1.410271 0.243093
v 0.578675 1.872968 0.243093
v -0.073091 1.410271 0.273401
v -0.073091 1.872968 0.273401
v -0.578675 1.872968 0.273401
v -0.578675 1.410271 0.273401
v -0.073091 1.872968 0.243093
v -0.073091 1.410271 0.243093
v -0.578675 1.410271 0.243093
v -0.578675 1.872968 0.243093
v 0.073091 1.901767 0.273401
v 0.073091 2.364464 0.273401
v 0.578675 2.364464 0.273401
v 0.578675 1.901767 0.273401
v 0.073091 2.364464 0.243093
v 0.073091 1.901767 0.243093
v 0.578675 1.901767 0.243093
v 0.578675 2.364464 0.243093
v -0.073091 1.901767 0.273401
v -0.073091 2.364464 0.273401
v -0.578675 2.364464 0.273401
v -0.578675 1.901767 0.273401
v -0.073091 2.364464 0.243093
v -0.073091 1.901767 0.243093
v -0.578675 1.901767 0.243093
v -0.578675 2.364464 0.243093
v 0.591282 0.907237 0.273401
v 0.591409 0.904375 0.270401
v 0.594409 0.907375 0.270401
v 0.057358 0.907375 0.270401
v 0.060358 0.904375 0.270401
v 0.060484 0.907237 0.273401
v 0.060484 0.907237 0.243093
v 0.060358 0.904375 0.246093
v 0.057358 0.907375 0.246093
v 0.591409 0.904375 0.246093
v 0.591282 0.907237 0.243093
v 0.594409 0.907375 0.246093
v 0.060484 1.393010 0.273401
v 0.060358 1.395871 0.270401
v 0.057358 1.392871 0.270401
v 0.057358 1.392871 0.246093
v 0.060358 1.395871 0.246093
v 0.060484 1.393010 0.243093
v 0.594409 1.392871 0.270401
v 0.591409 1.395871 0.270401
v 0.591282 1.393010 0.273401
v 0.591282 1.393010 0.243093
v 0.591409 1.395871 0.246093
v 0.594409 1.392871 0.246093
v 0.289203 1.148243 0.270401
v 0.295893 1.150260 0.273401
v 0.289201 1.152272 0.270401
v 0.325855 1.121500 0.243093
v 0.328081 1.115445 0.246093
v 0.323630 1.115445 0.246093
v 0.289203 1.148243 0.246093
v 0.289201 1.152272 0.246093
v 0.295893 1.150260 0.243093
v 0.323630 1.115445 0.270401
v 0.328081 1.115445 0.270401
v 0.325855 1.121500 0.273401
v 0.323514 1.184967 0.270401
v 0.325738 1.178914 0.273401
v 0.327967 1.184965 0.270401
v 0.362393 1.148140 0.246093
v 0.355700 1.150154 0.243093
v 0.362394 1.152167 0.246093
v 0.362394 1.152167 0.270401
v 0.355700 1.150154 0.273401
v 0.362393 1.148140 0.270401
v 0.323514 1.184967 0.246093
v 0.327967 1.184965 0.246093
v 0.325738 1.178914 0.243093
v 0.099859 0.976525 0.270401
v 0.097636 0.977510 0.270401
v 0.094636 0.967739 0.273401
v 0.133134 0.943249 0.270401
v 0.123116 0.938238 0.273401
v 0.133909 0.941238 0.270401
v 0.133135 1.356998 0.270401
v 0.133909 1.359009 0.270401
v 0.123114 1.362009 0.273401
v 0.099860 1.323723 0.270401
v 0.094636 1.332501 0.273401
v 0.097636 1.322737 0.270401
v 0.551906 1.323724 0.270401
v 0.554130 1.322737 0.270401
v 0.557130 1.332499 0.273401
v 0.518630 1.357000 0.270401
v 0.528661 1.362009 0.273401
v 0.517858 1.359009 0.270401
v 0.518632 0.943249 0.270401
v 0.517858 0.941238 0.270401
v 0.528652 0.938238 0.273401
v 0.551906 0.976524 0.270401
v 0.557130 0.967746 0.273401
v 0.554130 0.977510 0.270401
v 0.099860 1.323723 0.246093
v 0.097636 1.322737 0.246093
v 0.094636 1.332501 0.243093
v 0.133135 1.356998 0.246093
v 0.123114 1.362009 0.243093
v 0.133909 1.359009 0.246093
v 0.133134 0.943249 0.246093
v 0.133909 0.941238 0.246093
v 0.123116 0.938238 0.243093
v 0.099859 0.976525 0.246093
v 0.094636 0.967739 0.243093
v 0.097636 0.977510 0.246093
v 0.551906 0.976524 0.246093
v 0.554130 0.977510 0.246093
v 0.557130 0.967746 0.243093
v 0.518632 0.943249 0.246093
v 0.528652 0.938238 0.243093
v 0.517858 0.941238 0.246093
v 0.518630 1.357000 0.246093
v 0.517858 1.359009 0.246093
v 0.528661 1.362009 0.243093
v 0.551906 1.323724 0.246093
v 0.557130 1.332499 0.243093
v 0.554130 1.322737 0.246093
v -0.594409 0.907375 0.270401
v -0.591409 0.904375 0.270401
v -0.591282 0.907237 0.273401
v -0.060484 0.907237 0.273401
v -0.060358 0.904375 0.270401
v -0.057358 0.907375 0.270401
v -0.057358 0.907375 0.246093
v -0.060358 0.904375 0.246093
v -0.060484 0.907237 0.243093
v -0.591409 0.904375 0.246093
v -0.594409 0.907375 0.246093
v -0.591282 0.907237 0.243093
v -0.057358 1.392871 0.270401
v -0.060358 1.395871 0.270401
v -0.060484 1.393010 0.273401
v -0.060484 1.393010 0.243093
v -0.060358 1.395871 0.246093
v -0.057358 1.392871 0.246093
v -0.591282 1.393010 0.273401
v -0.591409 1.395871 0.270401
v -0.594409 1.392871 0.270401
v -0.594409 1.392871 0.246093
v -0.591409 1.395871 0.246093
v -0.591282 1.393010 0.243093
v -0.289203 1.148243 0.270401
v -0.289201 1.152272 0.270401
v -0.295893 1.150260 0.273401
v -0.323630 1.115445 0.246093
v -0.328081 1.115445 0.246093
v -0.325855 1.121500 0.243093
v -0.289203 1.148243 0.246093
v -0.295893 1.150260 0.243093
v -0.289201 1.152272 0.246093
v -0.323630 1.115445 0.270401
v -0.325855 1.121500 0.273401
v -0.328081 1.115445 0.270401
v -0.323514 1.184967 0.270401
v -0.327967 1.184965 0.270401
v -0.325738 1.178914 0.273401
v -0.362393 1.148140 0.246093
v -0.362394 1.152167 0.246093
v -0.355700 1.150154 0.243093
v -0.362394 1.152167 0.270401
v -0.362393 1.148140 0.270401
v -0.355700 1.150154 0.273401
v -0.323514 1.184967 0.246093
v -0.325738 1.178914 0.243093
v -0.327967 1.184965 0.246093
v -0.099859 0.976525 0.270401
v -0.094636 0.967739 0.273401
v -0.097636 0.977510 0.270401
v -0.133134 0.943249 0.270401
v -0.133909 0.941238 0.270401
v -0.123116 0.938238 0.273401
v -0.133135 1.356998 0.270401
v -0.123114 1.362009 0.273401
v -0.133909 1.359009 0.270401
v -0.099860 1.323723 0.270401
v -0.097636 1.322737 0.270401
v -0.094636 1.332501 0.273401
v -0.551906 1.323724 0.270401
v -0.557130 1.332499 0.273401
v -0.554130 1.322737 0.270401
v -0.518630 1.357000 0.270401
v -0.517858 1.359009 0.270401
v -0.528661 1.362009 0.273401
v -0.518632 0.943249 0.270401
v -0.528652 0.938238 0.273401
v -0.517858 0.941238 0.270401
v -0.551906 0.976524 0.270401
v -0.554130 0.977510 0.270401
v -0.557130 0.967746 0.273401
v -0.099860 1.323723 0.246093
v -0.094636 1.332501 0.243093
v -0.097636 1.322737 0.246093
v -0.133135 1.356998 0.246093
v -0.133909 1.359009 0.246093
v -0.123114 1.362009 0.243093
v -0.133134 0.943249 0.246093
v -0.123116 0.938238 0.243093
v -0.133909 0.941238 0.246093
v -0.099859 0.976525 0.246093
v -0.097636 0.977510 0.246093
v -0.094636 0.967739 0.243093
v -0.551906 0.976524 0.246093
v -0.557130 0.967746 0.243093
v -0.554130 0.977510 0.246093
v -0.518632 0.943249 0.246093
v -0.517858 0.941238 0.246093
v -0.528652 0.938238 0.243093
v -0.518630 1.357000 0.246093
v -0.528661 1.362009 0.243093
v -0.517858 1.359009 0.246093
v -0.551906 1.323724 0.246093
v -0.554130 1.322737 0.246093
v -0.557130 1.332499 0.243093
v 0.591282 1.398733 0.273401
v 0.591409 1.395871 0.270401
v 0.594409 1.398871 0.270401
v 0.057358 1.398871 0.270401
v 0.060358 1.395871 0.270401
v 0.060484 1.398733 0.273401
v 0.060484 1.398733 0.243093
v 0.060358 1.395871 0.246093
v 0.057358 1.398871 0.246093
v 0.591409 1.395871 0.246093
v 0.591282 1.398733 0.243093
v 0.594409 1.398871 0.246093
v 0.060484 1.884506 0.273401
v 0.060358 1.887367 0.270401
v 0.057358 1.884367 0.270401
v 0.057358 1.884367 0.246093
v 0.060358 1.887367 0.246093
v 0.060484 1.884506 0.243093
v 0.594409 1.884367 0.270401
v 0.591409 1.887367 0.270401
v 0.591282 1.884506 0.273401
v 0.591282 1.884506 0.243093
v 0.591409 1.887367 0.246093
v 0.594409 1.884367 0.246093
v 0.289203 1.639739 0.270401
v 0.295893 1.641756 0.273401
v 0.289201 1.643768 0.270401
v 0.325855 1.612996 0.243093
v 0.328081 1.606941 0.246093
v 0.323630 1.606941 0.246093
v 0.289203 1.639739 0.246093
v 0.289201 1.643768 0.246093
v 0.295893 1.641756 0.243093
v 0.323630 1.606941 0.270401
v 0.328081 1.606941 0.270401
v 0.325855 1.612996 0.273401
v 0.323514 1.676463 0.270401
v 0.325738 1.670410 0.273401
v 0.327967 1.676461 0.270401
v 0.362393 1.639636 0.246093
v 0.355700 1.641650 0.243093
v 0.362394 1.643663 0.246093
v 0.362394 1.643663 0.270401
v 0.355700 1.641650 0.273401
v 0.362393 1.639636 0.270401
v 0.323514 1.676463 0.246093
v 0.327967 1.676461 0.246093
v 0.325738 1.670410 0.243093
v 0.099859 1.468021 0.270401
v 0.097636 1.469006 0.270401
v 0.094636 1.459235 0.273401
v 0.133134 1.434745 0.270401
v 0.123116 1.429734 0.273401
v 0.133909 1.432734 0.270401
v 0.133135 1.848494 0.270401
v 0.133909 1.850505 0.270401
v 0.123114 1.853505 0.273401
v 0.099860 1.815219 0.270401
v 0.094636 1.823997 0.273401
v 0.097636 1.814233 0.270401
v 0.551906 1.815220 0.270401
v 0.554130 1.814233 0.270401
v 0.557130 1.823995 0.273401
v 0.518630 1.848495 0.270401
v 0.528661 1.853505 0.273401
v 0.517858 1.850505 0.270401
v 0.518632 1.434745 0.270401
v 0.517858 1.432734 0.270401
v 0.528652 1.429734 0.273401
v 0.551906 1.468020 0.270401
v 0.557130 1.459242 0.273401
v 0.554130 1.469006 0.270401
v 0.099860 1.815219 0.246093
v 0.097636 1.814233 0.246093
v 0.094636 1.823997 0.243093
v 0.133135 1.848494 0.246093
v 0.123114 1.853505 0.243093
v 0.133909 1.850505 0.246093
v 0.133134 1.434745 0.246093
v 0.133909 1.432734 0.246093
v 0.123116 1.429734 0.243093
v 0.099859 1.468021 0.246093
v 0.094636 1.459235 0.243093
v 0.097636 1.469006 0.246093
v 0.551906 1.468020 0.246093
v 0.554130 1.469006 0.246093
v 0.557130 1.459242 0.243093
v 0.518632 1.434745 0.246093
v 0.528652 1.429734 0.243093
v 0.517858 1.432734 0.246093
v 0.518630 1.848495 0.246093
v 0.517858 1.850505 0.246093
v 0.528661 1.853505 0.243093
v 0.551906 1.815220 0.246093
v 0.557130 1.823995 0.243093
v 0.554130 1.814233 0.246093
v -0.594409 1.398871 0.270401
v -0.591409 1.395871 0.270401
v -0.591282 1.398733 0.273401
v -0.060484 1.398733 0.273401
v -0.060358 1.395871 0.270401
v -0.057358 1.398871 0.270401
v -0.057358 1.398871 0.246093
v -0.060358 1.395871 0.246093
v -0.060484 1.398733 0.243093
v -0.591409 1.395871 0.246093
v -0.594409 1.398871 0.246093
v -0.591282 1.398733 0.243093
v -0.057358 1.884367 0.270401
v -0.060358 1.887367 0.270401
v -0.060484 1.884506 0.273401
v -0.060484 1.884506 0.243093
v -0.060358 1.887367 0.246093
v -0.057358 1.884367 0.246093
v -0.591282 1.884506 0.273401
v -0.591409 1.887367 0.270401
v -0.594409 1.884367 0.270401
v -0.594409 1.884367 0.246093
v -0.591409 1.887367 0.246093
v -0.591282 1.884506 0.243093
v -0.289203 1.639739 0.270401
v -0.289201 1.643768 0.270401
v -0.295893 1.641756 0.273401
v -0.323630 1.606941 0.246093
v -0.328081 1.606941 0.246093
v -0.325855 1.612996 0.243093
v -0.289203 1.639739 0.246093
v -0.295893 1.641756 0.243093
v -0.289201 1.643768 0.246093
v -0.323630 1.606941 0.270401
v -0.325855 1.612996 0.273401
v -0.328081 1.606941 0.270401
v -0.323514 1.676463 0.270401
v -0.327967 1.676461 0.270401
v -0.325738 1.670410 0.273401
v -0.362393 1.639636 0.246093
v -0.362394 1.643663 0.246093
v -0.355700 1.641650 0.243093
v -0.362394 1.643663 0.270401
v -0.362393 1.639636 0.270401
v -0.355700 1.641650 0.273401
v -0.323514 1.676463 0.246093
v -0.325738 1.670410 0.243093
v -0.327967 1.676461 0.246093
v -0.099859 1.468021 0.270401
v -0.094636 1.459235 0.273401
v -0.097636 1.469006 0.270401
v -0.133134 1.434745 0.270401
v -0.133909 1.432734 0.270401
v -0.123116 1.429734 0.273401
v -0.133135 1.848494 0.270401
v -0.123114 1.853505 0.273401
v -0.133909 1.850505 0.270401
v -0.099860 1.815219 0.270401
v -0.097636 1.814233 0.270401
v -0.094636 1.823997 0.273401
v -0.551906 1.815220 0.270401
v -0.557130 1.823995 0.273401
v -0.554130 1.814233 0.270401
v -0.518630 1.848495 0.270401
v -0.517858 1.850505 0.270401
v -0.528661 1.853505 0.273401
v -0.518632 1.434745 0.270401
v -0.528652 1.429734 0.273401
v -0.517858 1.432734 0.270401
v -0.551906 1.468020 0.270401
v -0.554130 1.469006 0.270401
v -0.557130 1.459242 0.273401
v -0.099860 1.815219 0.246093
v -0.094636 1.823997 0.243093
v -0.097636 1.814233 0.246093
v -0.133135 1.848494 0.246093
v -0.133909 1.850505 0.246093
v -0.123114 1.853505 0.243093
v -0.133134 1.434745 0.246093
v -0.123116 1.429734 0.243093
v -0.133909 1.432734 0.246093
v -0.099859 1.468021 0.246093
v -0.097636 1.469006 0.246093
v -0.094636 1.459235 0.243093
v -0.551906 1.468020 0.246093
v -0.557130 1.459242 0.243093
v -0.554130 1.469006 0.246093
v -0.518632 1.434745 0.246093
v -0.517858 1.432734 0.246093
v -0.528652 1.429734 0.243093
v -0.518630 1.848495 0.246093
v -0.528661 1.853505 0.243093
v -0.517858 1.850505 0.246093
v -0.551906 1.815220 0.246093
v -0.554130 1.814233 0.246093
v -0.557130 1.823995 0.243093
v 0.591282 1.890229 0.273401
v 0.591409 1.887367 0.270401
v 0.594409 1.890368 0.270401
v 0.057358 1.890368 0.270401
v 0.060358 1.887367 0.270401
v 0.060484 1.890229 0.273401
v 0.060484 1.890229 0.243093
v 0.060358 1.887367 0.246093
v 0.057358 1.890368 0.246093
v 0.591409 1.887367 0.246093
v 0.591282 1.890229 0.243093
v 0.594409 1.890368 0.246093
v 0.060484 2.376002 0.273401
v 0.060358 2.378863 0.270401
v 0.057358 2.375864 0.270401
v 0.057358 2.375864 0.246093
v 0.060358 2.378863 0.246093
v 0.060484 2.376002 0.243093
v 0.594409 2.375864 0.270401
v 0.591409 2.378863 0.270401
v 0.591282 2.376002 0.273401
v 0.591282 2.376002 0.243093
v 0.591409 2.378863 0.246093
v 0.594409 2.375864 0.246093
v 0.289203 2.131235 0.270401
v 0.295893 2.133252 0.273401
v 0.289201 2.135264 0.270401
v 0.325855 2.104492 0.243093
v 0.328081 2.098437 0.246093
v 0.323630 2.098437 0.246093
v 0.289203 2.131235 0.246093
v 0.289201 2.135264 0.246093
v 0.295893 2.133252 0.243093
v 0.323630 2.098437 0.270401
v 0.328081 2.098437 0.270401
v 0.325855 2.104492 0.273401
v 0.323514 2.167959 0.270401
v 0.325738 2.161906 0.273401
v 0.327967 2.167958 0.270401
v 0.362393 2.131132 0.246093
v 0.355700 2.133146 0.243093
v 0.362394 2.135159 0.246093
v 0.362394 2.135159 0.270401
v 0.355700 2.133146 0.273401
v 0.362393 2.131132 0.270401
v 0.323514 2.167959 0.246093
v 0.327967 2.167958 0.246093
v 0.325738 2.161906 0.243093
v 0.099859 1.959517 0.270401
v 0.097636 1.960502 0.270401
v 0.094636 1.950731 0.273401
v 0.133134 1.926241 0.270401
v 0.123116 1.921230 0.273401
v 0.133909 1.924230 0.270401
v 0.133135 2.339990 0.270401
v 0.133909 2.342001 0.270401
v 0.123114 2.345001 0.273401
v 0.099860 2.306715 0.270401
v 0.094636 2.315493 0.273401
v 0.097636 2.305729 0.270401
v 0.551906 2.306715 0.270401
v 0.554130 2.305729 0.270401
v 0.557130 2.315491 0.273401
v 0.518630 2.339992 0.270401
v 0.528661 2.345001 0.273401
v 0.517858 2.342001 0.270401
v 0.518632 1.926241 0.270401
v 0.517858 1.924230 0.270401
v 0.528652 1.921230 0.273401
v 0.551906 1.959516 0.270401
v 0.557130 1.950738 0.273401
v 0.554130 1.960502 0.270401
v 0.099860 2.306715 0.246093
v 0.097636 2.305729 0.246093
v 0.094636 2.315493 0.243093
v 0.133135 2.339990 0.246093
v 0.123114 2.345001 0.243093
v 0.133909 2.342001 0.246093
v 0.133134 1.926241 0.246093
v 0.133909 1.924230 0.246093
v 0.123116 1.921230 0.243093
v 0.099859 1.959517 0.246093
v 0.094636 1.950731 0.243093
v 0.097636 1.960502 0.246093
v 0.551906 1.959516 0.246093
v 0.554130 1.960502 0.246093
v 0.557130 1.950738 0.243093
v 0.518632 1.926241 0.246093
v 0.528652 1.921230 0.243093
v 0.517858 1.924230 0.246093
v 0.518630 2.339992 0.246093
v 0.517858 2.342001 0.246093
v 0.528661 2.345001 0.243093
v 0.551906 2.306715 0.246093
v 0.557130 2.315491 0.243093
v 0.554130 2.305729 0.246093
v -0.594409 1.890368 0.270401
v -0.591409 1.887367 0.270401
v -0.591282 1.890229 0.273401
v -0.060484 1.890229 0.273401
v -0.060358 1.887367 0.270401
v -0.057358 1.890368 0.270401
v -0.057358 1.890368 0.246093
v -0.060358 1.887367 0.246093
v -0.060484 1.890229 0.243093
v -0.591409 1.887367 0.246093
v -0.594409 1.890368 0.246093
v -0.591282 1.890229 0.243093
v -0.057358 2.375864 0.270401
v -0.060358 2.378863 0.270401
v -0.060484 2.376002 0.273401
v -0.060484 2.376002 0.243093
v -0.060358 2.378863 0.246093
v -0.057358 2.375864 0.246093
v -0.591282 2.376002 0.273401
v -0.591409 2.378863 0.270401
v -0.594409 2.375864 0.270401
v -0.594409 2.375864 0.246093
v -0.591409 2.378863 0.246093
v -0.591282 2.376002 0.243093
v -0.289203 2.131235 0.270401
v -0.289201 2.135264 0.270401
v -0.295893 2.133252 0.273401
v -0.323630 2.098437 0.246093
v -0.328081 2.098437 0.246093
v -0.325855 2.104492 0.243093
v -0.289203 2.131235 0.246093
v -0.295893 2.133252 0.243093
v -0.289201 2.135264 0.246093
v -0.323630 2.098437 0.270401
v -0.325855 2.104492 0.273401
v -0.328081 2.098437 0.270401
v -0.323514 2.167959 0.270401
v -0.327967 2.167958 0.270401
v -0.325738 2.161906 0.273401
v -0.362393 2.131132 0.246093
v -0.362394 2.135159 0.246093
v -0.355700 2.133146 0.243093
v -0.362394 2.135159 0.270401
v -0.362393 2.131132 0.270401
v -0.355700 2.133146 0.273401
v -0.323514 2.167959 0.246093
v -0.325738 2.161906 0.243093
v -0.327967 2.167958 0.246093
v -0.099859 1.959517 0.270401
v -0.094636 1.950731 0.273401
v -0.097636 1.960502 0.270401
v -0.133134 1.926241 0.270401
v -0.133909 1.924230 0.270401
v -0.123116 1.921230 0.273401
v -0.133135 2.339990 0.270401
v -0.123114 2.345001 0.273401
v -0.133909 2.342001 0.270401
v -0.099860 2.306715 0.270401
v -0.097636 2.305729 0.270401
v -0.094636 2.315493 0.273401
v -0.551906 2.306715 0.270401
v -0.557130 2.315491 0.273401
v -0.554130 2.305729 0.270401
v -0.518630 2.339992 0.270401
v -0.517858 2.342001 0.270401
v -0.528661 2.345001 0.273401
v -0.518632 1.926241 0.270401
v -0.528652 1.921230 0.273401
v -0.517858 1.924230 0.270401
v -0.551906 1.959516 0.270401
v -0.554130 1.960502 0.270401
v -0.557130 1.950738 0.273401
v -0.099860 2.306715 0.246093
v -0.094636 2.315493 0.243093
v -0.097636 2.305729 0.246093
v -0.133135 2.339990 0.246093
v -0.133909 2.342001 0.246093
v -0.123114 2.345001 0.243093
v -0.133134 1.926241 0.246093
v -0.123116 1.921230 0.243093
v -0.133909 1.924230 0.246093
v -0.099859 1.959517 0.246093
v -0.097636 1.960502 0.246093
v -0.094636 1.950731 0.243093
v -0.551906 1.959516 0.246093
v -0.557130 1.950738 0.243093
v -0.554130 1.960502 0.246093
v -0.518632 1.926241 0.246093
v -0.517858 1.924230 0.246093
v -0.528652 1.921230 0.243093
v -0.518630 2.339992 0.246093
v -0.528661 2.345001 0.243093
v -0.517858 2.342001 0.246093
v -0.551906 2.306715 0.246093
v -0.554130 2.305729 0.246093
v -0.557130 2.315491 0.243093
vt 0.281786 0.519232
vt 0.279133 0.521660
vt 0.274599 0.531966
vt 0.274599 0.608726
vt 0.279133 0.619030
vt 0.281786 0.621458
vt 0.158454 0.391063
vt 0.153338 0.391063
vt 0.153339 0.502817
vt 0.158454 0.502817
vt 0.049879 0.502791
vt 0.052307 0.500138
vt 0.056403 0.489611
vt 0.056403 0.404268
vt 0.052307 0.393743
vt 0.049879 0.391090
vt 0.152105 0.391090
vt 0.149677 0.393743
vt 0.145581 0.404270
vt 0.145581 0.489610
vt 0.149677 0.500137
vt 0.152105 0.502790
vt 0.062613 0.495604
vt 0.268606 0.614934
vt 0.183265 0.614934
vt 0.172739 0.619030
vt 0.170085 0.621458
vt 0.170085 0.519232
vt 0.172739 0.521660
vt 0.183264 0.525756
vt 0.268606 0.525756
vt 0.139373 0.495603
vt 0.985784 0.981255
vt 0.985784 0.927502
vt 0.980669 0.927502
vt 0.980669 0.981254
vt 0.094933 0.446971
vt 0.100963 0.453251
vt 0.107016 0.446946
vt 0.100986 0.440665
vt 0.062613 0.398277
vt 0.872894 0.855393
vt 0.872894 0.936191
vt 0.878010 0.936191
vt 0.878010 0.855393
vt 0.177272 0.608725
vt 0.177272 0.531966
vt 0.139372 0.398277
vt 0.043530 0.502817
vt 0.048646 0.502817
vt 0.048646 0.391063
vt 0.043530 0.391063
vt 0.152076 0.389800
vt 0.152076 0.384685
vt 0.049908 0.384685
vt 0.049908 0.389800
vt 0.985784 0.926239
vt 0.985784 0.853589
vt 0.980669 0.853589
vt 0.980669 0.926239
vt 0.951046 0.853795
vt 0.951046 0.934592
vt 0.956161 0.934592
vt 0.956161 0.853795
vt 0.937706 0.934922
vt 0.937706 0.862273
vt 0.932591 0.862273
vt 0.932591 0.934922
vt 0.049879 0.391090
vt 0.152105 0.391090
vt 0.149677 0.393743
vt 0.139372 0.398277
vt 0.062613 0.398277
vt 0.052307 0.393743
vt 0.232247 0.570316
vt 0.225966 0.564287
vt 0.219661 0.570339
vt 0.225942 0.576369
vt 0.049909 0.504080
vt 0.049908 0.509195
vt 0.152076 0.509195
vt 0.152076 0.504080
vt 0.878010 0.991492
vt 0.878010 0.937453
vt 0.872894 0.937453
vt 0.872894 0.991492
vt 0.951046 0.935855
vt 0.951046 0.989897
vt 0.956161 0.989897
vt 0.956161 0.935855
vt 0.951046 0.798536
vt 0.951046 0.852532
vt 0.956161 0.852532
vt 0.956161 0.798536
vt 0.932591 0.936185
vt 0.932591 0.989988
vt 0.937706 0.989988
vt 0.937706 0.936185
vt 0.980669 0.798536
vt 0.980669 0.852327
vt 0.985784 0.852327
vt 0.985784 0.798536
vt 0.878010 0.854131
vt 0.878010 0.800084
vt 0.872894 0.800084
vt 0.872894 0.854131
vt 0.937706 0.861010
vt 0.937706 0.807216
vt 0.932591 0.807216
vt 0.932591 0.861010
vt 0.281786 0.519232
vt 0.281786 0.621458
vt 0.279133 0.619030
vt 0.274599 0.608726
vt 0.274599 0.531966
vt 0.279133 0.521660
vt 0.158454 0.391063
vt 0.158454 0.502817
vt 0.153339 0.502817
vt 0.153338 0.391063
vt 0.049879 0.502791
vt 0.056403 0.404268
vt 0.056403 0.489611
vt 0.052307 0.500138
vt 0.152105 0.502790
vt 0.149677 0.500137
vt 0.145581 0.489610
vt 0.145581 0.404269
vt 0.062613 0.495604
vt 0.170085 0.621458
vt 0.172739 0.619030
vt 0.183265 0.614934
vt 0.268606 0.614934
vt 0.170085 0.519232
vt 0.268606 0.525756
vt 0.183264 0.525756
vt 0.172739 0.521660
vt 0.139373 0.495603
vt 0.100963 0.453251
vt 0.107016 0.446946
vt 0.094933 0.446971
vt 0.100986 0.440665
vt 0.872894 0.855393
vt 0.878010 0.855393
vt 0.878010 0.936191
vt 0.872894 0.936191
vt 0.177272 0.531966
vt 0.177272 0.608725
vt 0.043530 0.502817
vt 0.043530 0.391063
vt 0.048646 0.391063
vt 0.048646 0.502817
vt 0.152076 0.389800
vt 0.049908 0.389800
vt 0.049908 0.384685
vt 0.152076 0.384685
vt 0.985784 0.926239
vt 0.980669 0.926239
vt 0.980669 0.853589
vt 0.985784 0.853589
vt 0.951046 0.853795
vt 0.956161 0.853795
vt 0.956161 0.934592
vt 0.951046 0.934592
vt 0.937706 0.934922
vt 0.932591 0.934922
vt 0.932591 0.862273
vt 0.937706 0.862273
vt 0.049879 0.391090
vt 0.052307 0.393743
vt 0.062613 0.398277
vt 0.139372 0.398277
vt 0.149677 0.393743
vt 0.152105 0.391090
vt 0.219661 0.570339
vt 0.225942 0.576369
vt 0.878010 0.854131
vt 0.872894 0.854131
vt 0.872894 0.800084
vt 0.878010 0.800084
vt 0.049909 0.504080
vt 0.152076 0.504080
vt 0.152076 0.509195
vt 0.049908 0.509195
vt 0.985784 0.981255
vt 0.980669 0.981255
vt 0.980669 0.927502
vt 0.985784 0.927502
vt 0.951046 0.935855
vt 0.956161 0.935855
vt 0.956161 0.989897
vt 0.951046 0.989897
vt 0.878010 0.991492
vt 0.872894 0.991492
vt 0.872894 0.937453
vt 0.878010 0.937454
vt 0.951046 0.798536
vt 0.956161 0.798536
vt 0.956161 0.852532
vt 0.951046 0.852532
vt 0.932591 0.936185
vt 0.937706 0.936185
vt 0.937706 0.989988
vt 0.932591 0.989988
vt 0.225966 0.564286
vt 0.980669 0.798536
vt 0.985784 0.798536
vt 0.985784 0.852327
vt 0.980669 0.852327
vt 0.232247 0.570316
vt 0.937706 0.861010
vt 0.932591 0.861010
vt 0.932591 0.807216
vt 0.937706 0.807216
vt 0.281786 0.519232
vt 0.279133 0.521660
vt 0.274599 0.531966
vt 0.274599 0.608726
vt 0.279133 0.619030
vt 0.281786 0.621458
vt 0.158454 0.391063
vt 0.153338 0.391063
vt 0.153339 0.502817
vt 0.158454 0.502817
vt 0.049879 0.502791
vt 0.052307 0.500138
vt 0.056403 0.489611
vt 0.056403 0.404268
vt 0.145581 0.404270
vt 0.145581 0.489610
vt 0.149677 0.500137
vt 0.152105 0.502790
vt 0.062613 0.495604
vt 0.268606 0.614934
vt 0.183265 0.614934
vt 0.172739 0.619030
vt 0.170085 0.621458
vt 0.170085 0.519232
vt 0.172739 0.521660
vt 0.183263 0.525756
vt 0.268606 0.525756
vt 0.139373 0.495603
vt 0.985784 0.981255
vt 0.985784 0.927502
vt 0.980669 0.927502
vt 0.980669 0.981255
vt 0.094933 0.446971
vt 0.100963 0.453251
vt 0.107016 0.446946
vt 0.100986 0.440665
vt 0.872894 0.855393
vt 0.872894 0.936191
vt 0.878010 0.936191
vt 0.878010 0.855393
vt 0.177272 0.608725
vt 0.177272 0.531966
vt 0.043530 0.502817
vt 0.048646 0.502817
vt 0.048646 0.391063
vt 0.043530 0.391063
vt 0.152076 0.389800
vt 0.152076 0.384685
vt 0.049908 0.384685
vt 0.049908 0.389800
vt 0.985784 0.926239
vt 0.985784 0.853589
vt 0.980669 0.853589
vt 0.980669 0.926239
vt 0.951046 0.853795
vt 0.951046 0.934592
vt 0.956161 0.934592
vt 0.956161 0.853795
vt 0.937706 0.934922
vt 0.937706 0.862273
vt 0.932591 0.862273
vt 0.932591 0.934922
vt 0.049879 0.391090
vt 0.152105 0.391090
vt 0.149677 0.393743
vt 0.139372 0.398277
vt 0.062613 0.398277
vt 0.052307 0.393743
vt 0.232247 0.570316
vt 0.225966 0.564287
vt 0.219661 0.570339
vt 0.225942 0.576368
vt 0.049909 0.504080
vt 0.049908 0.509195
vt 0.152076 0.509195
vt 0.152076 0.504080
vt 0.878010 0.991492
vt 0.878010 0.937453
vt 0.872894 0.937453
vt 0.872894 0.991492
vt 0.951046 0.935855
vt 0.951046 0.989897
vt 0.956161 0.989897
vt 0.956161 0.935855
vt 0.951046 0.798536
vt 0.951046 0.852532
vt 0.956161 0.852532
vt 0.956161 0.798536
vt 0.932591 0.936185
vt 0.932591 0.989988
vt 0.937706 0.989988
vt 0.937706 0.936185
vt 0.980669 0.798536
vt 0.980669 0.852327
vt 0.985784 0.852327
vt 0.985784 0.798536
vt 0.878010 0.854131
vt 0.878010 0.800084
vt 0.872894 0.800084
vt 0.872894 0.854131
vt 0.937706 0.861010
vt 0.937706 0.807216
vt 0.932591 0.807216
vt 0.932591 0.861010
vt 0.281786 0.519232
vt 0.281786 0.621458
vt 0.279133 0.619030
vt 0.274599 0.608726
vt 0.274599 0.531966
vt 0.279133 0.521660
vt 0.158454 0.391063
vt 0.158454 0.502817
vt 0.153339 0.502817
vt 0.153338 0.391063
vt 0.049879 0.502791
vt 0.056403 0.404268
vt 0.056403 0.489611
vt 0.052307 0.500138
vt 0.152105 0.502790
vt 0.149677 0.500137
vt 0.145581 0.489610
vt 0.145581 0.404269
vt 0.062613 0.495604
vt 0.170085 0.621458
vt 0.172739 0.619030
vt 0.183265 0.614934
vt 0.268606 0.614934
vt 0.170085 0.519232
vt 0.268606 0.525756
vt 0.183263 0.525756
vt 0.172739 0.521660
vt 0.139373 0.495604
vt 0.100963 0.453251
vt 0.107016 0.446946
vt 0.094933 0.446971
vt 0.100986 0.440665
vt 0.872894 0.855393
vt 0.878010 0.855393
vt 0.878010 0.936191
vt 0.872894 0.936191
vt 0.177272 0.531966
vt 0.177272 0.608725
vt 0.043530 0.502817
vt 0.043530 0.391063
vt 0.048646 0.391063
vt 0.048646 0.502817
vt 0.152076 0.389800
vt 0.049908 0.389800
vt 0.049908 0.384685
vt 0.152076 0.384685
vt 0.985784 0.926239
vt 0.980669 0.926239
vt 0.980669 0.853589
vt 0.985784 0.853589
vt 0.951046 0.853795
vt 0.956161 0.853795
vt 0.956161 0.934592
vt 0.951046 0.934592
vt 0.937706 0.934922
vt 0.932591 0.934922
vt 0.932591 0.862273
vt 0.937706 0.862273
vt 0.049879 0.391090
vt 0.052307 0.393743
vt 0.062613 0.398277
vt 0.139372 0.398277
vt 0.149677 0.393743
vt 0.152105 0.391090
vt 0.219661 0.570339
vt 0.225942 0.576369
vt 0.878010 0.854131
vt 0.872894 0.854131
vt 0.872894 0.800084
vt 0.878010 0.800084
vt 0.049909 0.504080
vt 0.152076 0.504080
vt 0.152076 0.509195
vt 0.049908 0.509195
vt 0.985784 0.981255
vt 0.980669 0.981255
vt 0.980669 0.927502
vt 0.985784 0.927502
vt 0.951046 0.935855
vt 0.956161 0.935855
vt 0.956161 0.989897
vt 0.951046 0.989897
vt 0.878010 0.991492
vt 0.872894 0.991492
vt 0.872894 0.937453
vt 0.878010 0.937453
vt 0.951046 0.798536
vt 0.956161 0.798536
vt 0.956161 0.852532
vt 0.951046 0.852532
vt 0.932591 0.936185
vt 0.937706 0.936185
vt 0.937706 0.989988
vt 0.932591 0.989988
vt 0.225966 0.564286
vt 0.980669 0.798536
vt 0.985784 0.798536
vt 0.985784 0.852327
vt 0.980669 0.852327
vt 0.232247 0.570316
vt 0.937706 0.861010
vt 0.932591 0.861010
vt 0.932591 0.807216
vt 0.937706 0.807216
vt 0.281786 0.519232
vt 0.279133 0.521660
vt 0.274599 0.531966
vt 0.274599 0.608726
vt 0.279133 0.619030
vt 0.281786 0.621458
vt 0.158454 0.391063
vt 0.153338 0.391063
vt 0.153339 0.502817
vt 0.158454 0.502817
vt 0.049879 0.502791
vt 0.052307 0.500138
vt 0.056403 0.489611
vt 0.056403 0.404268
vt 0.145581 0.404270
vt 0.145581 0.489610
vt 0.149677 0.500137
vt 0.152105 0.502790
vt 0.062613 0.495604
vt 0.268606 0.614934
vt 0.183265 0.614934
vt 0.172739 0.619030
vt 0.170085 0.621458
vt 0.170085 0.519232
vt 0.172739 0.521660
vt 0.183264 0.525756
vt 0.268606 0.525756
vt 0.139373 0.495603
vt 0.985784 0.981254
vt 0.985784 0.927502
vt 0.980669 0.927502
vt 0.980669 0.981254
vt 0.094934 0.446971
vt 0.100963 0.453251
vt 0.107016 0.446946
vt 0.100986 0.440665
vt 0.872894 0.855393
vt 0.872894 0.936191
vt 0.878010 0.936191
vt 0.878010 0.855393
vt 0.177272 0.608725
vt 0.177272 0.531966
vt 0.043530 0.502817
vt 0.048646 0.502817
vt 0.048646 0.391063
vt 0.043530 0.391063
vt 0.152076 0.389800
vt 0.152076 0.384685
vt 0.049908 0.384685
vt 0.049908 0.389800
vt 0.985784 0.926239
vt 0.985784 0.853589
vt 0.980669 0.853590
vt 0.980669 0.926239
vt 0.951046 0.853795
vt 0.951046 0.934592
vt 0.956161 0.934592
vt 0.956161 0.853795
vt 0.937706 0.934922
vt 0.937706 0.862273
vt 0.932591 0.862273
vt 0.932591 0.934922
vt 0.049879 0.391090
vt 0.152105 0.391090
vt 0.149677 0.393743
vt 0.139372 0.398277
vt 0.062613 0.398277
vt 0.052307 0.393743
vt 0.232247 0.570316
vt 0.225966 0.564286
vt 0.219661 0.570339
vt 0.225942 0.576368
vt 0.049909 0.504080
vt 0.049908 0.509195
vt 0.152076 0.509195
vt 0.152076 0.504080
vt 0.878010 0.991492
vt 0.878010 0.937453
vt 0.872894 0.937453
vt 0.872894 0.991492
vt 0.951046 0.935855
vt 0.951046 0.989897
vt 0.956161 0.989897
vt 0.956161 0.935855
vt 0.951046 0.798536
vt 0.951046 0.852532
vt 0.956161 0.852532
vt 0.956161 0.798536
vt 0.932591 0.936185
vt 0.932591 0.989988
vt 0.937706 0.989988
vt 0.937706 0.936185
vt 0.980669 0.798536
vt 0.980669 0.852327
vt 0.985784 0.852327
vt 0.985784 0.798536
vt 0.878010 0.854131
vt 0.878010 0.800084
vt 0.872894 0.800084
vt 0.872894 0.854131
vt 0.937706 0.861011
vt 0.937706 0.807216
vt 0.932591 0.807216
vt 0.932591 0.861011
vt 0.281786 0.519232
vt 0.281786 0.621458
vt 0.279133 0.619030
vt 0.274599 0.608726
vt 0.274599 0.531966
vt 0.279133 0.521660
vt 0.158454 0.391063
vt 0.158454 0.502817
vt 0.153339 0.502817
vt 0.153338 0.391063
vt 0.049879 0.502791
vt 0.056403 0.404268
vt 0.056403 0.489611
vt 0.052307 0.500138
vt 0.152105 0.502790
vt 0.149677 0.500137
vt 0.145581 0.489610
vt 0.145581 0.404269
vt 0.062613 0.495604
vt 0.170085 0.621458
vt 0.172739 0.619030
vt 0.183265 0.614934
vt 0.268606 0.614934
vt 0.170085 0.519232
vt 0.268606 0.525756
vt 0.183264 0.525756
vt 0.172739 0.521660
vt 0.139373 0.495604
vt 0.100963 0.453251
vt 0.107016 0.446946
vt 0.094934 0.446971
vt 0.100986 0.440665
vt 0.872894 0.855393
vt 0.878010 0.855393
vt 0.878010 0.936191
vt 0.872894 0.936191
vt 0.177272 0.531966
vt 0.177272 0.608725
vt 0.043530 0.502817
vt 0.043530 0.391063
vt 0.048646 0.391063
vt 0.048646 0.502817
vt 0.152076 0.389800
vt 0.049908 0.389800
vt 0.049908 0.384685
vt 0.152076 0.384685
vt 0.985784 0.926239
vt 0.980669 0.926239
vt 0.980669 0.853590
vt 0.985784 0.853589
vt 0.951046 0.853795
vt 0.956161 0.853795
vt 0.956161 0.934592
vt 0.951046 0.934592
vt 0.937706 0.934922
vt 0.932591 0.934922
vt 0.932591 0.862273
vt 0.937706 0.862273
vt 0.219661 0.570339
vt 0.225942 0.576369
vt 0.878010 0.854131
vt 0.872894 0.854131
vt 0.872894 0.800084
vt 0.878010 0.800084
vt 0.049909 0.504080
vt 0.152076 0.504080
vt 0.152076 0.509195
vt 0.049908 0.509195
vt 0.985784 0.981255
vt 0.980669 0.981254
vt 0.980669 0.927502
vt 0.985784 0.927502
vt 0.951046 0.935855
vt 0.956161 0.935855
vt 0.956161 0.989897
vt 0.951046 0.989897
vt 0.878010 0.991492
vt 0.872894 0.991492
vt 0.872894 0.937453
vt 0.878010 0.937453
vt 0.951046 0.798536
vt 0.956161 0.798536
vt 0.956161 0.852532
vt 0.951046 0.852532
vt 0.932591 0.936185
vt 0.937706 0.936185
vt 0.937706 0.989988
vt 0.932591 0.989988
vt 0.225966 0.564286
vt 0.980669 0.798536
vt 0.985784 0.798536
vt 0.985784 0.852327
vt 0.980669 0.852327
vt 0.232247 0.570316
vt 0.937706 0.861011
vt 0.932591 0.861011
vt 0.932591 0.807216
vt 0.937706 0.807216
vt 0.152707 0.391090
vt 0.152707 0.391063
vt 0.153338 0.390432
vt 0.152707 0.504080
vt 0.152105 0.503448
vt 0.159085 0.502790
vt 0.158454 0.503448
vt 0.158454 0.503448
vt 0.159085 0.391090
vt 0.158454 0.390432
vt 0.049277 0.502817
vt 0.049565 0.503134
vt 0.049277 0.509195
vt 0.049879 0.509826
vt 0.049908 0.390432
vt 0.049591 0.390775
vt 0.042899 0.391090
vt 0.042899 0.391063
vt 0.043530 0.390432
vt 0.101388 0.454659
vt 0.101433 0.453699
vt 0.101005 0.454237
vt 0.872263 0.798882
vt 0.872894 0.799453
vt 0.872894 0.799453
vt 0.980669 0.797904
vt 0.980038 0.797904
vt 0.878010 0.992123
vt 0.878641 0.992123
vt 0.093660 0.447439
vt 0.094488 0.447395
vt 0.094083 0.446970
vt 0.218253 0.570763
vt 0.219214 0.570808
vt 0.218674 0.570381
vt 0.100562 0.439257
vt 0.100516 0.440218
vt 0.100944 0.439679
vt 0.951046 0.797904
vt 0.950414 0.797904
vt 0.985784 0.852958
vt 0.986416 0.852958
vt 0.144527 0.487502
vt 0.144446 0.488475
vt 0.144636 0.487623
vt 0.956161 0.853163
vt 0.956792 0.853163
vt 0.064460 0.494504
vt 0.063640 0.494576
vt 0.064321 0.494658
vt 0.937706 0.862066
vt 0.938338 0.862273
vt 0.938338 0.861642
vt 0.057457 0.406379
vt 0.057540 0.405404
vt 0.057348 0.406258
vt 0.878010 0.855230
vt 0.878641 0.855393
vt 0.878641 0.854762
vt 0.137524 0.399376
vt 0.138344 0.399304
vt 0.137664 0.399222
vt 0.980669 0.926447
vt 0.980038 0.926239
vt 0.980038 0.926870
vt 0.266498 0.526811
vt 0.267471 0.526892
vt 0.266619 0.526701
vt 0.872894 0.936354
vt 0.872894 0.936822
vt 0.872263 0.936822
vt 0.273500 0.606877
vt 0.273571 0.607698
vt 0.273654 0.607016
vt 0.932591 0.935554
vt 0.931960 0.935554
vt 0.872263 0.854762
vt 0.872894 0.854762
vt 0.951046 0.935224
vt 0.950414 0.935224
vt 0.178372 0.533813
vt 0.178300 0.532993
vt 0.178218 0.533673
vt 0.152707 0.389800
vt 0.152105 0.390432
vt 0.152707 0.502790
vt 0.152707 0.502817
vt 0.153339 0.503448
vt 0.152707 0.509195
vt 0.152105 0.509826
vt 0.158454 0.390432
vt 0.159085 0.391090
vt 0.049909 0.503448
vt 0.049592 0.503105
vt 0.042899 0.502791
vt 0.043530 0.503448
vt 0.043530 0.503448
vt 0.049277 0.391063
vt 0.049565 0.390746
vt 0.049277 0.384685
vt 0.049879 0.384054
vt 0.985784 0.797904
vt 0.986416 0.797904
vt 0.872894 0.992123
vt 0.872263 0.992123
vt 0.233655 0.570741
vt 0.232695 0.570786
vt 0.233233 0.570358
vt 0.108290 0.447414
vt 0.107462 0.447371
vt 0.107867 0.446946
vt 0.956161 0.990593
vt 0.956793 0.989897
vt 0.956793 0.990529
vt 0.932591 0.990620
vt 0.931960 0.990620
vt 0.937706 0.990557
vt 0.938338 0.989988
vt 0.938338 0.990620
vt 0.226434 0.563013
vt 0.226391 0.563841
vt 0.225966 0.563436
vt 0.137524 0.494505
vt 0.138345 0.494575
vt 0.137663 0.494658
vt 0.878010 0.936354
vt 0.878641 0.936191
vt 0.878641 0.936822
vt 0.057458 0.487502
vt 0.057539 0.488475
vt 0.057348 0.487623
vt 0.985784 0.926447
vt 0.986416 0.926239
vt 0.986416 0.926870
vt 0.064460 0.399376
vt 0.063640 0.399304
vt 0.064320 0.399222
vt 0.956161 0.935224
vt 0.956793 0.935224
vt 0.144527 0.406378
vt 0.144445 0.405405
vt 0.144636 0.406257
vt 0.937706 0.935554
vt 0.938338 0.935554
vt 0.273500 0.533813
vt 0.273572 0.532993
vt 0.273654 0.533674
vt 0.951046 0.853163
vt 0.950414 0.853163
vt 0.872263 0.936822
vt 0.872894 0.936822
vt 0.980669 0.852958
vt 0.980038 0.852958
vt 0.178372 0.606878
vt 0.178300 0.607697
vt 0.178218 0.607017
vt 0.872894 0.855230
vt 0.872263 0.855393
vt 0.872263 0.854762
vt 0.185374 0.526810
vt 0.184400 0.526893
vt 0.185254 0.526701
vt 0.932591 0.862065
vt 0.931960 0.862273
vt 0.931960 0.861642
vt 0.152707 0.391090
vt 0.152707 0.391063
vt 0.153338 0.390432
vt 0.152707 0.504080
vt 0.152105 0.503448
vt 0.159085 0.502790
vt 0.158454 0.503448
vt 0.158454 0.503448
vt 0.159085 0.391090
vt 0.158454 0.390432
vt 0.049277 0.502817
vt 0.049565 0.503134
vt 0.049277 0.509195
vt 0.049879 0.509826
vt 0.049908 0.390432
vt 0.049591 0.390775
vt 0.042899 0.391090
vt 0.042899 0.391063
vt 0.043530 0.390432
vt 0.101388 0.454659
vt 0.101433 0.453699
vt 0.101005 0.454237
vt 0.872263 0.798882
vt 0.872263 0.800084
vt 0.872894 0.799453
vt 0.980669 0.797904
vt 0.980038 0.797904
vt 0.878010 0.992123
vt 0.878641 0.992123
vt 0.093660 0.447439
vt 0.094488 0.447395
vt 0.094083 0.446970
vt 0.218253 0.570763
vt 0.219214 0.570809
vt 0.218674 0.570381
vt 0.100562 0.439257
vt 0.100516 0.440218
vt 0.100944 0.439679
vt 0.951046 0.797904
vt 0.950414 0.797904
vt 0.985784 0.852958
vt 0.986416 0.852958
vt 0.144527 0.487502
vt 0.144446 0.488475
vt 0.144636 0.487623
vt 0.956161 0.853163
vt 0.956792 0.853163
vt 0.064460 0.494504
vt 0.063640 0.494576
vt 0.064321 0.494658
vt 0.937706 0.862065
vt 0.938338 0.862273
vt 0.938338 0.861642
vt 0.057457 0.406379
vt 0.057540 0.405404
vt 0.057348 0.406258
vt 0.878010 0.855230
vt 0.878641 0.855393
vt 0.878641 0.854762
vt 0.137524 0.399376
vt 0.138344 0.399304
vt 0.137664 0.399222
vt 0.980669 0.926447
vt 0.980038 0.926239
vt 0.980038 0.926870
vt 0.266498 0.526811
vt 0.267471 0.526892
vt 0.266619 0.526701
vt 0.872894 0.936354
vt 0.872894 0.936822
vt 0.872263 0.936822
vt 0.273500 0.606877
vt 0.273571 0.607698
vt 0.273654 0.607016
vt 0.932591 0.935554
vt 0.931960 0.935554
vt 0.872263 0.854762
vt 0.872894 0.854762
vt 0.951046 0.935224
vt 0.950414 0.935224
vt 0.178372 0.533813
vt 0.178300 0.532993
vt 0.178218 0.533673
vt 0.152707 0.389800
vt 0.152105 0.390432
vt 0.152707 0.502790
vt 0.152707 0.502817
vt 0.153339 0.503448
vt 0.152707 0.509195
vt 0.152105 0.509826
vt 0.158454 0.390432
vt 0.159085 0.391090
vt 0.049909 0.503448
vt 0.049592 0.503105
vt 0.042899 0.502791
vt 0.043530 0.503448
vt 0.043530 0.503448
vt 0.049277 0.391063
vt 0.049565 0.390746
vt 0.049277 0.384685
vt 0.049879 0.384054
vt 0.985784 0.797904
vt 0.986416 0.797904
vt 0.872894 0.992123
vt 0.872263 0.992123
vt 0.233655 0.570741
vt 0.232695 0.570786
vt 0.233233 0.570358
vt 0.108290 0.447414
vt 0.107462 0.447371
vt 0.107867 0.446946
vt 0.956161 0.990593
vt 0.956793 0.989897
vt 0.956793 0.990529
vt 0.932591 0.990620
vt 0.931960 0.990620
vt 0.937706 0.990557
vt 0.938338 0.989988
vt 0.938338 0.990620
vt 0.226434 0.563013
vt 0.226391 0.563841
vt 0.225966 0.563436
vt 0.137524 0.494505
vt 0.138345 0.494575
vt 0.137663 0.494658
vt 0.878010 0.936354
vt 0.878641 0.936191
vt 0.878641 0.936822
vt 0.057458 0.487502
vt 0.057539 0.488475
vt 0.057348 0.487623
vt 0.985784 0.926447
vt 0.986416 0.926239
vt 0.986416 0.926870
vt 0.064460 0.399376
vt 0.063640 0.399304
vt 0.064320 0.399222
vt 0.956161 0.935224
vt 0.956793 0.935224
vt 0.144527 0.406378
vt 0.144445 0.405405
vt 0.144636 0.406257
vt 0.937706 0.935554
vt 0.938338 0.935554
vt 0.273500 0.533813
vt 0.273572 0.532993
vt 0.273654 0.533674
vt 0.951046 0.853163
vt 0.950414 0.853163
vt 0.872263 0.936822
vt 0.872894 0.936822
vt 0.980669 0.852958
vt 0.980038 0.852958
vt 0.178372 0.606878
vt 0.178300 0.607697
vt 0.178218 0.607017
vt 0.872894 0.855230
vt 0.872263 0.855393
vt 0.872263 0.854762
vt 0.185374 0.526810
vt 0.184400 0.526893
vt 0.185254 0.526701
vt 0.932591 0.862065
vt 0.931960 0.862273
vt 0.931960 0.861642
vt 0.152707 0.391090
vt 0.152707 0.391063
vt 0.153338 0.390432
vt 0.152707 0.504080
vt 0.152105 0.503448
vt 0.159085 0.502790
vt 0.158454 0.503448
vt 0.158454 0.503448
vt 0.159085 0.391090
vt 0.158454 0.390432
vt 0.049277 0.502817
vt 0.049565 0.503134
vt 0.049277 0.509195
vt 0.049879 0.509826
vt 0.049908 0.390432
vt 0.049591 0.390775
vt 0.042899 0.391090
vt 0.042899 0.391063
vt 0.043530 0.390432
vt 0.101388 0.454659
vt 0.101433 0.453699
vt 0.101005 0.454237
vt 0.872263 0.798882
vt 0.872263 0.800084
vt 0.872894 0.799453
vt 0.980669 0.797904
vt 0.980038 0.797904
vt 0.878010 0.992123
vt 0.878641 0.992123
vt 0.093660 0.447439
vt 0.094488 0.447395
vt 0.094083 0.446970
vt 0.218253 0.570763
vt 0.219214 0.570809
vt 0.218674 0.570381
vt 0.100562 0.439257
vt 0.100516 0.440218
vt 0.100944 0.439679
vt 0.951046 0.797904
vt 0.950414 0.797904
vt 0.985784 0.852958
vt 0.986416 0.852958
vt 0.144527 0.487502
vt 0.144446 0.488475
vt 0.144636 0.487623
vt 0.956161 0.853163
vt 0.956792 0.853163
vt 0.064460 0.494504
vt 0.063640 0.494576
vt 0.064321 0.494658
vt 0.937706 0.862065
vt 0.938338 0.862273
vt 0.938338 0.861642
vt 0.057457 0.406379
vt 0.057540 0.405404
vt 0.057348 0.406258
vt 0.878010 0.855230
vt 0.878641 0.855393
vt 0.878641 0.854762
vt 0.137524 0.399376
vt 0.138344 0.399304
vt 0.137664 0.399222
vt 0.980669 0.926447
vt 0.980038 0.926239
vt 0.980038 0.926870
vt 0.266498 0.526811
vt 0.267471 0.526892
vt 0.266619 0.526701
vt 0.872894 0.936354
vt 0.872894 0.936822
vt 0.872263 0.936822
vt 0.273500 0.606877
vt 0.273571 0.607698
vt 0.273654 0.607016
vt 0.932591 0.935554
vt 0.931960 0.935554
vt 0.872263 0.854762
vt 0.872894 0.854762
vt 0.951046 0.935224
vt 0.950414 0.935224
vt 0.178372 0.533813
vt 0.178300 0.532993
vt 0.178218 0.533673
vt 0.152707 0.389800
vt 0.152105 0.390432
vt 0.152707 0.502790
vt 0.152707 0.502817
vt 0.153339 0.503448
vt 0.152707 0.509195
vt 0.152105 0.509826
vt 0.158454 0.390432
vt 0.159085 0.391090
vt 0.049909 0.503448
vt 0.049592 0.503105
vt 0.042899 0.502791
vt 0.043530 0.503448
vt 0.043530 0.503448
vt 0.049277 0.391063
vt 0.049565 0.390746
vt 0.049277 0.384685
vt 0.049879 0.384054
vt 0.985784 0.797904
vt 0.986416 0.797904
vt 0.872894 0.992123
vt 0.872263 0.992123
vt 0.233655 0.570741
vt 0.232695 0.570786
vt 0.233233 0.570358
vt 0.108290 0.447414
vt 0.107462 0.447371
vt 0.107867 0.446946
vt 0.956161 0.990593
vt 0.956161 0.990529
vt 0.956793 0.990529
vt 0.932591 0.990620
vt 0.931960 0.990620
vt 0.937706 0.990557
vt 0.938338 0.989988
vt 0.938338 0.990620
vt 0.226434 0.563013
vt 0.226391 0.563841
vt 0.225966 0.563436
vt 0.137524 0.494505
vt 0.138345 0.494575
vt 0.137663 0.494658
vt 0.878010 0.936354
vt 0.878641 0.936191
vt 0.878641 0.936822
vt 0.057458 0.487502
vt 0.057539 0.488475
vt 0.057348 0.487623
vt 0.985784 0.926447
vt 0.986416 0.926239
vt 0.986416 0.926870
vt 0.064460 0.399376
vt 0.063640 0.399304
vt 0.064320 0.399222
vt 0.956161 0.935224
vt 0.956793 0.935224
vt 0.144527 0.406378
vt 0.144445 0.405405
vt 0.144636 0.406257
vt 0.937706 0.935554
vt 0.938338 0.935554
vt 0.273500 0.533813
vt 0.273572 0.532993
vt 0.273654 0.533674
vt 0.951046 0.853163
vt 0.950414 0.853163
vt 0.872263 0.936822
vt 0.872894 0.936822
vt 0.980669 0.852958
vt 0.980038 0.852958
vt 0.178372 0.606878
vt 0.178300 0.607697
vt 0.178218 0.607017
vt 0.872894 0.855230
vt 0.872263 0.855393
vt 0.872263 0.854762
vt 0.185374 0.526810
vt 0.184400 0.526893
vt 0.185254 0.526701
vt 0.932591 0.862065
vt 0.931960 0.862273
vt 0.931960 0.861642
vt 0.152105 0.509826
vt 0.153339 0.503448
vt 0.049277 0.504080
vt 0.152105 0.384054
vt 0.049879 0.384054
vt 0.049277 0.384685
vt 0.049277 0.389800
vt 0.042899 0.502791
vt 0.956161 0.797904
vt 0.233655 0.570741
vt 0.093660 0.446502
vt 0.064460 0.399376
vt 0.872263 0.992123
vt 0.137524 0.494505
vt 0.108290 0.447414
vt 0.225497 0.563013
vt 0.185374 0.526810
vt 0.932591 0.990620
vt 0.937706 0.990620
vt 0.218253 0.569915
vt 0.137317 0.494972
vt 0.064668 0.494972
vt 0.273968 0.534020
vt 0.273968 0.606670
vt 0.144950 0.406541
vt 0.144950 0.487339
vt 0.185537 0.526387
vt 0.266335 0.526387
vt 0.057034 0.487339
vt 0.057034 0.406541
vt 0.064667 0.398908
vt 0.137317 0.398908
vt 0.177904 0.606670
vt 0.177904 0.534020
vt 0.872894 0.992123
vt 0.985784 0.797904
vt 0.178372 0.606878
vt 0.233655 0.569893
vt 0.273500 0.533813
vt 0.057458 0.487502
vt 0.226434 0.563013
vt 0.872263 0.799453
vt 0.100540 0.454659
vt 0.108290 0.446478
vt 0.144527 0.406378
vt 0.101410 0.439257
vt 0.049879 0.509826
vt 0.153338 0.390432
vt 0.158454 0.503448
vt 0.049277 0.509195
vt 0.049277 0.504080
vt 0.152105 0.384054
vt 0.049277 0.389800
vt 0.042899 0.391090
vt 0.159085 0.502790
vt 0.956161 0.990529
vt 0.951046 0.990529
vt 0.273500 0.606877
vt 0.093660 0.446502
vt 0.057457 0.406379
vt 0.100562 0.439257
vt 0.101388 0.454659
vt 0.144527 0.487502
vt 0.225497 0.563013
vt 0.218253 0.569915
vt 0.178372 0.533813
vt 0.064668 0.494972
vt 0.137317 0.494972
vt 0.273968 0.606670
vt 0.273968 0.534020
vt 0.144950 0.487339
vt 0.144950 0.406541
vt 0.266335 0.526387
vt 0.185537 0.526387
vt 0.057034 0.406541
vt 0.057034 0.487339
vt 0.137317 0.398908
vt 0.064667 0.398908
vt 0.177904 0.534020
vt 0.177904 0.606670
vt 0.872894 0.799453
vt 0.878010 0.799453
vt 0.980669 0.797904
vt 0.218253 0.570763
vt 0.233655 0.569893
vt 0.093660 0.447439
vt 0.266498 0.526811
vt 0.872263 0.799453
vt 0.100540 0.454659
vt 0.064460 0.494504
vt 0.108290 0.446478
vt 0.101410 0.439257
vt 0.137524 0.399376
vt 0.152105 0.509826
vt 0.153339 0.503448
vt 0.049277 0.504080
vt 0.152105 0.384054
vt 0.049879 0.384054
vt 0.049277 0.384685
vt 0.049277 0.389800
vt 0.042899 0.502791
vt 0.956161 0.797904
vt 0.233655 0.570741
vt 0.093660 0.446502
vt 0.064460 0.399376
vt 0.872263 0.992123
vt 0.137524 0.494505
vt 0.108290 0.447414
vt 0.225497 0.563013
vt 0.185374 0.526810
vt 0.932591 0.990620
vt 0.937706 0.990620
vt 0.218253 0.569915
vt 0.137317 0.494972
vt 0.064668 0.494972
vt 0.273968 0.534020
vt 0.273968 0.606670
vt 0.144950 0.406541
vt 0.144950 0.487339
vt 0.185537 0.526387
vt 0.266335 0.526387
vt 0.057034 0.487339
vt 0.057034 0.406541
vt 0.064667 0.398908
vt 0.137317 0.398908
vt 0.177904 0.606670
vt 0.177904 0.534020
vt 0.872894 0.992123
vt 0.985784 0.797904
vt 0.178372 0.606878
vt 0.233655 0.569893
vt 0.273500 0.533813
vt 0.057458 0.487502
vt 0.226434 0.563013
vt 0.872263 0.799453
vt 0.100540 0.454659
vt 0.108290 0.446478
vt 0.144527 0.406378
vt 0.101410 0.439257
vt 0.049879 0.509826
vt 0.153338 0.390432
vt 0.158454 0.503448
vt 0.049277 0.509195
vt 0.049277 0.504080
vt 0.152105 0.384054
vt 0.049277 0.389800
vt 0.042899 0.391090
vt 0.159085 0.502790
vt 0.956161 0.990529
vt 0.951046 0.990529
vt 0.273500 0.606877
vt 0.093660 0.446502
vt 0.057457 0.406379
vt 0.100562 0.439257
vt 0.101388 0.454659
vt 0.144527 0.487502
vt 0.225497 0.563013
vt 0.218253 0.569915
vt 0.178372 0.533813
vt 0.064668 0.494972
vt 0.137317 0.494972
vt 0.273968 0.606670
vt 0.273968 0.534020
vt 0.144950 0.487339
vt 0.144950 0.406541
vt 0.266335 0.526387
vt 0.185537 0.526387
vt 0.057034 0.406541
vt 0.057034 0.487339
vt 0.137317 0.398908
vt 0.064667 0.398908
vt 0.177904 0.534020
vt 0.177904 0.606670
vt 0.872894 0.799453
vt 0.878010 0.799453
vt 0.980669 0.797904
vt 0.218253 0.570763
vt 0.233655 0.569893
vt 0.093660 0.447439
vt 0.266498 0.526811
vt 0.872263 0.799453
vt 0.100540 0.454659
vt 0.064460 0.494504
vt 0.108290 0.446478
vt 0.101410 0.439257
vt 0.137524 0.399376
vt 0.152105 0.509826
vt 0.153339 0.503448
vt 0.049277 0.504080
vt 0.152105 0.384054
vt 0.049879 0.384054
vt 0.049277 0.384685
vt 0.049277 0.389800
vt 0.042899 0.502791
vt 0.956161 0.797904
vt 0.233655 0.570741
vt 0.093660 0.446502
vt 0.064460 0.399376
vt 0.872263 0.992123
vt 0.137524 0.494505
vt 0.108290 0.447414
vt 0.225497 0.563013
vt 0.185374 0.526810
vt 0.932591 0.990620
vt 0.937706 0.990620
vt 0.218253 0.569915
vt 0.137317 0.494972
vt 0.064668 0.494972
vt 0.273968 0.534020
vt 0.273968 0.606670
vt 0.144950 0.406541
vt 0.144950 0.487339
vt 0.185537 0.526387
vt 0.266335 0.526387
vt 0.057034 0.487339
vt 0.057034 0.406541
vt 0.064667 0.398908
vt 0.137317 0.398908
vt 0.177904 0.606670
vt 0.177904 0.534020
vt 0.872894 0.992123
vt 0.985784 0.797904
vt 0.178372 0.606878
vt 0.233655 0.569893
vt 0.273500 0.533813
vt 0.057458 0.487502
vt 0.226434 0.563013
vt 0.872263 0.799453
vt 0.100540 0.454659
vt 0.108290 0.446478
vt 0.144527 0.406378
vt 0.101410 0.439257
vt 0.049879 0.509826
vt 0.153338 0.390432
vt 0.158454 0.503448
vt 0.049277 0.509195
vt 0.049277 0.504080
vt 0.152105 0.384054
vt 0.049277 0.389800
vt 0.042899 0.391090
vt 0.159085 0.502790
vt 0.956161 0.990529
vt 0.951046 0.990529
vt 0.273500 0.606877
vt 0.093660 0.446502
vt 0.057457 0.406379
vt 0.100562 0.439257
vt 0.101388 0.454659
vt 0.144527 0.487502
vt 0.225497 0.563013
vt 0.218253 0.569915
vt 0.178372 0.533813
vt 0.064668 0.494972
vt 0.137317 0.494972
vt 0.273968 0.606670
vt 0.273968 0.534020
vt 0.144950 0.487339
vt 0.144950 0.406541
vt 0.266335 0.526387
vt 0.185537 0.526387
vt 0.057034 0.406541
vt 0.057034 0.487339
vt 0.137317 0.398908
vt 0.064667 0.398908
vt 0.177904 0.534020
vt 0.177904 0.606670
vt 0.872894 0.799453
vt 0.878010 0.799453
vt 0.980669 0.797904
vt 0.218253 0.570763
vt 0.233655 0.569893
vt 0.093660 0.447439
vt 0.266498 0.526811
vt 0.872263 0.799453
vt 0.100540 0.454659
vt 0.064460 0.494504
vt 0.108290 0.446478
vt 0.101410 0.439257
vt 0.137524 0.399376
vn -0.0000 0.0000 -1.0000
vn 0.0000 -1.0000 0.0000
vn 0.0000 0.0000 1.0000
vn -0.6712 -0.7413 0.0000
vn 0.0000 1.0000 0.0000
vn 1.0000 0.0000 0.0000
vn -1.0000 0.0000 0.0000
vn 0.6706 -0.7418 0.0000
vn -0.6699 0.7424 0.0000
vn 0.6704 0.7420 0.0000
vn 0.6712 0.7412 0.0000
vn -0.6718 0.7407 -0.0000
vn -0.6705 -0.7419 0.0000
vn 0.6711 -0.7414 0.0000
vn 0.6705 -0.7419 0.0000
vn 0.6712 -0.7413 0.0000
vn 0.6699 0.7424 0.0000
vn -0.6706 -0.7418 0.0000
vn -0.6704 0.7420 0.0000
vn -0.6712 0.7412 0.0000
vn 0.6718 0.7407 0.0000
vn -0.6711 -0.7414 -0.0000
vn 0.5781 -0.5781 0.5758
vn -0.5781 -0.5781 0.5759
vn -0.5781 -0.5781 -0.5758
vn 0.5781 -0.5781 -0.5758
vn -0.5781 0.5781 0.5758
vn -0.5781 0.5781 -0.5758
vn 0.5781 0.5781 0.5758
vn 0.5781 0.5781 -0.5758
vn -0.4091 -0.0001 0.9125
vn 0.0000 -0.4439 -0.8961
vn -0.4091 -0.0001 -0.9125
vn 0.0000 -0.4439 0.8961
vn 0.0002 0.4441 0.8960
vn 0.4090 -0.0000 -0.9125
vn 0.4090 -0.0000 0.9125
vn 0.0002 0.4441 -0.8960
vn 0.1149 0.2592 0.9590
vn 0.2425 0.0933 0.9657
vn 0.2425 -0.0933 0.9657
vn 0.1150 -0.2593 0.9589
vn -0.1150 -0.2593 0.9589
vn -0.2423 -0.0932 0.9657
vn -0.2425 0.0933 0.9657
vn -0.1150 0.2593 0.9589
vn 0.1150 -0.2593 -0.9589
vn 0.2425 -0.0933 -0.9657
vn 0.2425 0.0933 -0.9657
vn 0.1149 0.2592 -0.9590
vn -0.1150 0.2593 -0.9589
vn -0.2425 0.0933 -0.9657
vn -0.2423 -0.0932 -0.9657
vn -0.1150 -0.2593 -0.9589
vn -0.5781 -0.5781 0.5758
vn 0.5781 -0.5781 0.5759
vn 0.5781 -0.5781 -0.5759
vn 0.4091 -0.0001 0.9125
vn 0.4091 -0.0001 -0.9125
vn -0.0002 0.4441 0.8960
vn -0.4090 -0.0000 -0.9125
vn -0.4090 -0.0000 0.9125
vn -0.0002 0.4441 -0.8960
vn -0.1149 0.2592 0.9590
vn -0.2425 -0.0933 0.9657
vn 0.2423 -0.0932 0.9657
vn 0.1150 0.2593 0.9589
vn -0.2425 -0.0933 -0.9657
vn -0.1149 0.2592 -0.9590
vn 0.1150 0.2593 -0.9589
vn 0.2423 -0.0932 -0.9657
vn 0.5781 0.5781 0.5759
vn 0.1148 0.2592 0.9590
vn -0.1151 -0.2593 0.9589
vn -0.2423 -0.0931 0.9657
vn -0.2424 0.0933 0.9657
vn 0.1148 0.2592 -0.9590
vn -0.2423 -0.0931 -0.9657
vn -0.1151 -0.2593 -0.9589
vn -0.1148 0.2592 0.9590
vn 0.1151 -0.2593 0.9589
vn 0.2423 -0.0931 0.9657
vn 0.2424 0.0933 0.9657
vn -0.1148 0.2592 -0.9590
vn 0.2423 -0.0931 -0.9657
vn 0.1151 -0.2593 -0.9589
vn -0.4091 -0.0002 0.9125
vn 0.2425 0.0934 0.9657
vn 0.2424 -0.0933 -0.9657
vn 0.2425 0.0934 -0.9657
vn 0.4091 -0.0002 -0.9125
vn -0.2425 0.0934 0.9657
vn -0.2424 -0.0933 0.9657
vn -0.2425 0.0934 -0.9657
vn -0.6923 0.0000 0.7216
vn 0.6923 0.0000 0.7216
vn -0.6923 0.0000 -0.7216
vn 0.7071 -0.7071 0.0000
vn -0.7071 -0.7071 0.0000
vn -0.7071 0.7071 0.0000
vn 0.6923 0.0000 -0.7216
vn 0.7071 0.7071 0.0000
vn 0.0000 0.7236 0.6902
vn 0.0000 0.7236 -0.6902
vn 0.0000 -0.7236 -0.6902
vn 0.0000 -0.7236 0.6902
vn 0.0004 1.0000 0.0000
vn -0.4750 0.5238 -0.7071
vn -0.4737 0.5250 0.7071
vn 0.4745 -0.5242 0.7071
vn 0.4742 -0.5246 -0.7071
vn -0.4750 0.5238 0.7071
vn 0.4742 -0.5246 0.7071
vn -0.4737 0.5250 -0.7071
vn 1.0000 -0.0001 0.0000
vn 0.4745 -0.5242 -0.7071
vn -0.4054 0.9141 0.0000
vn -0.9333 0.3592 0.0000
vn 0.4051 0.9143 0.0000
vn 0.9332 0.3593 0.0000
vn 0.9333 -0.3592 0.0000
vn 0.4054 -0.9141 0.0000
vn -0.4055 -0.9141 0.0000
vn -0.9334 -0.3588 0.0000
vn 0.7071 0.0000 0.7071
vn 0.7071 0.0000 -0.7071
vn 0.0000 0.7071 -0.7071
vn 0.0000 0.7071 0.7071
vn 0.0000 -0.7071 -0.7071
vn 0.0000 -0.7071 0.7071
vn -0.7071 0.0000 0.7071
vn -0.7071 0.0000 -0.7071
vn 0.0001 -1.0000 0.0000
vn -1.0000 -0.0004 0.0000
vn 0.4746 0.5241 -0.7071
vn -0.4746 -0.5242 -0.7071
vn 0.4741 0.5246 0.7071
vn 0.4741 0.5246 -0.7071
vn -0.4741 -0.5246 -0.7071
vn -0.4746 -0.5242 0.7071
vn -0.4741 -0.5246 0.7071
vn 0.4746 0.5241 0.7071
vn -0.0004 1.0000 0.0000
vn 0.4750 0.5238 -0.7071
vn 0.4737 0.5250 0.7071
vn -0.4745 -0.5242 0.7071
vn -0.4742 -0.5246 -0.7071
vn 0.4750 0.5238 0.7071
vn -0.4742 -0.5246 0.7071
vn 0.4737 0.5250 -0.7071
vn -1.0000 -0.0001 0.0000
vn -0.4745 -0.5242 -0.7071
vn 0.4054 0.9141 0.0000
vn 0.9333 0.3592 0.0000
vn -0.4051 0.9143 -0.0000
vn -0.9332 0.3593 0.0000
vn -0.9333 -0.3592 0.0000
vn -0.4054 -0.9141 0.0000
vn 0.4055 -0.9141 0.0000
vn 0.9334 -0.3588 0.0000
vn -0.0001 -1.0000 0.0000
vn 1.0000 -0.0004 0.0000
vn -0.4746 0.5241 -0.7071
vn 0.4746 -0.5242 -0.7071
vn -0.4741 0.5246 0.7071
vn -0.4741 0.5246 -0.7071
vn 0.4741 -0.5246 -0.7071
vn 0.4746 -0.5242 0.7071
vn 0.4741 -0.5246 0.7071
vn -0.4746 0.5241 0.7071
vn 0.4747 0.5241 -0.7071
vn 0.4741 0.5247 0.7071
vn 0.4741 0.5247 -0.7071
vn -0.4747 0.5241 -0.7071
vn -0.4741 0.5247 0.7071
vn -0.4741 0.5247 -0.7071
vn -0.4055 0.9141 0.0000
vn 0.4055 0.9141 0.0000
usemtl None
s off
f 1918/1961/517 1857/1962/517 1975/1963/517 1983/1964/517 1858/1965/517 1907/1966/517
f 1910/1967/518 1902/1968/518 1905/1969/518 1908/1970/518
f 1913/1971/519 1854/1972/519 1957/1973/519 1965/1974/519 1855/1975/519 1921/1976/519
f 1901/1977/519 1856/1978/519 1969/1979/519 1953/1980/519 1853/1981/519 1906/1982/519
f 1957/1973/519 1854/1972/519 1959/1983/519
f 1907/1966/517 1858/1965/517 1981/1984/517 1989/1985/517 1859/1986/517 1911/1987/517
f 1922/1988/517 1860/1989/517 1993/1990/517 1977/1991/517 1857/1962/517 1918/1961/517
f 1906/1982/519 1853/1981/519 1951/1992/519 1959/1983/519 1854/1972/519 1913/1971/519
f 1927/1993/520 1958/1994/520 1973/1995/520 1932/1996/520
f 1938/1997/519 1926/1998/519 1936/1999/519 1944/2000/519
f 1963/2001/519 1855/1975/519 1965/1974/519
f 1990/2002/521 1980/2003/521 1954/2004/521 1968/2005/521
f 1911/1987/517 1859/1986/517 1987/2006/517 1995/2007/517 1860/1989/517 1922/1988/517
f 1969/1979/519 1856/1978/519 1971/2008/519
f 1917/2009/521 1914/2010/521 1920/2011/521 1923/2012/521
f 1903/2013/522 1912/2014/522 1924/2015/522 1919/2016/522
f 1960/2017/522 1950/2018/522 1984/2019/522 1974/2020/522
f 1978/2021/518 1992/2022/518 1966/2023/518 1956/2024/518
f 1972/2025/523 1962/2026/523 1996/2027/523 1986/2028/523
f 1975/1963/517 1857/1962/517 1977/1991/517
f 1981/1984/517 1858/1965/517 1983/1964/517
f 1987/2006/517 1859/1986/517 1989/1985/517
f 1993/1990/517 1860/1989/517 1995/2007/517
f 2015/2029/519 1999/2030/519 1864/2031/519 2068/2032/519 2058/2033/519 1863/2034/519
f 1971/2008/519 1944/2000/519 1936/1999/519 1969/1979/519
f 1933/2035/517 1975/1963/517 1977/1991/517 1948/2036/517
f 1938/1997/519 1957/1973/519 1959/1983/519 1926/1998/519
f 1941/2037/517 1928/2038/517 1933/2035/517 1948/2036/517
f 1915/2039/523 1916/2040/523 1909/2041/523 1904/2042/523
f 1934/2043/524 1952/2044/524 1979/2045/524 1930/2046/524
f 1991/2047/525 1947/2048/525 1939/2049/525 1964/2050/525
f 1926/1998/519 1951/1992/519 1953/1980/519 1936/1999/519
f 1946/2051/526 1976/2052/526 1955/2053/526 1937/2054/526
f 1951/1992/519 1853/1981/519 1953/1980/519
f 1985/2055/527 1940/2056/527 1945/2057/527 1970/2058/527
f 1995/2007/517 1941/2037/517 1948/2036/517 1993/1990/517
f 1931/2059/528 1982/2060/528 1949/2061/528 1925/2062/528
f 1967/2063/529 1935/2064/529 1929/2065/529 1988/2066/529
f 1928/2038/517 1981/1984/517 1983/1964/517 1933/2035/517
f 1989/1985/517 1928/2038/517 1941/2037/517 1987/2006/517
f 1961/2067/530 1943/2068/530 1942/2069/530 1994/2070/530
f 1965/1974/519 1938/1997/519 1944/2000/519 1963/2001/519
f 2012/2071/517 2005/2072/517 1866/2073/517 2080/2074/517 2070/2075/517 1865/2076/517
f 2006/2077/518 2004/2078/518 2001/2079/518 1998/2080/518
f 2011/2081/519 2015/2029/519 1863/2034/519 2062/2082/519 2052/2083/519 1862/2084/519
f 1999/2030/519 2000/2085/519 1861/2086/519 2050/2087/519 2064/2088/519 1864/2031/519
f 2052/2083/519 2056/2089/519 1862/2084/519
f 2005/2072/517 2008/2090/517 1867/2091/517 2086/2092/517 2076/2093/517 1866/2073/517
f 2020/2094/517 2012/2071/517 1865/2076/517 2074/2095/517 2088/2096/517 1868/2097/517
f 2000/2085/519 2011/2081/519 1862/2084/519 2056/2089/519 2046/2098/519 1861/2086/519
f 2023/2099/519 2031/2100/519 2050/2087/519 2046/2098/519
f 2035/2101/519 2041/2102/519 2031/2100/519 2023/2099/519
f 2058/2033/519 2062/2082/519 1863/2034/519
f 2085/2103/521 2065/2104/521 2049/2105/521 2077/2106/521
f 2008/2090/517 2020/2094/517 1868/2097/517 2092/2107/517 2082/2108/517 1867/2091/517
f 2064/2088/519 2068/2032/519 1864/2031/519
f 2013/2109/521 2019/2110/521 2016/2111/521 2010/2112/521
f 1997/2113/523 2017/2114/523 2018/2115/523 2007/2116/523
f 2055/2117/523 2071/2118/523 2079/2119/523 2047/2120/523
f 2073/2121/518 2053/2122/518 2061/2123/518 2089/2124/518
f 2067/2125/522 2083/2126/522 2091/2127/522 2059/2128/522
f 2070/2075/517 2074/2095/517 1865/2076/517
f 2076/2093/517 2080/2074/517 1866/2073/517
f 2082/2108/517 2086/2092/517 1867/2091/517
f 2088/2096/517 2092/2107/517 1868/2097/517
f 2113/2129/519 1871/2130/519 2155/2131/519 2163/2132/519 1872/2133/519 2093/2134/519
f 2068/2032/519 2064/2088/519 2031/2100/519 2041/2102/519
f 2086/2092/517 2082/2108/517 2038/2135/517 2026/2136/517
f 2035/2101/519 2023/2099/519 2056/2089/519 2052/2083/519
f 2063/2137/531 2084/2138/531 2025/2139/531 2032/2140/531
f 2009/2141/522 2002/2142/522 2003/2143/522 2014/2144/522
f 2022/2145/532 2029/2146/532 2069/2147/532 2054/2148/532
f 2087/2149/533 2060/2150/533 2034/2151/533 2044/2152/533
f 2030/2153/534 2024/2154/534 2075/2155/534 2048/2156/534
f 2042/2157/535 2033/2158/535 2051/2159/535 2072/2160/535
f 2046/2098/519 2050/2087/519 1861/2086/519
f 2081/2161/536 2066/2162/536 2040/2163/536 2036/2164/536
f 2092/2107/517 2088/2096/517 2043/2165/517 2038/2135/517
f 2027/2166/537 2021/2167/537 2045/2168/537 2078/2169/537
f 2028/2170/517 2043/2165/517 2074/2095/517 2070/2075/517
f 2038/2135/517 2043/2165/517 2028/2170/517 2026/2136/517
f 2026/2136/517 2028/2170/517 2080/2074/517 2076/2093/517
f 2057/2171/538 2090/2172/538 2037/2173/538 2039/2174/538
f 2062/2082/519 2058/2033/519 2041/2102/519 2035/2101/519
f 2110/2175/517 1873/2176/517 2167/2177/517 2175/2178/517 1874/2179/517 2099/2180/517
f 2102/2181/518 2094/2182/518 2097/2183/518 2100/2184/518
f 2105/2185/519 1870/2186/519 2149/2187/519 2157/2188/519 1871/2130/519 2113/2129/519
f 2093/2134/519 1872/2133/519 2161/2189/519 2145/2190/519 1869/2191/519 2098/2192/519
f 2149/2187/519 1870/2186/519 2151/2193/519
f 2099/2180/517 1874/2179/517 2173/2194/517 2181/2195/517 1875/2196/517 2103/2197/517
f 2114/2198/517 1876/2199/517 2185/2200/517 2169/2201/517 1873/2176/517 2110/2175/517
f 2098/2192/519 1869/2191/519 2143/2202/519 2151/2193/519 1870/2186/519 2105/2185/519
f 2119/2203/520 2150/2204/520 2165/2205/520 2124/2206/520
f 2130/2207/519 2118/2208/519 2128/2209/519 2136/2210/519
f 2155/2131/519 1871/2130/519 2157/2188/519
f 2182/2211/521 2172/2212/521 2146/2213/521 2160/2214/521
f 2103/2197/517 1875/2196/517 2179/2215/517 2187/2216/517 1876/2199/517 2114/2198/517
f 2161/2189/519 1872/2133/519 2163/2132/519
f 2109/2217/521 2106/2218/521 2112/2219/521 2115/2220/521
f 2095/2221/522 2104/2222/522 2116/2223/522 2111/2224/522
f 2152/2225/522 2142/2226/522 2176/2227/522 2166/2228/522
f 2170/2229/518 2184/2230/518 2158/2231/518 2148/2232/518
f 2164/2233/523 2154/2234/523 2188/2235/523 2178/2236/523
f 2167/2177/517 1873/2176/517 2169/2201/517
f 2173/2194/517 1874/2179/517 2175/2178/517
f 2179/2215/517 1875/2196/517 2181/2195/517
f 2185/2200/517 1876/2199/517 2187/2216/517
f 2207/2237/519 2191/2238/519 1880/2239/519 2260/2240/519 2250/2241/519 1879/2242/519
f 2163/2132/519 2136/2210/519 2128/2209/519 2161/2189/519
f 2125/2243/517 2167/2177/517 2169/2201/517 2140/2244/517
f 2130/2207/519 2149/2187/519 2151/2193/519 2118/2208/519
f 2133/2245/517 2120/2246/517 2125/2243/517 2140/2244/517
f 2107/2247/523 2108/2248/523 2101/2249/523 2096/2250/523
f 2126/2251/524 2144/2252/524 2171/2253/524 2122/2254/524
f 2183/2255/525 2139/2256/525 2131/2257/525 2156/2258/525
f 2118/2208/519 2143/2202/519 2145/2190/519 2128/2209/519
f 2138/2259/526 2168/2260/526 2147/2261/526 2129/2262/526
f 2143/2202/519 1869/2191/519 2145/2190/519
f 2177/2263/527 2132/2264/527 2137/2265/527 2162/2266/527
f 2187/2216/517 2133/2245/517 2140/2244/517 2185/2200/517
f 2123/2267/528 2174/2268/528 2141/2269/528 2117/2270/528
f 2159/2271/529 2127/2272/529 2121/2273/529 2180/2274/529
f 2120/2246/517 2173/2194/517 2175/2178/517 2125/2243/517
f 2181/2195/517 2120/2246/517 2133/2245/517 2179/2215/517
f 2153/2275/530 2135/2276/530 2134/2277/530 2186/2278/530
f 2157/2188/519 2130/2207/519 2136/2210/519 2155/2131/519
f 2204/2279/517 2197/2280/517 1882/2281/517 2272/2282/517 2262/2283/517 1881/2284/517
f 2198/2285/518 2196/2286/518 2193/2287/518 2190/2288/518
f 2203/2289/519 2207/2237/519 1879/2242/519 2254/2290/519 2244/2291/519 1878/2292/519
f 2191/2238/519 2192/2293/519 1877/2294/519 2242/2295/519 2256/2296/519 1880/2239/519
f 2244/2291/519 2248/2297/519 1878/2292/519
f 2197/2280/517 2200/2298/517 1883/2299/517 2278/2300/517 2268/2301/517 1882/2281/517
f 2212/2302/517 2204/2279/517 1881/2284/517 2266/2303/517 2280/2304/517 1884/2305/517
f 2192/2293/519 2203/2289/519 1878/2292/519 2248/2297/519 2238/2306/519 1877/2294/519
f 2215/2307/519 2223/2308/519 2242/2295/519 2238/2306/519
f 2227/2309/519 2233/2310/519 2223/2308/519 2215/2307/519
f 2250/2241/519 2254/2290/519 1879/2242/519
f 2277/2311/521 2257/2312/521 2241/2313/521 2269/2314/521
f 2200/2298/517 2212/2302/517 1884/2305/517 2284/2315/517 2274/2316/517 1883/2299/517
f 2256/2296/519 2260/2240/519 1880/2239/519
f 2205/2317/521 2211/2318/521 2208/2319/521 2202/2320/521
f 2189/2321/523 2209/2322/523 2210/2323/523 2199/2324/523
f 2247/2325/523 2263/2326/523 2271/2327/523 2239/2328/523
f 2265/2329/518 2245/2330/518 2253/2331/518 2281/2332/518
f 2259/2333/522 2275/2334/522 2283/2335/522 2251/2336/522
f 2262/2283/517 2266/2303/517 1881/2284/517
f 2268/2301/517 2272/2282/517 1882/2281/517
f 2274/2316/517 2278/2300/517 1883/2299/517
f 2280/2304/517 2284/2315/517 1884/2305/517
f 2305/2337/519 1887/2338/519 2347/2339/519 2355/2340/519 1888/2341/519 2285/2342/519
f 2260/2240/519 2256/2296/519 2223/2308/519 2233/2310/519
f 2278/2300/517 2274/2316/517 2230/2343/517 2218/2344/517
f 2227/2309/519 2215/2307/519 2248/2297/519 2244/2291/519
f 2255/2345/531 2276/2346/531 2217/2347/531 2224/2348/531
f 2201/2349/522 2194/2350/522 2195/2351/522 2206/2352/522
f 2214/2353/532 2221/2354/532 2261/2355/532 2246/2356/532
f 2279/2357/533 2252/2358/533 2226/2359/533 2236/2360/533
f 2222/2361/534 2216/2362/534 2267/2363/534 2240/2364/534
f 2234/2365/535 2225/2366/535 2243/2367/535 2264/2368/535
f 2238/2306/519 2242/2295/519 1877/2294/519
f 2273/2369/536 2258/2370/536 2232/2371/536 2228/2372/536
f 2284/2315/517 2280/2304/517 2235/2373/517 2230/2343/517
f 2219/2374/537 2213/2375/537 2237/2376/537 2270/2377/537
f 2220/2378/517 2235/2373/517 2266/2303/517 2262/2283/517
f 2230/2343/517 2235/2373/517 2220/2378/517 2218/2344/517
f 2218/2344/517 2220/2378/517 2272/2282/517 2268/2301/517
f 2249/2379/538 2282/2380/538 2229/2381/538 2231/2382/538
f 2254/2290/519 2250/2241/519 2233/2310/519 2227/2309/519
f 2302/2383/517 1889/2384/517 2359/2385/517 2367/2386/517 1890/2387/517 2291/2388/517
f 2294/2389/518 2286/2390/518 2289/2391/518 2292/2392/518
f 2297/2393/519 1886/2394/519 2341/2395/519 2349/2396/519 1887/2338/519 2305/2337/519
f 2285/2342/519 1888/2341/519 2353/2397/519 2337/2398/519 1885/2399/519 2290/2400/519
f 2341/2395/519 1886/2394/519 2343/2401/519
f 2291/2388/517 1890/2387/517 2365/2402/517 2373/2403/517 1891/2404/517 2295/2405/517
f 2306/2406/517 1892/2407/517 2377/2408/517 2361/2409/517 1889/2384/517 2302/2383/517
f 2290/2400/519 1885/2399/519 2335/2410/519 2343/2401/519 1886/2394/519 2297/2393/519
f 2311/2411/520 2342/2412/520 2357/2413/520 2316/2414/520
f 2322/2415/519 2310/2416/519 2320/2417/519 2328/2418/519
f 2347/2339/519 1887/2338/519 2349/2396/519
f 2374/2419/521 2364/2420/521 2338/2421/521 2352/2422/521
f 2295/2405/517 1891/2404/517 2371/2423/517 2379/2424/517 1892/2407/517 2306/2406/517
f 2353/2397/519 1888/2341/519 2355/2340/519
f 2301/2425/521 2298/2426/521 2304/2427/521 2307/2428/521
f 2287/2429/522 2296/2430/522 2308/2431/522 2303/2432/522
f 2344/2433/522 2334/2434/522 2368/2435/522 2358/2436/522
f 2362/2437/518 2376/2438/518 2350/2439/518 2340/2440/518
f 2356/2441/523 2346/2442/523 2380/2443/523 2370/2444/523
f 2359/2385/517 1889/2384/517 2361/2409/517
f 2365/2402/517 1890/2387/517 2367/2386/517
f 2371/2423/517 1891/2404/517 2373/2403/517
f 2377/2408/517 1892/2407/517 2379/2424/517
f 2399/2445/519 2383/2446/519 1896/2447/519 2452/2448/519 2442/2449/519 1895/2450/519
f 2355/2340/519 2328/2418/519 2320/2417/519 2353/2397/519
f 2317/2451/517 2359/2385/517 2361/2409/517 2332/2452/517
f 2322/2415/519 2341/2395/519 2343/2401/519 2310/2416/519
f 2325/2453/517 2312/2454/517 2317/2451/517 2332/2452/517
f 2299/2455/523 2300/2456/523 2293/2457/523 2288/2458/523
f 2318/2459/524 2336/2460/524 2363/2461/524 2314/2462/524
f 2375/2463/525 2331/2464/525 2323/2465/525 2348/2466/525
f 2310/2416/519 2335/2410/519 2337/2398/519 2320/2417/519
f 2330/2467/526 2360/2468/526 2339/2469/526 2321/2470/526
f 2335/2410/519 1885/2399/519 2337/2398/519
f 2369/2471/527 2324/2472/527 2329/2473/527 2354/2474/527
f 2379/2424/517 2325/2453/517 2332/2452/517 2377/2408/517
f 2315/2475/528 2366/2476/528 2333/2477/528 2309/2478/528
f 2351/2479/529 2319/2480/529 2313/2481/529 2372/2482/529
f 2312/2454/517 2365/2402/517 2367/2386/517 2317/2451/517
f 2373/2403/517 2312/2454/517 2325/2453/517 2371/2423/517
f 2345/2483/530 2327/2484/530 2326/2485/530 2378/2486/530
f 2349/2396/519 2322/2415/519 2328/2418/519 2347/2339/519
f 2396/2487/517 2389/2488/517 1898/2489/517 2464/2490/517 2454/2491/517 1897/2492/517
f 2390/2493/518 2388/2494/518 2385/2495/518 2382/2496/518
f 2395/2497/519 2399/2445/519 1895/2450/519 2446/2498/519 2436/2499/519 1894/2500/519
f 2383/2446/519 2384/2501/519 1893/2502/519 2434/2503/519 2448/2504/519 1896/2447/519
f 2436/2499/519 2440/2505/519 1894/2500/519
f 2389/2488/517 2392/2506/517 1899/2507/517 2470/2508/517 2460/2509/517 1898/2489/517
f 2404/2510/517 2396/2487/517 1897/2492/517 2458/2511/517 2472/2512/517 1900/2513/517
f 2384/2501/519 2395/2497/519 1894/2500/519 2440/2505/519 2430/2514/519 1893/2502/519
f 2407/2515/519 2415/2516/519 2434/2503/519 2430/2514/519
f 2419/2517/519 2425/2518/519 2415/2516/519 2407/2515/519
f 2442/2449/519 2446/2498/519 1895/2450/519
f 2469/2519/521 2449/2520/521 2433/2521/521 2461/2522/521
f 2392/2506/517 2404/2510/517 1900/2513/517 2476/2523/517 2466/2524/517 1899/2507/517
f 2448/2504/519 2452/2448/519 1896/2447/519
f 2397/2525/521 2403/2526/521 2400/2527/521 2394/2528/521
f 2381/2529/523 2401/2530/523 2402/2531/523 2391/2532/523
f 2439/2533/523 2455/2534/523 2463/2535/523 2431/2536/523
f 2457/2537/518 2437/2538/518 2445/2539/518 2473/2540/518
f 2451/2541/522 2467/2542/522 2475/2543/522 2443/2544/522
f 2454/2491/517 2458/2511/517 1897/2492/517
f 2460/2509/517 2464/2490/517 1898/2489/517
f 2466/2524/517 2470/2508/517 1899/2507/517
f 2472/2512/517 2476/2523/517 1900/2513/517
f 2452/2448/519 2448/2504/519 2415/2516/519 2425/2518/519
f 2470/2508/517 2466/2524/517 2422/2545/517 2410/2546/517
f 2419/2517/519 2407/2515/519 2440/2505/519 2436/2499/519
f 2447/2547/531 2468/2548/531 2409/2549/531 2416/2550/531
f 2393/2551/522 2386/2552/522 2387/2553/522 2398/2554/522
f 2406/2555/532 2413/2556/532 2453/2557/532 2438/2558/532
f 2471/2559/533 2444/2560/533 2418/2561/533 2428/2562/533
f 2414/2563/534 2408/2564/534 2459/2565/534 2432/2566/534
f 2426/2567/535 2417/2568/535 2435/2569/535 2456/2570/535
f 2430/2514/519 2434/2503/519 1893/2502/519
f 2465/2571/536 2450/2572/536 2424/2573/536 2420/2574/536
f 2476/2523/517 2472/2512/517 2427/2575/517 2422/2545/517
f 2411/2576/537 2405/2577/537 2429/2578/537 2462/2579/537
f 2412/2580/517 2427/2575/517 2458/2511/517 2454/2491/517
f 2422/2545/517 2427/2575/517 2412/2580/517 2410/2546/517
f 2410/2546/517 2412/2580/517 2464/2490/517 2460/2509/517
f 2441/2581/538 2474/2582/538 2421/2583/538 2423/2584/538
f 2446/2498/519 2442/2449/519 2425/2518/519 2419/2517/519
f 1901/2585/539 1902/2586/539 1903/2587/539
f 1904/2042/540 1905/2588/540 1906/2589/540
f 1907/2590/541 1908/2591/541 1909/2592/541
f 1910/1967/542 1911/2593/542 1912/2594/542
f 1913/1971/543 1914/2595/543 1915/2596/543
f 1916/2040/544 1917/2597/544 1918/2598/544
f 1919/2599/545 1920/2600/545 1921/1976/545
f 1922/2601/546 1923/2602/546 1924/2603/546
f 1925/2604/547 1926/2605/547 1927/2606/547
f 1928/2607/548 1929/2608/548 1930/2609/548
f 1931/2059/549 1932/2610/549 1933/2611/549
f 1934/2043/550 1935/2612/550 1936/2613/550
f 1937/2614/551 1938/2615/551 1939/2616/551
f 1940/2617/552 1941/2618/552 1942/2619/552
f 1943/2620/553 1944/2621/553 1945/2622/553
f 1946/2051/554 1947/2623/554 1948/2624/554
f 1949/2061/555 1950/2625/555 1951/2626/555
f 1952/2627/556 1953/2628/556 1954/2629/556
f 1955/2053/557 1956/2630/557 1957/2631/557
f 1958/2632/558 1959/2633/558 1960/2634/558
f 1961/2635/559 1962/2636/559 1963/2637/559
f 1964/2638/560 1965/2639/560 1966/2640/560
f 1967/2641/561 1968/2642/561 1969/2643/561
f 1970/2644/562 1971/2645/562 1972/2646/562
f 1973/2647/563 1974/2648/563 1975/2649/563
f 1976/2650/564 1977/2651/564 1978/2652/564
f 1979/2653/565 1980/2654/565 1981/2655/565
f 1982/2656/566 1983/2657/566 1984/2658/566
f 1985/2055/567 1986/2659/567 1987/2660/567
f 1988/2066/568 1989/2661/568 1990/2662/568
f 1991/2047/569 1992/2663/569 1993/2664/569
f 1994/2665/570 1995/2666/570 1996/2667/570
f 1997/2113/571 1998/2668/571 1999/2669/571
f 2000/2670/572 2001/2671/572 2002/2672/572
f 2003/2143/573 2004/2673/573 2005/2674/573
f 2006/2077/541 2007/2675/541 2008/2676/541
f 2009/2677/545 2010/2678/545 2011/2081/545
f 2012/2679/546 2013/2680/546 2014/2681/546
f 2015/2029/543 2016/2682/543 2017/2683/543
f 2018/2115/544 2019/2684/544 2020/2685/544
f 2021/2167/574 2022/2686/574 2023/2687/574
f 2024/2154/548 2025/2688/548 2026/2689/548
f 2027/2690/575 2028/2691/575 2029/2692/575
f 2030/2693/550 2031/2694/550 2032/2695/550
f 2033/2696/576 2034/2697/576 2035/2698/576
f 2036/2164/577 2037/2699/577 2038/2700/577
f 2039/2701/578 2040/2702/578 2041/2703/578
f 2042/2704/579 2043/2705/579 2044/2706/579
f 2045/2707/580 2046/2708/580 2047/2709/580
f 2048/2710/561 2049/2711/561 2050/2712/561
f 2051/2713/581 2052/2714/581 2053/2715/581
f 2054/2716/559 2055/2717/559 2056/2718/559
f 2057/2719/558 2058/2720/558 2059/2721/558
f 2060/2150/582 2061/2722/582 2062/2723/582
f 2063/2724/556 2064/2725/556 2065/2726/556
f 2066/2162/583 2067/2727/583 2068/2728/583
f 2069/2729/570 2070/2730/570 2071/2731/570
f 2072/2160/584 2073/2732/584 2074/2733/584
f 2075/2155/568 2076/2734/568 2077/2735/568
f 2078/2169/585 2079/2736/585 2080/2737/585
f 2081/2738/586 2082/2739/586 2083/2740/586
f 2084/2741/565 2085/2742/565 2086/2743/565
f 2087/2744/587 2088/2745/587 2089/2746/587
f 2090/2747/563 2091/2748/563 2092/2749/563
f 2093/2750/539 2094/2751/539 2095/2752/539
f 2096/2250/571 2097/2753/571 2098/2754/571
f 2099/2755/541 2100/2756/541 2101/2757/541
f 2102/2181/542 2103/2758/542 2104/2759/542
f 2105/2185/543 2106/2760/543 2107/2761/543
f 2108/2248/544 2109/2762/544 2110/2763/544
f 2111/2764/588 2112/2765/588 2113/2129/588
f 2114/2766/546 2115/2767/546 2116/2768/546
f 2117/2769/547 2118/2770/547 2119/2771/547
f 2120/2772/548 2121/2773/548 2122/2774/548
f 2123/2267/549 2124/2775/549 2125/2776/549
f 2126/2251/550 2127/2777/550 2128/2778/550
f 2129/2779/551 2130/2780/551 2131/2781/551
f 2132/2782/552 2133/2783/552 2134/2784/552
f 2135/2785/553 2136/2786/553 2137/2787/553
f 2138/2259/554 2139/2788/554 2140/2789/554
f 2141/2269/589 2142/2790/589 2143/2791/589
f 2144/2792/556 2145/2793/556 2146/2794/556
f 2147/2261/557 2148/2795/557 2149/2796/557
f 2150/2797/558 2151/2798/558 2152/2799/558
f 2153/2800/590 2154/2801/590 2155/2802/590
f 2156/2803/591 2157/2804/591 2158/2805/591
f 2159/2806/592 2160/2807/592 2161/2808/592
f 2162/2809/562 2163/2810/562 2164/2811/562
f 2165/2812/563 2166/2813/563 2167/2814/563
f 2168/2815/564 2169/2816/564 2170/2817/564
f 2171/2818/565 2172/2819/565 2173/2820/565
f 2174/2821/593 2175/2822/593 2176/2823/593
f 2177/2263/567 2178/2824/567 2179/2825/567
f 2180/2274/568 2181/2826/568 2182/2827/568
f 2183/2255/594 2184/2828/594 2185/2829/594
f 2186/2830/595 2187/2831/595 2188/2832/595
f 2189/2321/571 2190/2833/571 2191/2834/571
f 2192/2835/539 2193/2836/539 2194/2837/539
f 2195/2351/542 2196/2838/542 2197/2839/542
f 2198/2285/541 2199/2840/541 2200/2841/541
f 2201/2842/545 2202/2843/545 2203/2289/545
f 2204/2844/546 2205/2845/546 2206/2846/546
f 2207/2237/543 2208/2847/543 2209/2848/543
f 2210/2323/544 2211/2849/544 2212/2850/544
f 2213/2375/574 2214/2851/574 2215/2852/574
f 2216/2362/548 2217/2853/548 2218/2854/548
f 2219/2855/575 2220/2856/575 2221/2857/575
f 2222/2858/550 2223/2859/550 2224/2860/550
f 2225/2861/576 2226/2862/576 2227/2863/576
f 2228/2372/577 2229/2864/577 2230/2865/577
f 2231/2866/578 2232/2867/578 2233/2868/578
f 2234/2869/579 2235/2870/579 2236/2871/579
f 2237/2872/596 2238/2873/596 2239/2874/596
f 2240/2875/561 2241/2876/561 2242/2877/561
f 2243/2878/581 2244/2879/581 2245/2880/581
f 2246/2881/559 2247/2882/559 2248/2883/559
f 2249/2884/597 2250/2885/597 2251/2886/597
f 2252/2358/598 2253/2887/598 2254/2888/598
f 2255/2889/599 2256/2890/599 2257/2891/599
f 2258/2370/583 2259/2892/583 2260/2893/583
f 2261/2894/570 2262/2895/570 2263/2896/570
f 2264/2368/584 2265/2897/584 2266/2898/584
f 2267/2363/568 2268/2899/568 2269/2900/568
f 2270/2377/600 2271/2901/600 2272/2902/600
f 2273/2903/586 2274/2904/586 2275/2905/586
f 2276/2906/565 2277/2907/565 2278/2908/565
f 2279/2909/601 2280/2910/601 2281/2911/601
f 2282/2912/602 2283/2913/602 2284/2914/602
f 2285/2915/539 2286/2916/539 2287/2917/539
f 2288/2458/571 2289/2918/571 2290/2919/571
f 2291/2920/541 2292/2921/541 2293/2922/541
f 2294/2389/542 2295/2923/542 2296/2924/542
f 2297/2393/543 2298/2925/543 2299/2926/543
f 2300/2456/544 2301/2927/544 2302/2928/544
f 2303/2929/545 2304/2930/545 2305/2337/545
f 2306/2931/546 2307/2932/546 2308/2933/546
f 2309/2934/603 2310/2935/603 2311/2936/603
f 2312/2937/548 2313/2938/548 2314/2939/548
f 2315/2475/549 2316/2940/549 2317/2941/549
f 2318/2459/550 2319/2942/550 2320/2943/550
f 2321/2944/551 2322/2945/551 2323/2946/551
f 2324/2947/552 2325/2948/552 2326/2949/552
f 2327/2950/553 2328/2951/553 2329/2952/553
f 2330/2467/554 2331/2953/554 2332/2954/554
f 2333/2477/555 2334/2955/555 2335/2956/555
f 2336/2957/604 2337/2958/604 2338/2959/604
f 2339/2469/557 2340/2960/557 2341/2961/557
f 2342/2962/558 2343/2963/558 2344/2964/558
f 2345/2965/559 2346/2966/559 2347/2967/559
f 2348/2968/591 2349/2969/591 2350/2970/591
f 2351/2971/561 2352/2972/561 2353/2973/561
f 2354/2974/562 2355/2975/562 2356/2976/562
f 2357/2977/563 2358/2978/563 2359/2979/563
f 2360/2980/605 2361/2981/605 2362/2982/605
f 2363/2983/606 2364/2984/606 2365/2985/606
f 2366/2986/593 2367/2987/593 2368/2988/593
f 2369/2471/567 2370/2989/567 2371/2990/567
f 2372/2482/568 2373/2991/568 2374/2992/568
f 2375/2463/594 2376/2993/594 2377/2994/594
f 2378/2995/570 2379/2996/570 2380/2997/570
f 2381/2529/540 2382/2998/540 2383/2999/540
f 2384/3000/539 2385/3001/539 2386/3002/539
f 2387/2553/542 2388/3003/542 2389/3004/542
f 2390/2493/541 2391/3005/541 2392/3006/541
f 2393/3007/545 2394/3008/545 2395/2497/545
f 2396/3009/546 2397/3010/546 2398/3011/546
f 2399/2445/543 2400/3012/543 2401/3013/543
f 2402/2531/544 2403/3014/544 2404/3015/544
f 2405/2577/574 2406/3016/574 2407/3017/574
f 2408/2564/548 2409/3018/548 2410/3019/548
f 2411/3020/607 2412/3021/607 2413/3022/607
f 2414/3023/550 2415/3024/550 2416/3025/550
f 2417/3026/576 2418/3027/576 2419/3028/576
f 2420/2574/577 2421/3029/577 2422/3030/577
f 2423/3031/578 2424/3032/578 2425/3033/578
f 2426/3034/579 2427/3035/579 2428/3036/579
f 2429/3037/596 2430/3038/596 2431/3039/596
f 2432/3040/608 2433/3041/608 2434/3042/608
f 2435/3043/609 2436/3044/609 2437/3045/609
f 2438/3046/559 2439/3047/559 2440/3048/559
f 2441/3049/558 2442/3050/558 2443/3051/558
f 2444/2560/598 2445/3052/598 2446/3053/598
f 2447/3054/556 2448/3055/556 2449/3056/556
f 2450/2572/583 2451/3057/583 2452/3058/583
f 2453/3059/570 2454/3060/570 2455/3061/570
f 2456/2570/584 2457/3062/584 2458/3063/584
f 2459/2565/610 2460/3064/610 2461/3065/610
f 2462/2579/585 2463/3066/585 2464/3067/585
f 2465/3068/586 2466/3069/586 2467/3070/586
f 2468/3071/565 2469/3072/565 2470/3073/565
f 2471/3074/601 2472/3075/601 2473/3076/601
f 2474/3077/563 2475/3078/563 2476/3079/563
f 1906/1982/611 1913/1971/611 1915/2039/611 1904/2042/611
f 1921/1976/612 1901/1977/612 1903/2013/612 1919/2016/612
f 1918/2598/613 1907/3080/613 1909/2041/613 1916/2040/613
f 1912/2594/614 1903/2587/614 1902/1968/614 1910/1967/614
f 1904/3081/615 1909/2592/615 1908/1970/615 1905/1969/615
f 1914/3082/616 1917/2597/616 1916/2040/616 1915/2039/616
f 1911/3083/617 1922/3084/617 1924/2015/617 1912/2014/617
f 1919/2016/618 1924/2015/618 1923/3085/618 1920/3086/618
f 1920/2011/619 1914/2010/619 1913/1971/619 1921/1976/619
f 1917/2009/620 1923/2012/620 1922/2601/620 1918/3087/620
f 1907/2590/621 1911/2593/621 1910/1967/621 1908/1970/621
f 1901/1977/622 1906/1982/622 1905/1969/622 1902/1968/622
f 1939/3088/623 1947/2623/623 1946/2051/623 1937/2054/623
f 1933/2035/624 1983/1964/624 1982/2656/624 1931/3089/624
f 1964/2638/625 1939/3090/625 1938/1997/625 1965/1974/625
f 1943/2620/626 1961/3091/626 1963/2001/626 1944/2000/626
f 1930/2046/627 1979/2045/627 1981/2655/627 1928/3092/627
f 1925/2604/628 1949/3093/628 1951/1992/628 1926/1998/628
f 1952/2627/629 1934/3094/629 1936/1999/629 1953/1980/629
f 1993/1990/630 1948/2036/630 1947/3095/630 1991/3096/630
f 1942/3097/631 1943/3098/631 1945/2057/631 1940/2056/631
f 1994/2665/632 1942/3099/632 1941/2037/632 1995/2007/632
f 1985/2055/633 1970/2058/633 1972/2025/633 1986/2028/633
f 1967/2063/634 1988/2066/634 1990/2002/634 1968/2005/634
f 1949/2061/635 1982/2060/635 1984/2019/635 1950/2018/635
f 1979/2045/636 1952/2044/636 1954/2004/636 1980/2003/636
f 1955/2053/637 1976/2052/637 1978/2021/637 1956/2024/637
f 1973/1995/638 1958/1994/638 1960/2017/638 1974/2020/638
f 1961/2067/639 1994/2070/639 1996/2027/639 1962/2026/639
f 1991/2047/640 1964/2050/640 1966/2023/640 1992/2022/640
f 1959/1983/641 1951/1992/641 1950/3100/641 1960/3101/641
f 1974/3102/642 1984/3103/642 1983/1964/642 1975/1963/642
f 1980/2003/643 1990/2002/643 1989/2661/643 1981/2655/643
f 1968/3104/644 1954/3105/644 1953/1980/644 1969/1979/644
f 1992/3106/645 1978/3107/645 1977/1991/645 1993/1990/645
f 1956/3108/646 1966/3109/646 1965/1974/646 1957/1973/646
f 1971/2008/647 1963/2001/647 1962/3110/647 1972/3111/647
f 1986/3112/648 1996/3113/648 1995/2007/648 1987/2006/648
f 1929/3114/649 1935/2612/649 1934/2043/649 1930/2046/649
f 1927/3115/650 1932/2610/650 1931/2059/650 1925/2062/650
f 1987/2006/651 1941/2037/651 1940/2617/651 1985/3116/651
f 1932/3117/652 1973/3118/652 1975/1963/652 1933/2035/652
f 1937/2614/653 1955/3119/653 1957/1973/653 1938/1997/653
f 1948/2036/654 1977/1991/654 1976/2650/654 1946/3120/654
f 1988/2066/655 1929/2065/655 1928/3121/655 1989/2661/655
f 1958/2632/656 1927/3122/656 1926/1998/656 1959/1983/656
f 1935/3123/657 1967/3124/657 1969/1979/657 1936/1999/657
f 1970/2644/658 1945/3125/658 1944/2000/658 1971/2008/658
f 2002/2142/612 2009/2141/612 2011/2081/612 2000/2085/612
f 2017/2114/611 1997/2113/611 1999/2030/611 2015/2029/611
f 2014/2144/617 2003/2143/617 2005/2674/617 2012/3126/617
f 2006/2077/615 1998/2080/615 1997/3127/615 2007/2675/615
f 2001/2079/614 2004/2078/614 2003/3128/614 2002/2672/614
f 2009/2141/618 2014/2144/618 2013/3129/618 2010/3130/618
f 2007/2116/613 2018/2115/613 2020/2685/613 2008/3131/613
f 2016/3132/616 2019/2684/616 2018/2115/616 2017/2114/616
f 2015/2029/619 2011/2081/619 2010/2112/619 2016/2111/619
f 2012/2679/620 2020/3133/620 2019/2110/620 2013/2109/620
f 2004/2078/621 2006/2077/621 2008/2676/621 2005/3134/621
f 1998/2080/622 2001/2079/622 2000/2085/622 1999/2030/622
f 2033/3135/659 2042/3136/659 2044/2152/659 2034/2151/659
f 2027/2690/660 2078/3137/660 2080/2074/660 2028/2170/660
f 2062/2082/661 2035/2101/661 2034/3138/661 2060/3139/661
f 2041/2102/662 2058/2033/662 2057/2719/662 2039/3140/662
f 2026/2689/663 2076/2734/663 2075/2155/663 2024/2154/663
f 2023/2099/664 2046/2098/664 2045/2707/664 2021/3141/664
f 2050/2087/665 2031/2100/665 2030/2693/665 2048/3142/665
f 2087/2744/666 2044/3143/666 2043/2165/666 2088/2096/666
f 2036/2164/667 2040/2163/667 2039/2701/667 2037/2699/667
f 2092/2107/668 2038/2135/668 2037/3144/668 2090/3145/668
f 2083/2126/669 2067/2125/669 2066/2162/669 2081/2161/669
f 2065/2104/670 2085/2103/670 2084/2138/670 2063/2137/670
f 2047/2120/671 2079/2119/671 2078/2169/671 2045/2168/671
f 2077/2106/672 2049/2105/672 2048/2156/672 2075/2155/672
f 2053/2122/673 2073/2121/673 2072/2160/673 2051/2159/673
f 2071/2118/674 2055/2117/674 2054/2148/674 2069/2147/674
f 2059/2128/675 2091/2127/675 2090/2172/675 2057/2171/675
f 2089/2124/676 2061/2123/676 2060/2150/676 2087/2149/676
f 2055/3146/647 2047/3147/647 2046/2098/647 2056/2089/647
f 2070/2075/648 2080/2074/648 2079/3148/648 2071/3149/648
f 2076/2734/643 2086/2743/643 2085/2103/643 2077/2106/643
f 2064/2088/644 2050/2087/644 2049/3150/644 2065/3151/644
f 2088/2096/645 2074/2095/645 2073/3152/645 2089/3153/645
f 2052/2083/646 2062/2082/646 2061/3154/646 2053/3155/646
f 2067/3156/641 2059/3157/641 2058/2033/641 2068/2032/641
f 2082/2108/642 2092/2107/642 2091/3158/642 2083/3159/642
f 2024/3160/677 2030/3161/677 2032/2140/677 2025/2139/677
f 2021/2167/678 2027/2166/678 2029/3162/678 2022/2686/678
f 2081/2738/679 2036/3163/679 2038/2135/679 2082/2108/679
f 2028/2170/680 2070/2075/680 2069/2729/680 2029/3164/680
f 2035/2101/681 2052/2083/681 2051/2713/681 2033/3165/681
f 2042/2704/682 2072/3166/682 2074/2095/682 2043/2165/682
f 2086/2743/683 2026/3167/683 2025/2139/683 2084/2138/683
f 2056/2089/684 2023/2099/684 2022/3168/684 2054/3169/684
f 2031/2100/685 2064/2088/685 2063/2724/685 2032/3170/685
f 2068/2032/686 2041/2102/686 2040/3171/686 2066/3172/686
f 2098/2192/611 2105/2185/611 2107/2247/611 2096/2250/611
f 2113/2129/612 2093/2134/612 2095/2221/612 2111/2224/612
f 2110/2763/613 2099/3173/613 2101/2249/613 2108/2248/613
f 2104/2759/614 2095/2752/614 2094/2182/614 2102/2181/614
f 2096/3174/615 2101/2757/615 2100/2184/615 2097/2183/615
f 2106/3175/616 2109/2762/616 2108/2248/616 2107/2247/616
f 2103/3176/617 2114/3177/617 2116/2223/617 2104/2222/617
f 2111/2224/618 2116/2223/618 2115/3178/618 2112/3179/618
f 2112/2219/619 2106/2218/619 2105/2185/619 2113/2129/619
f 2109/2217/620 2115/2220/620 2114/2766/620 2110/3180/620
f 2099/2755/621 2103/2758/621 2102/2181/621 2100/2184/621
f 2093/2134/622 2098/2192/622 2097/2183/622 2094/2182/622
f 2131/3181/623 2139/2788/623 2138/2259/623 2129/2262/623
f 2125/2243/624 2175/2178/624 2174/2821/624 2123/3182/624
f 2156/2803/625 2131/3183/625 2130/2207/625 2157/2188/625
f 2135/2785/684 2153/3184/684 2155/2131/684 2136/2210/684
f 2122/2254/627 2171/2253/627 2173/2820/627 2120/3185/627
f 2117/2769/628 2141/3186/628 2143/2202/628 2118/2208/628
f 2144/2792/629 2126/3187/629 2128/2209/629 2145/2190/629
f 2185/2200/630 2140/2244/630 2139/3188/630 2183/3189/630
f 2134/3190/631 2135/3191/631 2137/2265/631 2132/2264/631
f 2186/2830/680 2134/3192/680 2133/2245/680 2187/2216/680
f 2177/2263/633 2162/2266/633 2164/2233/633 2178/2236/633
f 2159/2271/634 2180/2274/634 2182/2211/634 2160/2214/634
f 2141/2269/635 2174/2268/635 2176/2227/635 2142/2226/635
f 2171/2253/636 2144/2252/636 2146/2213/636 2172/2212/636
f 2147/2261/637 2168/2260/637 2170/2229/637 2148/2232/637
f 2165/2205/638 2150/2204/638 2152/2225/638 2166/2228/638
f 2153/2275/639 2186/2278/639 2188/2235/639 2154/2234/639
f 2183/2255/640 2156/2258/640 2158/2231/640 2184/2230/640
f 2151/2193/641 2143/2202/641 2142/3193/641 2152/3194/641
f 2166/3195/642 2176/3196/642 2175/2178/642 2167/2177/642
f 2172/2212/643 2182/2211/643 2181/2826/643 2173/2820/643
f 2160/3197/644 2146/3198/644 2145/2190/644 2161/2189/644
f 2184/3199/645 2170/3200/645 2169/2201/645 2185/2200/645
f 2148/3201/646 2158/3202/646 2157/2188/646 2149/2187/646
f 2163/2132/647 2155/2131/647 2154/3203/647 2164/3204/647
f 2178/3205/648 2188/3206/648 2187/2216/648 2179/2215/648
f 2121/3207/649 2127/2777/649 2126/2251/649 2122/2254/649
f 2119/3208/650 2124/2775/650 2123/2267/650 2117/2270/650
f 2179/2215/687 2133/2245/687 2132/2782/687 2177/3209/687
f 2124/3210/652 2165/3211/652 2167/2177/652 2125/2243/652
f 2129/2779/688 2147/3212/688 2149/2187/688 2130/2207/688
f 2140/2244/689 2169/2201/689 2168/2815/689 2138/3213/689
f 2180/2274/655 2121/2273/655 2120/3214/655 2181/2826/655
f 2150/2797/656 2119/3215/656 2118/2208/656 2151/2193/656
f 2127/3216/657 2159/3217/657 2161/2189/657 2128/2209/657
f 2162/2809/658 2137/3218/658 2136/2210/658 2163/2132/658
f 2194/2350/612 2201/2349/612 2203/2289/612 2192/2293/612
f 2209/2322/611 2189/2321/611 2191/2238/611 2207/2237/611
f 2206/2352/617 2195/2351/617 2197/2839/617 2204/3219/617
f 2198/2285/615 2190/2288/615 2189/3220/615 2199/2840/615
f 2193/2287/614 2196/2286/614 2195/3221/614 2194/2837/614
f 2201/2349/618 2206/2352/618 2205/3222/618 2202/3223/618
f 2199/2324/613 2210/2323/613 2212/2850/613 2200/3224/613
f 2208/3225/616 2211/2849/616 2210/2323/616 2209/2322/616
f 2207/2237/619 2203/2289/619 2202/2320/619 2208/2319/619
f 2204/2844/620 2212/3226/620 2211/2318/620 2205/2317/620
f 2196/2286/621 2198/2285/621 2200/2841/621 2197/3227/621
f 2190/2288/622 2193/2287/622 2192/2293/622 2191/2238/622
f 2225/3228/659 2234/3229/659 2236/2360/659 2226/2359/659
f 2219/2855/660 2270/3230/660 2272/2282/660 2220/2378/660
f 2254/2290/661 2227/2309/661 2226/3231/661 2252/3232/661
f 2233/2310/656 2250/2241/656 2249/2884/656 2231/3233/656
f 2218/2854/663 2268/2899/663 2267/2363/663 2216/2362/663
f 2215/2307/664 2238/2306/664 2237/2872/664 2213/3234/664
f 2242/2295/665 2223/2308/665 2222/2858/665 2240/3235/665
f 2279/2909/666 2236/3236/666 2235/2373/666 2280/2304/666
f 2228/2372/667 2232/2371/667 2231/2866/667 2229/2864/667
f 2284/2315/652 2230/2343/652 2229/3237/652 2282/3238/652
f 2275/2334/669 2259/2333/669 2258/2370/669 2273/2369/669
f 2257/2312/670 2277/2311/670 2276/2346/670 2255/2345/670
f 2239/2328/671 2271/2327/671 2270/2377/671 2237/2376/671
f 2269/2314/672 2241/2313/672 2240/2364/672 2267/2363/672
f 2245/2330/673 2265/2329/673 2264/2368/673 2243/2367/673
f 2263/2326/674 2247/2325/674 2246/2356/674 2261/2355/674
f 2251/2336/675 2283/2335/675 2282/2380/675 2249/2379/675
f 2281/2332/676 2253/2331/676 2252/2358/676 2279/2357/676
f 2247/3239/647 2239/3240/647 2238/2306/647 2248/2297/647
f 2262/2283/648 2272/2282/648 2271/3241/648 2263/3242/648
f 2268/2899/643 2278/2908/643 2277/2311/643 2269/2314/643
f 2256/2296/644 2242/2295/644 2241/3243/644 2257/3244/644
f 2280/2304/645 2266/2303/645 2265/3245/645 2281/3246/645
f 2244/2291/646 2254/2290/646 2253/3247/646 2245/3248/646
f 2259/3249/641 2251/3250/641 2250/2241/641 2260/2240/641
f 2274/2316/642 2284/2315/642 2283/3251/642 2275/3252/642
f 2216/3253/677 2222/3254/677 2224/2348/677 2217/2347/677
f 2213/2375/678 2219/2374/678 2221/3255/678 2214/2851/678
f 2273/2903/690 2228/3256/690 2230/2343/690 2274/2316/690
f 2220/2378/680 2262/2283/680 2261/2894/680 2221/3257/680
f 2227/2309/691 2244/2291/691 2243/2878/691 2225/3258/691
f 2234/2869/692 2264/3259/692 2266/2303/692 2235/2373/692
f 2278/2908/683 2218/3260/683 2217/2347/683 2276/2346/683
f 2248/2297/684 2215/2307/684 2214/3261/684 2246/3262/684
f 2223/2308/685 2256/2296/685 2255/2889/685 2224/3263/685
f 2260/2240/686 2233/2310/686 2232/3264/686 2258/3265/686
f 2290/2400/611 2297/2393/611 2299/2455/611 2288/2458/611
f 2305/2337/612 2285/2342/612 2287/2429/612 2303/2432/612
f 2302/2928/613 2291/3266/613 2293/2457/613 2300/2456/613
f 2296/2924/614 2287/2917/614 2286/2390/614 2294/2389/614
f 2288/3267/615 2293/2922/615 2292/2392/615 2289/2391/615
f 2298/3268/616 2301/2927/616 2300/2456/616 2299/2455/616
f 2295/3269/617 2306/3270/617 2308/2431/617 2296/2430/617
f 2303/2432/618 2308/2431/618 2307/3271/618 2304/3272/618
f 2304/2427/619 2298/2426/619 2297/2393/619 2305/2337/619
f 2301/2425/620 2307/2428/620 2306/2931/620 2302/3273/620
f 2291/2920/621 2295/2923/621 2294/2389/621 2292/2392/621
f 2285/2342/622 2290/2400/622 2289/2391/622 2286/2390/622
f 2323/3274/623 2331/2953/623 2330/2467/623 2321/2470/623
f 2317/2451/624 2367/2386/624 2366/2986/624 2315/3275/624
f 2348/2968/625 2323/3276/625 2322/2415/625 2349/2396/625
f 2327/2950/626 2345/3277/626 2347/2339/626 2328/2418/626
f 2314/2462/627 2363/2461/627 2365/2985/627 2312/3278/627
f 2309/2934/628 2333/3279/628 2335/2410/628 2310/2416/628
f 2336/2957/629 2318/3280/629 2320/2417/629 2337/2398/629
f 2377/2408/630 2332/2452/630 2331/3281/630 2375/3282/630
f 2326/3283/631 2327/3284/631 2329/2473/631 2324/2472/631
f 2378/2995/632 2326/3285/632 2325/2453/632 2379/2424/632
f 2369/2471/693 2354/2474/693 2356/2441/693 2370/2444/693
f 2351/2479/634 2372/2482/634 2374/2419/634 2352/2422/634
f 2333/2477/635 2366/2476/635 2368/2435/635 2334/2434/635
f 2363/2461/636 2336/2460/636 2338/2421/636 2364/2420/636
f 2339/2469/637 2360/2468/637 2362/2437/637 2340/2440/637
f 2357/2413/638 2342/2412/638 2344/2433/638 2358/2436/638
f 2345/2483/639 2378/2486/639 2380/2443/639 2346/2442/639
f 2375/2463/640 2348/2466/640 2350/2439/640 2376/2438/640
f 2343/2401/641 2335/2410/641 2334/3286/641 2344/3287/641
f 2358/3288/642 2368/3289/642 2367/2386/642 2359/2385/642
f 2364/2420/643 2374/2419/643 2373/2991/643 2365/2985/643
f 2352/3290/644 2338/3291/644 2337/2398/644 2353/2397/644
f 2376/3292/645 2362/3293/645 2361/2409/645 2377/2408/645
f 2340/3294/646 2350/3295/646 2349/2396/646 2341/2395/646
f 2355/2340/647 2347/2339/647 2346/3296/647 2356/3297/647
f 2370/3298/648 2380/3299/648 2379/2424/648 2371/2423/648
f 2313/3300/649 2319/2942/649 2318/2459/649 2314/2462/649
f 2311/3301/650 2316/2940/650 2315/2475/650 2309/2478/650
f 2371/2423/651 2325/2453/651 2324/2947/651 2369/3302/651
f 2316/3303/652 2357/3304/652 2359/2385/652 2317/2451/652
f 2321/2944/653 2339/3305/653 2341/2395/653 2322/2415/653
f 2332/2452/654 2361/2409/654 2360/2980/654 2330/3306/654
f 2372/2482/655 2313/2481/655 2312/3307/655 2373/2991/655
f 2342/2962/656 2311/3308/656 2310/2416/656 2343/2401/656
f 2319/3309/657 2351/3310/657 2353/2397/657 2320/2417/657
f 2354/2974/658 2329/3311/658 2328/2418/658 2355/2340/658
f 2386/2552/612 2393/2551/612 2395/2497/612 2384/2501/612
f 2401/2530/611 2381/2529/611 2383/2446/611 2399/2445/611
f 2398/2554/617 2387/2553/617 2389/3004/617 2396/3312/617
f 2390/2493/615 2382/2496/615 2381/3313/615 2391/3005/615
f 2385/2495/614 2388/2494/614 2387/3314/614 2386/3002/614
f 2393/2551/618 2398/2554/618 2397/3315/618 2394/3316/618
f 2391/2532/613 2402/2531/613 2404/3015/613 2392/3317/613
f 2400/3318/616 2403/3014/616 2402/2531/616 2401/2530/616
f 2399/2445/619 2395/2497/619 2394/2528/619 2400/2527/619
f 2396/3009/620 2404/3319/620 2403/2526/620 2397/2525/620
f 2388/2494/621 2390/2493/621 2392/3006/621 2389/3320/621
f 2382/2496/622 2385/2495/622 2384/2501/622 2383/2446/622
f 2417/3321/659 2426/3322/659 2428/2562/659 2418/2561/659
f 2411/3020/660 2462/3323/660 2464/2490/660 2412/2580/660
f 2446/2498/661 2419/2517/661 2418/3324/661 2444/3325/661
f 2425/2518/662 2442/2449/662 2441/3049/662 2423/3326/662
f 2410/3019/663 2460/3064/663 2459/2565/663 2408/2564/663
f 2407/2515/664 2430/2514/664 2429/3037/664 2405/3327/664
f 2434/2503/665 2415/2516/665 2414/3023/665 2432/3328/665
f 2471/3074/666 2428/3329/666 2427/2575/666 2472/2512/666
f 2420/2574/667 2424/2573/667 2423/3031/667 2421/3029/667
f 2476/2523/668 2422/2545/668 2421/3330/668 2474/3331/668
f 2467/2542/694 2451/2541/694 2450/2572/694 2465/2571/694
f 2449/2520/670 2469/2519/670 2468/2548/670 2447/2547/670
f 2431/2536/671 2463/2535/671 2462/2579/671 2429/2578/671
f 2461/2522/672 2433/2521/672 2432/2566/672 2459/2565/672
f 2437/2538/673 2457/2537/673 2456/2570/673 2435/2569/673
f 2455/2534/674 2439/2533/674 2438/2558/674 2453/2557/674
f 2443/2544/675 2475/2543/675 2474/2582/675 2441/2581/675
f 2473/2540/676 2445/2539/676 2444/2560/676 2471/2559/676
f 2439/3332/647 2431/3333/647 2430/2514/647 2440/2505/647
f 2454/2491/648 2464/2490/648 2463/3334/648 2455/3335/648
f 2460/3064/643 2470/3073/643 2469/2519/643 2461/2522/643
f 2448/2504/644 2434/2503/644 2433/3336/644 2449/3337/644
f 2472/2512/645 2458/2511/645 2457/3338/645 2473/3339/645
f 2436/2499/646 2446/2498/646 2445/3340/646 2437/3341/646
f 2451/3342/641 2443/3343/641 2442/2449/641 2452/2448/641
f 2466/2524/642 2476/2523/642 2475/3344/642 2467/3345/642
f 2408/3346/677 2414/3347/677 2416/2550/677 2409/2549/677
f 2405/2577/678 2411/2576/678 2413/3348/678 2406/3016/678
f 2465/3068/679 2420/3349/679 2422/2545/679 2466/2524/679
f 2412/2580/680 2454/2491/680 2453/3059/680 2413/3350/680
f 2419/2517/681 2436/2499/681 2435/3043/681 2417/3351/681
f 2426/3034/682 2456/3352/682 2458/2511/682 2427/2575/682
f 2470/3073/683 2410/3353/683 2409/2549/683 2468/2548/683
f 2440/2505/684 2407/2515/684 2406/3354/684 2438/3355/684
f 2415/2516/685 2448/2504/685 2447/3054/685 2416/3356/685
f 2452/2448/686 2425/2518/686 2424/3357/686 2450/3358/686
f 1921/1976/519 1855/1975/519 1963/2001/519 1971/2008/519 1856/1978/519 1901/1977/519
o Sphere
v 0.361058 0.644648 0.350340
v 0.361058 0.650915 0.348439
v 0.361058 0.656690 0.345352
v 0.361058 0.661752 0.341197
v 0.361058 0.665907 0.336135
v 0.361058 0.668994 0.330359
v 0.361058 0.670895 0.324092
v 0.361058 0.671537 0.317575
v 0.361058 0.670895 0.311058
v 0.361058 0.656690 0.289799
v 0.362329 0.644522 0.350340
v 0.363552 0.650669 0.348439
v 0.364679 0.656333 0.345352
v 0.365666 0.661298 0.341197
v 0.366477 0.665373 0.336135
v 0.367079 0.668401 0.330359
v 0.367450 0.670265 0.324092
v 0.367575 0.670895 0.317575
v 0.367450 0.670265 0.311058
v 0.367079 0.668401 0.304791
v 0.366477 0.665373 0.299016
v 0.365666 0.661298 0.293953
v 0.364679 0.656333 0.289799
v 0.363552 0.644152 0.350340
v 0.365950 0.649941 0.348439
v 0.368160 0.655277 0.345352
v 0.370098 0.659954 0.341197
v 0.371687 0.663792 0.336135
v 0.372869 0.666645 0.330359
v 0.373596 0.668401 0.324092
v 0.373842 0.668994 0.317575
v 0.373596 0.668401 0.311058
v 0.372869 0.666645 0.304791
v 0.371687 0.663792 0.299016
v 0.370098 0.659954 0.293953
v 0.368160 0.655277 0.289799
v 0.364679 0.643549 0.350340
v 0.368160 0.648760 0.348439
v 0.371369 0.653562 0.345352
v 0.374181 0.657771 0.341197
v 0.376490 0.661226 0.336135
v 0.378205 0.663792 0.330359
v 0.379261 0.665373 0.324092
v 0.379617 0.665907 0.317575
v 0.379261 0.665373 0.311058
v 0.378205 0.663792 0.304791
v 0.376490 0.661226 0.299016
v 0.374181 0.657771 0.293953
v 0.371369 0.653562 0.289799
v 0.365666 0.642739 0.350340
v 0.370098 0.647170 0.348439
v 0.374181 0.651254 0.345352
v 0.377761 0.654834 0.341197
v 0.380699 0.657771 0.336135
v 0.382882 0.659954 0.330359
v 0.384226 0.661298 0.324092
v 0.384680 0.661752 0.317575
v 0.384226 0.661298 0.311058
v 0.382882 0.659954 0.304791
v 0.380699 0.657771 0.299016
v 0.377761 0.654834 0.293953
v 0.374181 0.651254 0.289799
v 0.366477 0.641751 0.350340
v 0.371687 0.645233 0.348439
v 0.376490 0.648442 0.345352
v 0.380699 0.651254 0.341197
v 0.384153 0.653562 0.336135
v 0.386720 0.655277 0.330359
v 0.388300 0.656333 0.324092
v 0.388834 0.656690 0.317575
v 0.388300 0.656333 0.311058
v 0.386720 0.655277 0.304791
v 0.384153 0.653562 0.299016
v 0.380699 0.651254 0.293953
v 0.376490 0.648442 0.289799
v 0.367079 0.640625 0.350340
v 0.372869 0.643023 0.348439
v 0.378205 0.645233 0.345352
v 0.382882 0.647170 0.341197
v 0.386720 0.648760 0.336135
v 0.389572 0.649941 0.330359
v 0.391328 0.650669 0.324092
v 0.391921 0.650914 0.317575
v 0.391328 0.650669 0.311058
v 0.389572 0.649941 0.304791
v 0.386720 0.648760 0.299016
v 0.382882 0.647170 0.293953
v 0.378205 0.645233 0.289799
v 0.367450 0.639402 0.350340
v 0.373596 0.640625 0.348439
v 0.379261 0.641751 0.345352
v 0.384226 0.642739 0.341197
v 0.388300 0.643549 0.336135
v 0.391328 0.644152 0.330359
v 0.393193 0.644522 0.324092
v 0.393822 0.644648 0.317575
v 0.393193 0.644522 0.311058
v 0.391328 0.644152 0.304791
v 0.388300 0.643549 0.299016
v 0.384226 0.642739 0.293953
v 0.379261 0.641751 0.289799
v 0.367575 0.638130 0.350340
v 0.373842 0.638130 0.348439
v 0.379617 0.638130 0.345352
v 0.384680 0.638130 0.341197
v 0.388834 0.638130 0.336135
v 0.391921 0.638130 0.330359
v 0.393822 0.638130 0.324092
v 0.394464 0.638130 0.317575
v 0.393822 0.638130 0.311058
v 0.391921 0.638130 0.304791
v 0.388834 0.638130 0.299016
v 0.384680 0.638130 0.293953
v 0.379617 0.638130 0.289799
v 0.367450 0.636859 0.350340
v 0.373596 0.635636 0.348439
v 0.379261 0.634510 0.345352
v 0.384226 0.633522 0.341197
v 0.388300 0.632712 0.336135
v 0.391328 0.632109 0.330359
v 0.393193 0.631738 0.324092
v 0.393822 0.631613 0.317575
v 0.393193 0.631738 0.311058
v 0.391328 0.632109 0.304791
v 0.388300 0.632712 0.299016
v 0.384226 0.633522 0.293953
v 0.379261 0.634510 0.289799
v 0.367079 0.635636 0.350340
v 0.372869 0.633238 0.348439
v 0.378205 0.631028 0.345352
v 0.382882 0.629091 0.341197
v 0.386720 0.627501 0.336135
v 0.389572 0.626320 0.330359
v 0.391328 0.625592 0.324092
v 0.391921 0.625346 0.317575
v 0.391328 0.625592 0.311058
v 0.389572 0.626320 0.304791
v 0.386720 0.627501 0.299016
v 0.382882 0.629091 0.293953
v 0.378205 0.631028 0.289799
v 0.366477 0.634510 0.350340
v 0.371687 0.631028 0.348439
v 0.376490 0.627819 0.345352
v 0.380699 0.625007 0.341197
v 0.384153 0.622699 0.336135
v 0.386720 0.620984 0.330359
v 0.388300 0.619927 0.324092
v 0.388834 0.619571 0.317575
v 0.388300 0.619927 0.311058
v 0.386720 0.620984 0.304791
v 0.384153 0.622699 0.299016
v 0.380699 0.625007 0.293953
v 0.376490 0.627819 0.289799
v 0.365666 0.633522 0.350340
v 0.370098 0.629091 0.348439
v 0.374181 0.625007 0.345352
v 0.377761 0.621427 0.341197
v 0.380699 0.618490 0.336135
v 0.382882 0.616307 0.330359
v 0.384226 0.614962 0.324092
v 0.384680 0.614509 0.317575
v 0.384226 0.614962 0.311058
v 0.382882 0.616307 0.304791
v 0.380699 0.618490 0.299016
v 0.377761 0.621427 0.293953
v 0.374181 0.625007 0.289799
v 0.364679 0.632712 0.350340
v 0.368160 0.627501 0.348439
v 0.371369 0.622699 0.345352
v 0.374181 0.618490 0.341197
v 0.376490 0.615035 0.336135
v 0.378205 0.612468 0.330359
v 0.379261 0.610888 0.324092
v 0.379617 0.610354 0.317575
v 0.379261 0.610888 0.311058
v 0.378205 0.612468 0.304791
v 0.376490 0.615035 0.299016
v 0.374181 0.618490 0.293953
v 0.371369 0.622699 0.289799
v 0.363552 0.632109 0.350340
v 0.365950 0.626320 0.348439
v 0.368160 0.620984 0.345352
v 0.370097 0.616307 0.341197
v 0.371687 0.612468 0.336135
v 0.372869 0.609616 0.330359
v 0.373596 0.607860 0.324092
v 0.373842 0.607267 0.317575
v 0.373596 0.607860 0.311058
v 0.372869 0.609616 0.304791
v 0.371687 0.612468 0.299016
v 0.370097 0.616307 0.293953
v 0.368160 0.620984 0.289799
v 0.362329 0.631738 0.350340
v 0.363552 0.625592 0.348439
v 0.364679 0.619927 0.345352
v 0.365666 0.614962 0.341197
v 0.366477 0.610888 0.336135
v 0.367079 0.607860 0.330359
v 0.367450 0.605996 0.324092
v 0.367575 0.605366 0.317575
v 0.367450 0.605996 0.311058
v 0.367079 0.607860 0.304791
v 0.366477 0.610888 0.299016
v 0.365666 0.614962 0.293953
v 0.364679 0.619927 0.289799
v 0.361058 0.631613 0.350340
v 0.361058 0.625346 0.348439
v 0.361058 0.619571 0.345352
v 0.361058 0.614509 0.341197
v 0.361058 0.610354 0.336135
v 0.361058 0.607267 0.330359
v 0.361058 0.605366 0.324092
v 0.361058 0.604724 0.317575
v 0.361058 0.605366 0.311058
v 0.361058 0.607267 0.304791
v 0.361058 0.610354 0.299016
v 0.361058 0.614509 0.293953
v 0.361058 0.619571 0.289799
v 0.359786 0.631738 0.350340
v 0.358564 0.625592 0.348439
v 0.357437 0.619927 0.345352
v 0.356449 0.614962 0.341197
v 0.355639 0.610888 0.336135
v 0.355037 0.607860 0.330359
v 0.354666 0.605996 0.324092
v 0.354541 0.605366 0.317575
v 0.354666 0.605996 0.311058
v 0.355037 0.607860 0.304791
v 0.355639 0.610888 0.299016
v 0.356449 0.614962 0.293953
v 0.357437 0.619927 0.289799
v 0.358564 0.632109 0.350340
v 0.356166 0.626320 0.348439
v 0.353955 0.620984 0.345352
v 0.352018 0.616307 0.341197
v 0.350428 0.612468 0.336135
v 0.349247 0.609616 0.330359
v 0.348519 0.607860 0.324092
v 0.348274 0.607267 0.317575
v 0.348519 0.607860 0.311058
v 0.349247 0.609616 0.304791
v 0.350428 0.612468 0.299016
v 0.352018 0.616307 0.293953
v 0.353955 0.620984 0.289799
v 0.357437 0.632712 0.350340
v 0.353955 0.627501 0.348439
v 0.350747 0.622699 0.345352
v 0.347934 0.618490 0.341197
v 0.345626 0.615035 0.336135
v 0.343911 0.612468 0.330359
v 0.342855 0.610888 0.324092
v 0.342498 0.610354 0.317575
v 0.342855 0.610888 0.311058
v 0.343911 0.612468 0.304791
v 0.345626 0.615035 0.299016
v 0.347934 0.618490 0.293953
v 0.350747 0.622699 0.289799
v 0.361058 0.638130 0.350982
v 0.356449 0.633522 0.350340
v 0.352018 0.629091 0.348439
v 0.347934 0.625007 0.345352
v 0.344355 0.621427 0.341197
v 0.341417 0.618490 0.336135
v 0.339234 0.616307 0.330359
v 0.337890 0.614962 0.324092
v 0.337436 0.614509 0.317575
v 0.337890 0.614962 0.311058
v 0.339234 0.616307 0.304791
v 0.341417 0.618490 0.299016
v 0.344355 0.621427 0.293953
v 0.347934 0.625007 0.289799
v 0.355639 0.634510 0.350340
v 0.350428 0.631028 0.348439
v 0.345626 0.627819 0.345352
v 0.341417 0.625007 0.341197
v 0.337963 0.622699 0.336135
v 0.335396 0.620984 0.330359
v 0.333815 0.619928 0.324092
v 0.333281 0.619571 0.317575
v 0.333815 0.619928 0.311058
v 0.335396 0.620984 0.304791
v 0.337963 0.622699 0.299016
v 0.341417 0.625007 0.293953
v 0.345626 0.627819 0.289799
v 0.355037 0.635636 0.350340
v 0.349247 0.633238 0.348439
v 0.343911 0.631028 0.345352
v 0.339234 0.629091 0.341197
v 0.335396 0.627501 0.336135
v 0.332544 0.626320 0.330359
v 0.330787 0.625592 0.324092
v 0.330194 0.625346 0.317575
v 0.330787 0.625592 0.311058
v 0.332544 0.626320 0.304791
v 0.335396 0.627501 0.299016
v 0.339234 0.629091 0.293953
v 0.343911 0.631028 0.289799
v 0.354666 0.636859 0.350340
v 0.348519 0.635636 0.348439
v 0.342855 0.634510 0.345352
v 0.337890 0.633522 0.341197
v 0.333815 0.632712 0.336135
v 0.330787 0.632109 0.330359
v 0.328923 0.631738 0.324092
v 0.328293 0.631613 0.317575
v 0.328923 0.631738 0.311058
v 0.330787 0.632109 0.304791
v 0.333815 0.632712 0.299016
v 0.337890 0.633522 0.293953
v 0.342855 0.634510 0.289799
v 0.354541 0.638130 0.350340
v 0.348274 0.638130 0.348439
v 0.342498 0.638130 0.345352
v 0.337436 0.638130 0.341197
v 0.333281 0.638130 0.336135
v 0.330194 0.638130 0.330359
v 0.328293 0.638130 0.324092
v 0.327651 0.638130 0.317575
v 0.328293 0.638130 0.311058
v 0.330194 0.638130 0.304791
v 0.333281 0.638130 0.299016
v 0.337436 0.638130 0.293953
v 0.342498 0.638130 0.289799
v 0.354666 0.639402 0.350340
v 0.348519 0.640625 0.348439
v 0.342855 0.641751 0.345352
v 0.337890 0.642739 0.341197
v 0.333815 0.643549 0.336135
v 0.330787 0.644152 0.330359
v 0.328923 0.644522 0.324092
v 0.328293 0.644648 0.317575
v 0.328923 0.644522 0.311058
v 0.330787 0.644152 0.304791
v 0.333815 0.643549 0.299016
v 0.337890 0.642739 0.293953
v 0.342855 0.641751 0.289799
v 0.355037 0.640625 0.350340
v 0.349247 0.643023 0.348439
v 0.343911 0.645233 0.345352
v 0.339234 0.647170 0.341197
v 0.335396 0.648760 0.336135
v 0.332544 0.649941 0.330359
v 0.330787 0.650669 0.324092
v 0.330194 0.650914 0.317575
v 0.330787 0.650669 0.311058
v 0.332544 0.649941 0.304791
v 0.335396 0.648760 0.299016
v 0.339234 0.647170 0.293953
v 0.343911 0.645233 0.289799
v 0.355639 0.641751 0.350340
v 0.350428 0.645233 0.348439
v 0.345626 0.648442 0.345352
v 0.341417 0.651254 0.341197
v 0.337963 0.653562 0.336135
v 0.335396 0.655277 0.330359
v 0.333815 0.656333 0.324092
v 0.333281 0.656690 0.317575
v 0.333815 0.656333 0.311058
v 0.335396 0.655277 0.304791
v 0.337963 0.653562 0.299016
v 0.341417 0.651254 0.293953
v 0.345626 0.648442 0.289799
v 0.356449 0.642739 0.350340
v 0.352018 0.647170 0.348439
v 0.347934 0.651254 0.345352
v 0.344355 0.654834 0.341197
v 0.341417 0.657771 0.336135
v 0.339234 0.659954 0.330359
v 0.337890 0.661298 0.324092
v 0.337436 0.661752 0.317575
v 0.337890 0.661298 0.311058
v 0.339234 0.659954 0.304791
v 0.341417 0.657771 0.299016
v 0.344355 0.654834 0.293953
v 0.347934 0.651254 0.289799
v 0.357437 0.643549 0.350340
v 0.353955 0.648760 0.348439
v 0.350747 0.653562 0.345352
v 0.347934 0.657771 0.341197
v 0.345626 0.661226 0.336135
v 0.343911 0.663792 0.330359
v 0.342855 0.665373 0.324092
v 0.342498 0.665907 0.317575
v 0.342855 0.665373 0.311058
v 0.343911 0.663792 0.304791
v 0.345626 0.661226 0.299016
v 0.347934 0.657771 0.293953
v 0.350747 0.653562 0.289799
v 0.358564 0.644152 0.350340
v 0.356166 0.649941 0.348439
v 0.353955 0.655277 0.345352
v 0.352018 0.659954 0.341197
v 0.350428 0.663792 0.336135
v 0.349247 0.666645 0.330359
v 0.348519 0.668401 0.324092
v 0.348274 0.668994 0.317575
v 0.348519 0.668401 0.311058
v 0.349247 0.666645 0.304791
v 0.350428 0.663792 0.299016
v 0.352018 0.659954 0.293953
v 0.353955 0.655277 0.289799
v 0.359786 0.644522 0.350340
v 0.358564 0.650669 0.348439
v 0.357437 0.656333 0.345352
v 0.356449 0.661298 0.341197
v 0.355639 0.665373 0.336135
v 0.355037 0.668401 0.330359
v 0.354666 0.670265 0.324092
v 0.354541 0.670895 0.317575
v 0.354666 0.670265 0.311058
v 0.355037 0.668401 0.304791
v 0.355639 0.665373 0.299016
v 0.356449 0.661298 0.293953
v 0.357437 0.656333 0.289799
v 0.361058 0.668994 0.304791
v 0.361058 0.665907 0.299016
v 0.361058 0.661752 0.293953
v 0.364679 0.656333 0.272889
v 0.361058 0.656690 0.272889
v 0.368160 0.655277 0.272889
v 0.371369 0.653562 0.272889
v 0.374181 0.651254 0.272889
v 0.376490 0.648442 0.272889
v 0.378205 0.645233 0.272889
v 0.379261 0.641751 0.272889
v 0.379617 0.638130 0.272889
v 0.379261 0.634510 0.272889
v 0.378205 0.631028 0.272889
v 0.376490 0.627819 0.272889
v 0.374181 0.625007 0.272889
v 0.371369 0.622699 0.272889
v 0.368160 0.620984 0.272889
v 0.364679 0.619927 0.272889
v 0.361058 0.619571 0.272889
v 0.357437 0.619927 0.272889
v 0.353955 0.620984 0.272889
v 0.350747 0.622699 0.272889
v 0.347934 0.625007 0.272889
v 0.345626 0.627819 0.272889
v 0.343911 0.631028 0.272889
v 0.342855 0.634510 0.272889
v 0.342498 0.638130 0.272889
v 0.342855 0.641751 0.272889
v 0.343911 0.645233 0.272889
v 0.345626 0.648442 0.272889
v 0.347934 0.651254 0.272889
v 0.350747 0.653562 0.272889
v 0.353955 0.655277 0.272889
v 0.357437 0.656333 0.272889
v -0.361058 0.644648 0.350340
v -0.361058 0.650915 0.348439
v -0.361058 0.656690 0.345352
v -0.361058 0.661752 0.341197
v -0.361058 0.665907 0.336135
v -0.361058 0.668994 0.330359
v -0.361058 0.670895 0.324092
v -0.361058 0.671537 0.317575
v -0.361058 0.670895 0.311058
v -0.361058 0.656690 0.289799
v -0.362329 0.644522 0.350340
v -0.363552 0.650669 0.348439
v -0.364679 0.656333 0.345352
v -0.365666 0.661298 0.341197
v -0.366477 0.665373 0.336135
v -0.367079 0.668401 0.330359
v -0.367450 0.670265 0.324092
v -0.367575 0.670895 0.317575
v -0.367450 0.670265 0.311058
v -0.367079 0.668401 0.304791
v -0.366477 0.665373 0.299016
v -0.365666 0.661298 0.293953
v -0.364679 0.656333 0.289799
v -0.363552 0.644152 0.350340
v -0.365950 0.649941 0.348439
v -0.368160 0.655277 0.345352
v -0.370097 0.659954 0.341197
v -0.371687 0.663792 0.336135
v -0.372869 0.666645 0.330359
v -0.373596 0.668401 0.324092
v -0.373842 0.668994 0.317575
v -0.373596 0.668401 0.311058
v -0.372869 0.666645 0.304791
v -0.371687 0.663792 0.299016
v -0.370097 0.659954 0.293953
v -0.368160 0.655277 0.289799
v -0.364679 0.643549 0.350340
v -0.368160 0.648760 0.348439
v -0.371369 0.653562 0.345352
v -0.374181 0.657771 0.341197
v -0.376490 0.661226 0.336135
v -0.378205 0.663792 0.330359
v -0.379261 0.665373 0.324092
v -0.379617 0.665907 0.317575
v -0.379261 0.665373 0.311058
v -0.378205 0.663792 0.304791
v -0.376490 0.661226 0.299016
v -0.374181 0.657771 0.293953
v -0.371369 0.653562 0.289799
v -0.365666 0.642739 0.350340
v -0.370097 0.647170 0.348439
v -0.374181 0.651254 0.345352
v -0.377761 0.654834 0.341197
v -0.380699 0.657771 0.336135
v -0.382882 0.659954 0.330359
v -0.384226 0.661298 0.324092
v -0.384680 0.661752 0.317575
v -0.384226 0.661298 0.311058
v -0.382882 0.659954 0.304791
v -0.380699 0.657771 0.299016
v -0.377761 0.654834 0.293953
v -0.374181 0.651254 0.289799
v -0.366477 0.641751 0.350340
v -0.371687 0.645233 0.348439
v -0.376490 0.648442 0.345352
v -0.380699 0.651254 0.341197
v -0.384153 0.653562 0.336135
v -0.386720 0.655277 0.330359
v -0.388300 0.656333 0.324092
v -0.388834 0.656690 0.317575
v -0.388300 0.656333 0.311058
v -0.386720 0.655277 0.304791
v -0.384153 0.653562 0.299016
v -0.380699 0.651254 0.293953
v -0.376490 0.648442 0.289799
v -0.367079 0.640625 0.350340
v -0.372869 0.643023 0.348439
v -0.378205 0.645233 0.345352
v -0.382882 0.647170 0.341197
v -0.386720 0.648760 0.336135
v -0.389572 0.649941 0.330359
v -0.391328 0.650669 0.324092
v -0.391921 0.650915 0.317575
v -0.391328 0.650669 0.311058
v -0.389572 0.649941 0.304791
v -0.386720 0.648760 0.299016
v -0.382882 0.647170 0.293953
v -0.378205 0.645233 0.289799
v -0.367450 0.639402 0.350340
v -0.373596 0.640625 0.348439
v -0.379261 0.641751 0.345352
v -0.384226 0.642739 0.341197
v -0.388300 0.643549 0.336135
v -0.391328 0.644152 0.330359
v -0.393193 0.644522 0.324092
v -0.393822 0.644648 0.317575
v -0.393193 0.644522 0.311058
v -0.391328 0.644152 0.304791
v -0.388300 0.643549 0.299016
v -0.384226 0.642739 0.293953
v -0.379261 0.641751 0.289799
v -0.367575 0.638130 0.350340
v -0.373842 0.638130 0.348439
v -0.379617 0.638130 0.345352
v -0.384680 0.638130 0.341197
v -0.388834 0.638130 0.336135
v -0.391921 0.638130 0.330359
v -0.393822 0.638130 0.324092
v -0.394464 0.638130 0.317575
v -0.393822 0.638130 0.311058
v -0.391921 0.638130 0.304791
v -0.388834 0.638130 0.299016
v -0.384680 0.638130 0.293953
v -0.379617 0.638130 0.289799
v -0.367450 0.636859 0.350340
v -0.373596 0.635636 0.348439
v -0.379261 0.634510 0.345352
v -0.384226 0.633522 0.341197
v -0.388300 0.632712 0.336135
v -0.391328 0.632109 0.330359
v -0.393193 0.631738 0.324092
v -0.393822 0.631613 0.317575
v -0.393193 0.631738 0.311058
v -0.391328 0.632109 0.304791
v -0.388300 0.632712 0.299016
v -0.384226 0.633522 0.293953
v -0.379261 0.634510 0.289799
v -0.367079 0.635636 0.350340
v -0.372869 0.633238 0.348439
v -0.378205 0.631028 0.345352
v -0.382882 0.629091 0.341197
v -0.386720 0.627501 0.336135
v -0.389572 0.626320 0.330359
v -0.391328 0.625592 0.324092
v -0.391921 0.625346 0.317575
v -0.391328 0.625592 0.311058
v -0.389572 0.626320 0.304791
v -0.386720 0.627501 0.299016
v -0.382882 0.629091 0.293953
v -0.378205 0.631028 0.289799
v -0.366477 0.634510 0.350340
v -0.371687 0.631028 0.348439
v -0.376490 0.627819 0.345352
v -0.380699 0.625007 0.341197
v -0.384153 0.622699 0.336135
v -0.386720 0.620984 0.330359
v -0.388300 0.619928 0.324092
v -0.388834 0.619571 0.317575
v -0.388300 0.619928 0.311058
v -0.386720 0.620984 0.304791
v -0.384153 0.622699 0.299016
v -0.380699 0.625007 0.293953
v -0.376490 0.627819 0.289799
v -0.365666 0.633522 0.350340
v -0.370097 0.629091 0.348439
v -0.374181 0.625007 0.345352
v -0.377761 0.621427 0.341197
v -0.380699 0.618490 0.336135
v -0.382882 0.616307 0.330359
v -0.384226 0.614962 0.324092
v -0.384680 0.614509 0.317575
v -0.384226 0.614962 0.311058
v -0.382882 0.616307 0.304791
v -0.380699 0.618490 0.299016
v -0.377761 0.621427 0.293953
v -0.374181 0.625007 0.289799
v -0.364679 0.632712 0.350340
v -0.368160 0.627501 0.348439
v -0.371369 0.622699 0.345352
v -0.374181 0.618490 0.341197
v -0.376490 0.615035 0.336135
v -0.378205 0.612468 0.330359
v -0.379261 0.610888 0.324092
v -0.379617 0.610354 0.317575
v -0.379261 0.610888 0.311058
v -0.378205 0.612468 0.304791
v -0.376490 0.615035 0.299016
v -0.374181 0.618490 0.293953
v -0.371369 0.622699 0.289799
v -0.363552 0.632109 0.350340
v -0.365950 0.626320 0.348439
v -0.368160 0.620984 0.345352
v -0.370097 0.616307 0.341197
v -0.371687 0.612468 0.336135
v -0.372869 0.609616 0.330359
v -0.373596 0.607860 0.324092
v -0.373842 0.607267 0.317575
v -0.373596 0.607860 0.311058
v -0.372869 0.609616 0.304791
v -0.371687 0.612468 0.299016
v -0.370097 0.616307 0.293953
v -0.368160 0.620984 0.289799
v -0.362329 0.631738 0.350340
v -0.363552 0.625592 0.348439
v -0.364679 0.619928 0.345352
v -0.365666 0.614962 0.341197
v -0.366477 0.610888 0.336135
v -0.367079 0.607860 0.330359
v -0.367450 0.605996 0.324092
v -0.367575 0.605366 0.317575
v -0.367450 0.605996 0.311058
v -0.367079 0.607860 0.304791
v -0.366477 0.610888 0.299016
v -0.365666 0.614962 0.293953
v -0.364679 0.619928 0.289799
v -0.361058 0.631613 0.350340
v -0.361058 0.625346 0.348439
v -0.361058 0.619571 0.345352
v -0.361058 0.614509 0.341197
v -0.361058 0.610354 0.336135
v -0.361058 0.607267 0.330359
v -0.361058 0.605366 0.324092
v -0.361058 0.604724 0.317575
v -0.361058 0.605366 0.311058
v -0.361058 0.607267 0.304791
v -0.361058 0.610354 0.299016
v -0.361058 0.614509 0.293953
v -0.361058 0.619571 0.289799
v -0.359786 0.631738 0.350340
v -0.358564 0.625592 0.348439
v -0.357437 0.619928 0.345352
v -0.356449 0.614962 0.341197
v -0.355639 0.610888 0.336135
v -0.355037 0.607860 0.330359
v -0.354666 0.605996 0.324092
v -0.354541 0.605366 0.317575
v -0.354666 0.605996 0.311058
v -0.355037 0.607860 0.304791
v -0.355639 0.610888 0.299016
v -0.356449 0.614963 0.293953
v -0.357437 0.619928 0.289799
v -0.358564 0.632109 0.350340
v -0.356166 0.626320 0.348439
v -0.353955 0.620984 0.345352
v -0.352018 0.616307 0.341197
v -0.350428 0.612468 0.336135
v -0.349247 0.609616 0.330359
v -0.348519 0.607860 0.324092
v -0.348274 0.607267 0.317575
v -0.348519 0.607860 0.311058
v -0.349247 0.609616 0.304791
v -0.350428 0.612468 0.299016
v -0.352018 0.616307 0.293953
v -0.353955 0.620984 0.289799
v -0.357437 0.632712 0.350340
v -0.353955 0.627501 0.348439
v -0.350747 0.622699 0.345352
v -0.347934 0.618490 0.341197
v -0.345626 0.615035 0.336135
v -0.343911 0.612468 0.330359
v -0.342855 0.610888 0.324092
v -0.342498 0.610354 0.317575
v -0.342855 0.610888 0.311058
v -0.343911 0.612468 0.304791
v -0.345626 0.615035 0.299016
v -0.347934 0.618490 0.293953
v -0.350747 0.622699 0.289799
v -0.361058 0.638130 0.350982
v -0.356449 0.633522 0.350340
v -0.352018 0.629091 0.348439
v -0.347934 0.625007 0.345352
v -0.344355 0.621427 0.341197
v -0.341417 0.618490 0.336135
v -0.339234 0.616307 0.330359
v -0.337890 0.614963 0.324092
v -0.337436 0.614509 0.317575
v -0.337890 0.614963 0.311058
v -0.339234 0.616307 0.304791
v -0.341417 0.618490 0.299016
v -0.344355 0.621427 0.293953
v -0.347934 0.625007 0.289799
v -0.355639 0.634510 0.350340
v -0.350428 0.631028 0.348439
v -0.345626 0.627819 0.345352
v -0.341417 0.625007 0.341197
v -0.337963 0.622699 0.336135
v -0.335396 0.620984 0.330359
v -0.333815 0.619928 0.324092
v -0.333281 0.619571 0.317575
v -0.333815 0.619928 0.311058
v -0.335396 0.620984 0.304791
v -0.337963 0.622699 0.299016
v -0.341417 0.625007 0.293953
v -0.345626 0.627819 0.289799
v -0.355037 0.635636 0.350340
v -0.349247 0.633238 0.348439
v -0.343911 0.631028 0.345352
v -0.339234 0.629091 0.341197
v -0.335396 0.627501 0.336135
v -0.332544 0.626320 0.330359
v -0.330787 0.625592 0.324092
v -0.330194 0.625346 0.317575
v -0.330787 0.625592 0.311058
v -0.332544 0.626320 0.304791
v -0.335396 0.627501 0.299016
v -0.339234 0.629091 0.293953
v -0.343911 0.631028 0.289799
v -0.354666 0.636859 0.350340
v -0.348519 0.635636 0.348439
v -0.342855 0.634510 0.345352
v -0.337890 0.633522 0.341197
v -0.333815 0.632712 0.336135
v -0.330787 0.632109 0.330359
v -0.328923 0.631738 0.324092
v -0.328293 0.631613 0.317575
v -0.328923 0.631738 0.311058
v -0.330787 0.632109 0.304791
v -0.333815 0.632712 0.299016
v -0.337890 0.633522 0.293953
v -0.342855 0.634510 0.289799
v -0.354541 0.638130 0.350340
v -0.348274 0.638130 0.348439
v -0.342498 0.638130 0.345352
v -0.337436 0.638130 0.341197
v -0.333281 0.638130 0.336135
v -0.330194 0.638130 0.330359
v -0.328293 0.638130 0.324092
v -0.327651 0.638130 0.317575
v -0.328293 0.638130 0.311058
v -0.330194 0.638130 0.304791
v -0.333281 0.638130 0.299016
v -0.337436 0.638130 0.293953
v -0.342498 0.638130 0.289799
v -0.354666 0.639402 0.350340
v -0.348519 0.640625 0.348439
v -0.342855 0.641751 0.345352
v -0.337890 0.642739 0.341197
v -0.333815 0.643549 0.336135
v -0.330787 0.644152 0.330359
v -0.328923 0.644522 0.324092
v -0.328293 0.644648 0.317575
v -0.328923 0.644522 0.311058
v -0.330787 0.644152 0.304791
v -0.333815 0.643549 0.299016
v -0.337890 0.642739 0.293953
v -0.342855 0.641751 0.289799
v -0.355037 0.640625 0.350340
v -0.349247 0.643023 0.348439
v -0.343911 0.645233 0.345352
v -0.339234 0.647170 0.341197
v -0.335396 0.648760 0.336135
v -0.332544 0.649941 0.330359
v -0.330787 0.650669 0.324092
v -0.330194 0.650915 0.317575
v -0.330787 0.650669 0.311058
v -0.332544 0.649941 0.304791
v -0.335396 0.648760 0.299016
v -0.339234 0.647170 0.293953
v -0.343911 0.645233 0.289799
v -0.355639 0.641751 0.350340
v -0.350428 0.645233 0.348439
v -0.345626 0.648442 0.345352
v -0.341417 0.651254 0.341197
v -0.337963 0.653562 0.336135
v -0.335396 0.655277 0.330359
v -0.333815 0.656333 0.324092
v -0.333281 0.656690 0.317575
v -0.333815 0.656333 0.311058
v -0.335396 0.655277 0.304791
v -0.337963 0.653562 0.299016
v -0.341417 0.651254 0.293953
v -0.345626 0.648442 0.289799
v -0.356449 0.642739 0.350340
v -0.352018 0.647170 0.348439
v -0.347934 0.651254 0.345352
v -0.344355 0.654834 0.341197
v -0.341417 0.657771 0.336135
v -0.339234 0.659954 0.330359
v -0.337890 0.661298 0.324092
v -0.337436 0.661752 0.317575
v -0.337890 0.661298 0.311058
v -0.339234 0.659954 0.304791
v -0.341417 0.657771 0.299016
v -0.344355 0.654834 0.293953
v -0.347934 0.651254 0.289799
v -0.357437 0.643549 0.350340
v -0.353955 0.648760 0.348439
v -0.350747 0.653562 0.345352
v -0.347934 0.657771 0.341197
v -0.345626 0.661226 0.336135
v -0.343911 0.663792 0.330359
v -0.342855 0.665373 0.324092
v -0.342498 0.665907 0.317575
v -0.342855 0.665373 0.311058
v -0.343911 0.663792 0.304791
v -0.345626 0.661226 0.299016
v -0.347934 0.657771 0.293953
v -0.350747 0.653562 0.289799
v -0.358564 0.644152 0.350340
v -0.356166 0.649941 0.348439
v -0.353955 0.655277 0.345352
v -0.352018 0.659954 0.341197
v -0.350428 0.663792 0.336135
v -0.349247 0.666645 0.330359
v -0.348519 0.668401 0.324092
v -0.348274 0.668994 0.317575
v -0.348519 0.668401 0.311058
v -0.349247 0.666645 0.304791
v -0.350428 0.663792 0.299016
v -0.352018 0.659954 0.293953
v -0.353955 0.655277 0.289799
v -0.359786 0.644522 0.350340
v -0.358564 0.650669 0.348439
v -0.357437 0.656333 0.345352
v -0.356449 0.661298 0.341197
v -0.355639 0.665373 0.336135
v -0.355037 0.668401 0.330359
v -0.354666 0.670265 0.324092
v -0.354541 0.670895 0.317575
v -0.354666 0.670265 0.311058
v -0.355037 0.668401 0.304791
v -0.355639 0.665373 0.299016
v -0.356449 0.661298 0.293953
v -0.357437 0.656333 0.289799
v -0.361058 0.668994 0.304791
v -0.361058 0.665907 0.299016
v -0.361058 0.661752 0.293953
v -0.364679 0.656333 0.272889
v -0.361058 0.656690 0.272889
v -0.368160 0.655277 0.272889
v -0.371369 0.653562 0.272889
v -0.374181 0.651254 0.272889
v -0.376490 0.648442 0.272889
v -0.378205 0.645233 0.272889
v -0.379261 0.641751 0.272889
v -0.379617 0.638130 0.272889
v -0.379261 0.634510 0.272889
v -0.378205 0.631028 0.272889
v -0.376490 0.627819 0.272889
v -0.374181 0.625007 0.272889
v -0.371369 0.622699 0.272889
v -0.368160 0.620984 0.272889
v -0.364679 0.619928 0.272889
v -0.361058 0.619571 0.272889
v -0.357437 0.619928 0.272889
v -0.353955 0.620984 0.272889
v -0.350747 0.622699 0.272889
v -0.347934 0.625007 0.272889
v -0.345626 0.627819 0.272889
v -0.343911 0.631028 0.272889
v -0.342855 0.634510 0.272889
v -0.342498 0.638130 0.272889
v -0.342855 0.641751 0.272889
v -0.343911 0.645233 0.272889
v -0.345626 0.648442 0.272889
v -0.347934 0.651254 0.272889
v -0.350747 0.653562 0.272889
v -0.353955 0.655277 0.272889
v -0.357437 0.656333 0.272889
v 0.361058 0.656690 0.289799
v 0.364679 0.656333 0.289799
v 0.368160 0.655277 0.289799
v 0.371369 0.653562 0.289799
v 0.374181 0.651254 0.289799
v 0.376490 0.648442 0.289799
v 0.378205 0.645233 0.289799
v 0.379261 0.641751 0.289799
v 0.379617 0.638130 0.289799
v 0.379261 0.634510 0.289799
v 0.378205 0.631028 0.289799
v 0.376490 0.627819 0.289799
v 0.374181 0.625007 0.289799
v 0.371369 0.622699 0.289799
v 0.368160 0.620984 0.289799
v 0.364679 0.619927 0.289799
v 0.361058 0.619571 0.289799
v 0.357437 0.619927 0.289799
v 0.353955 0.620984 0.289799
v 0.350747 0.622699 0.289799
v 0.347934 0.625007 0.289799
v 0.345626 0.627819 0.289799
v 0.343911 0.631028 0.289799
v 0.342855 0.634510 0.289799
v 0.342498 0.638130 0.289799
v 0.342855 0.641751 0.289799
v 0.343911 0.645233 0.289799
v 0.345626 0.648442 0.289799
v 0.347934 0.651254 0.289799
v 0.350747 0.653562 0.289799
v 0.353955 0.655277 0.289799
v 0.357437 0.656333 0.289799
v -0.361058 0.656690 0.289799
v -0.364679 0.656333 0.289799
v -0.368160 0.655277 0.289799
v -0.371369 0.653562 0.289799
v -0.374181 0.651254 0.289799
v -0.376490 0.648442 0.289799
v -0.378205 0.645233 0.289799
v -0.379261 0.641751 0.289799
v -0.379617 0.638130 0.289799
v -0.379261 0.634510 0.289799
v -0.378205 0.631028 0.289799
v -0.376490 0.627819 0.289799
v -0.374181 0.625007 0.289799
v -0.371369 0.622699 0.289799
v -0.368160 0.620984 0.289799
v -0.364679 0.619928 0.289799
v -0.361058 0.619571 0.289799
v -0.357437 0.619928 0.289799
v -0.353955 0.620984 0.289799
v -0.350747 0.622699 0.289799
v -0.347934 0.625007 0.289799
v -0.345626 0.627819 0.289799
v -0.343911 0.631028 0.289799
v -0.342855 0.634510 0.289799
v -0.342498 0.638130 0.289799
v -0.342855 0.641751 0.289799
v -0.343911 0.645233 0.289799
v -0.345626 0.648442 0.289799
v -0.347934 0.651254 0.289799
v -0.350747 0.653562 0.289799
v -0.353955 0.655277 0.289799
v -0.357437 0.656333 0.289799
vt 0.370172 0.294346
vt 0.370440 0.294374
vt 0.370441 0.294607
vt 0.370171 0.294632
vt 0.369851 0.294312
vt 0.369850 0.294661
vt 0.371449 0.294476
vt 0.371625 0.294496
vt 0.371450 0.294511
vt 0.369457 0.294272
vt 0.369456 0.294698
vt 0.371271 0.294459
vt 0.371272 0.294528
vt 0.368947 0.294222
vt 0.368951 0.294747
vt 0.371086 0.294440
vt 0.371087 0.294547
vt 0.368281 0.294155
vt 0.368269 0.294817
vt 0.370890 0.294420
vt 0.370891 0.294565
vt 0.367241 0.294072
vt 0.367241 0.294935
vt 0.370677 0.294399
vt 0.370678 0.294585
vt 0.365455 0.293973
vt 0.365472 0.295184
vt 0.367410 0.295782
vt 0.365723 0.296370
vt 0.370715 0.294768
vt 0.370487 0.294836
vt 0.370226 0.294913
vt 0.369917 0.295004
vt 0.371457 0.294545
vt 0.369539 0.295116
vt 0.371286 0.294597
vt 0.369053 0.295263
vt 0.371108 0.294651
vt 0.368394 0.295467
vt 0.370920 0.294707
vt 0.371470 0.294577
vt 0.371313 0.294661
vt 0.369701 0.295511
vt 0.369253 0.295749
vt 0.371149 0.294748
vt 0.368644 0.296079
vt 0.370975 0.294841
vt 0.367740 0.296581
vt 0.370786 0.294940
vt 0.366200 0.297486
vt 0.370576 0.295051
vt 0.370335 0.295178
vt 0.370050 0.295327
vt 0.370890 0.295095
vt 0.370705 0.295245
vt 0.370493 0.295416
vt 0.370243 0.295618
vt 0.371490 0.294606
vt 0.369937 0.295867
vt 0.371352 0.294719
vt 0.369544 0.296188
vt 0.371209 0.294836
vt 0.369010 0.296631
vt 0.371056 0.294961
vt 0.368221 0.297300
vt 0.366885 0.298488
vt 0.370237 0.296170
vt 0.369915 0.296562
vt 0.371401 0.294768
vt 0.371284 0.294911
vt 0.369477 0.297100
vt 0.371159 0.295063
vt 0.368832 0.297911
vt 0.371022 0.295227
vt 0.367753 0.299339
vt 0.370870 0.295410
vt 0.370696 0.295619
vt 0.370490 0.295866
vt 0.371514 0.294630
vt 0.371064 0.295540
vt 0.370934 0.295779
vt 0.370780 0.296061
vt 0.371543 0.294649
vt 0.370591 0.296409
vt 0.371460 0.294806
vt 0.370351 0.296856
vt 0.371372 0.294970
vt 0.370026 0.297471
vt 0.371279 0.295143
vt 0.369552 0.298392
vt 0.371178 0.295331
vt 0.368771 0.300004
vt 0.370837 0.297060
vt 0.370638 0.297727
vt 0.371471 0.295010
vt 0.371413 0.295198
vt 0.370352 0.298724
vt 0.371350 0.295402
vt 0.369901 0.300458
vt 0.371279 0.295629
vt 0.371198 0.295889
vt 0.371102 0.296196
vt 0.371575 0.294662
vt 0.370986 0.296574
vt 0.371524 0.294833
vt 0.371479 0.295946
vt 0.371445 0.296266
vt 0.371609 0.294669
vt 0.371404 0.296658
vt 0.371593 0.294846
vt 0.371354 0.297163
vt 0.371575 0.295030
vt 0.371287 0.297861
vt 0.371555 0.295226
vt 0.371202 0.298894
vt 0.371533 0.295438
vt 0.371098 0.300683
vt 0.371508 0.295675
vt 0.371681 0.295030
vt 0.371700 0.295225
vt 0.371950 0.297870
vt 0.372069 0.298894
vt 0.371720 0.295438
vt 0.372318 0.300669
vt 0.371741 0.295675
vt 0.371766 0.295946
vt 0.371795 0.296267
vt 0.371644 0.294668
vt 0.371832 0.296660
vt 0.371662 0.294845
vt 0.371881 0.297162
vt 0.372047 0.295891
vt 0.372139 0.296200
vt 0.371678 0.294661
vt 0.372252 0.296579
vt 0.371731 0.294831
vt 0.372400 0.297070
vt 0.371785 0.295008
vt 0.372598 0.297724
vt 0.371842 0.295197
vt 0.372920 0.298721
vt 0.371903 0.295401
vt 0.373511 0.300417
vt 0.371970 0.295629
vt 0.373217 0.297481
vt 0.373721 0.298389
vt 0.371975 0.295141
vt 0.372075 0.295330
vt 0.374633 0.299936
vt 0.372186 0.295540
vt 0.372313 0.295782
vt 0.372462 0.296067
vt 0.371710 0.294648
vt 0.372647 0.296416
vt 0.371795 0.294804
vt 0.372887 0.296865
vt 0.371883 0.294967
vt 0.371738 0.294628
vt 0.372754 0.295873
vt 0.373003 0.296179
vt 0.371853 0.294765
vt 0.373323 0.296568
vt 0.371971 0.294908
vt 0.373776 0.297123
vt 0.372095 0.295060
vt 0.374443 0.297907
vt 0.372230 0.295226
vt 0.375639 0.299245
vt 0.372380 0.295411
vt 0.372551 0.295623
vt 0.372197 0.294958
vt 0.372362 0.295094
vt 0.375055 0.297290
vt 0.376490 0.298369
vt 0.372545 0.295246
vt 0.372755 0.295420
vt 0.373002 0.295626
vt 0.371763 0.294604
vt 0.373307 0.295878
vt 0.371902 0.294716
vt 0.373700 0.296200
vt 0.372045 0.294833
vt 0.374239 0.296648
vt 0.373198 0.295336
vt 0.373546 0.295523
vt 0.371782 0.294575
vt 0.371940 0.294657
vt 0.373996 0.295763
vt 0.372104 0.294744
vt 0.374605 0.296094
vt 0.372277 0.294837
vt 0.375533 0.296566
vt 0.372465 0.294938
vt 0.377153 0.297344
vt 0.372675 0.295052
vt 0.372914 0.295182
vt 0.375861 0.295763
vt 0.377603 0.296210
vt 0.372536 0.294766
vt 0.372764 0.294836
vt 0.373024 0.294917
vt 0.373333 0.295013
vt 0.371795 0.294543
vt 0.373711 0.295129
vt 0.371966 0.294593
vt 0.374203 0.295277
vt 0.372144 0.294646
vt 0.374852 0.295478
vt 0.372332 0.294703
vt 0.373795 0.294709
vt 0.374298 0.294759
vt 0.371979 0.294524
vt 0.372164 0.294542
vt 0.375000 0.294829
vt 0.372360 0.294561
vt 0.376029 0.294912
vt 0.372572 0.294583
vt 0.377823 0.295010
vt 0.372809 0.294608
vt 0.373081 0.294636
vt 0.373402 0.294669
vt 0.371801 0.294509
vt 0.372809 0.294374
vt 0.373081 0.294349
vt 0.373402 0.294319
vt 0.371801 0.294474
vt 0.373797 0.294282
vt 0.371979 0.294455
vt 0.374307 0.294231
vt 0.372164 0.294436
vt 0.374987 0.294165
vt 0.372359 0.294417
vt 0.376026 0.294043
vt 0.372572 0.294396
vt 0.377805 0.293790
vt 0.371965 0.294386
vt 0.372142 0.294332
vt 0.374197 0.293715
vt 0.374872 0.293510
vt 0.372330 0.294275
vt 0.375855 0.293192
vt 0.372535 0.294214
vt 0.377550 0.292597
vt 0.372764 0.294146
vt 0.373025 0.294068
vt 0.373335 0.293976
vt 0.371794 0.294440
vt 0.373714 0.293862
vt 0.372674 0.293930
vt 0.372916 0.293803
vt 0.373202 0.293652
vt 0.371781 0.294408
vt 0.373552 0.293467
vt 0.371938 0.294322
vt 0.374004 0.293224
vt 0.372101 0.294234
vt 0.374605 0.292903
vt 0.372274 0.294142
vt 0.375519 0.292391
vt 0.372464 0.294041
vt 0.377066 0.291476
vt 0.373707 0.292787
vt 0.374244 0.292344
vt 0.372042 0.294146
vt 0.372195 0.294021
vt 0.375036 0.291671
vt 0.372359 0.293887
vt 0.376374 0.290471
vt 0.372543 0.293738
vt 0.372757 0.293563
vt 0.373007 0.293360
vt 0.371761 0.294379
vt 0.373314 0.293111
vt 0.371899 0.294264
vt 0.372554 0.293360
vt 0.372760 0.293112
vt 0.371736 0.294355
vt 0.373011 0.292808
vt 0.371849 0.294215
vt 0.373331 0.292417
vt 0.371967 0.294072
vt 0.373782 0.291867
vt 0.372092 0.293919
vt 0.374422 0.291057
vt 0.372228 0.293755
vt 0.375498 0.289621
vt 0.372381 0.293573
vt 0.371879 0.294013
vt 0.371972 0.293839
vt 0.373223 0.291510
vt 0.373697 0.290578
vt 0.372073 0.293651
vt 0.374473 0.288958
vt 0.372187 0.293442
vt 0.372315 0.293201
vt 0.374633 0.299936
vt 0.375639 0.299245
vt 0.382327 0.307571
vt 0.379561 0.309405
vt 0.372469 0.292918
vt 0.371707 0.294336
vt 0.366117 0.291653
vt 0.365672 0.292781
vt 0.355551 0.289640
vt 0.356794 0.286605
vt 0.372657 0.292569
vt 0.371791 0.294177
vt 0.372897 0.292117
vt 0.372050 0.293092
vt 0.372145 0.292784
vt 0.371675 0.294323
vt 0.368771 0.300004
vt 0.369901 0.300458
vt 0.366690 0.310605
vt 0.363648 0.309322
vt 0.372261 0.292406
vt 0.371727 0.294151
vt 0.372407 0.291923
vt 0.371780 0.293973
vt 0.372615 0.291240
vt 0.371838 0.293784
vt 0.372895 0.290248
vt 0.371901 0.293580
vt 0.373337 0.288509
vt 0.371972 0.293352
vt 0.376374 0.290471
vt 0.375498 0.289621
vt 0.382324 0.281400
vt 0.384679 0.283742
vt 0.377805 0.293790
vt 0.377550 0.292597
vt 0.387804 0.289568
vt 0.388454 0.292826
vt 0.371963 0.291118
vt 0.372043 0.290083
vt 0.371696 0.293756
vt 0.371718 0.293543
vt 0.372136 0.288292
vt 0.371743 0.293305
vt 0.377153 0.297344
vt 0.377603 0.296210
vt 0.387804 0.299404
vt 0.386530 0.302471
vt 0.371769 0.293036
vt 0.365455 0.293973
vt 0.365472 0.295184
vt 0.354917 0.296135
vt 0.354918 0.292857
vt 0.371803 0.292715
vt 0.371641 0.294317
vt 0.372318 0.300669
vt 0.373511 0.300417
vt 0.376492 0.310661
vt 0.373238 0.311291
vt 0.371842 0.292322
vt 0.371658 0.294138
vt 0.371891 0.291816
vt 0.371676 0.293953
vt 0.367615 0.289756
vt 0.366772 0.290631
vt 0.358603 0.283864
vt 0.360913 0.281521
vt 0.371453 0.292715
vt 0.371415 0.292321
vt 0.371607 0.294317
vt 0.371588 0.294138
vt 0.371364 0.291815
vt 0.371570 0.293953
vt 0.371300 0.291120
vt 0.371551 0.293757
vt 0.371176 0.290089
vt 0.371531 0.293544
vt 0.370918 0.288315
vt 0.371510 0.293308
vt 0.370918 0.288315
vt 0.369728 0.288575
vt 0.366676 0.278380
vt 0.369913 0.277708
vt 0.371483 0.293035
vt 0.366885 0.298488
vt 0.367753 0.299339
vt 0.360920 0.307473
vt 0.358607 0.305132
vt 0.370328 0.290264
vt 0.369728 0.288575
vt 0.371348 0.293580
vt 0.371280 0.293351
vt 0.373337 0.288509
vt 0.372136 0.288292
vt 0.373226 0.277681
vt 0.376483 0.278309
vt 0.371202 0.293092
vt 0.376490 0.298369
vt 0.384681 0.305229
vt 0.371110 0.292783
vt 0.371573 0.294324
vt 0.365723 0.296370
vt 0.355550 0.299353
vt 0.370996 0.292404
vt 0.371520 0.294152
vt 0.370847 0.291918
vt 0.371466 0.293974
vt 0.370650 0.291251
vt 0.371409 0.293786
vt 0.371541 0.294337
vt 0.371456 0.294179
vt 0.370601 0.292567
vt 0.370360 0.292120
vt 0.371368 0.294015
vt 0.370038 0.291504
vt 0.371276 0.293841
vt 0.369530 0.290601
vt 0.371176 0.293652
vt 0.368613 0.289062
vt 0.371066 0.293442
vt 0.377823 0.295010
vt 0.388454 0.296147
vt 0.370936 0.293200
vt 0.371098 0.300683
vt 0.369928 0.311271
vt 0.370786 0.292916
vt 0.368613 0.289062
vt 0.363637 0.279669
vt 0.371021 0.293756
vt 0.370870 0.293569
vt 0.377066 0.291476
vt 0.386529 0.286501
vt 0.370699 0.293361
vt 0.366200 0.297486
vt 0.356795 0.302390
vt 0.370496 0.293110
vt 0.371512 0.294357
vt 0.370246 0.292804
vt 0.371398 0.294218
vt 0.369922 0.292413
vt 0.371281 0.294075
vt 0.369487 0.291872
vt 0.371156 0.293922
vt 0.368813 0.291086
vt 0.367615 0.289756
vt 0.369943 0.293106
vt 0.369550 0.292785
vt 0.371349 0.294268
vt 0.371206 0.294150
vt 0.369019 0.292341
vt 0.371054 0.294025
vt 0.368205 0.291701
vt 0.370889 0.293888
vt 0.366772 0.290631
vt 0.370706 0.293736
vt 0.374473 0.288958
vt 0.379556 0.279565
vt 0.370496 0.293563
vt 0.370248 0.293357
vt 0.371488 0.294381
vt 0.370577 0.293930
vt 0.370337 0.293800
vt 0.370053 0.293647
vt 0.371469 0.294410
vt 0.369706 0.293460
vt 0.371311 0.294326
vt 0.369258 0.293222
vt 0.371148 0.294238
vt 0.368652 0.292891
vt 0.370974 0.294145
vt 0.367730 0.292423
vt 0.370786 0.294044
vt 0.366117 0.291653
vt 0.371285 0.294390
vt 0.371108 0.294336
vt 0.369055 0.293707
vt 0.368401 0.293504
vt 0.370920 0.294279
vt 0.367404 0.293224
vt 0.370716 0.294216
vt 0.365672 0.292781
vt 0.370488 0.294146
vt 0.370226 0.294065
vt 0.369919 0.293970
vt 0.371456 0.294442
vt 0.369541 0.293854
vt 0.370172 0.294346
vt 0.370171 0.294632
vt 0.370441 0.294607
vt 0.370440 0.294374
vt 0.369851 0.294312
vt 0.369850 0.294661
vt 0.371449 0.294476
vt 0.371450 0.294511
vt 0.371625 0.294496
vt 0.369457 0.294272
vt 0.369456 0.294698
vt 0.371271 0.294459
vt 0.371272 0.294528
vt 0.368947 0.294222
vt 0.368951 0.294747
vt 0.371086 0.294440
vt 0.371087 0.294547
vt 0.368281 0.294155
vt 0.368269 0.294817
vt 0.370890 0.294420
vt 0.370891 0.294565
vt 0.367241 0.294072
vt 0.367241 0.294935
vt 0.370677 0.294399
vt 0.370678 0.294585
vt 0.365455 0.293973
vt 0.365472 0.295184
vt 0.365723 0.296370
vt 0.367410 0.295782
vt 0.370487 0.294836
vt 0.370715 0.294768
vt 0.370226 0.294913
vt 0.369917 0.295004
vt 0.371457 0.294545
vt 0.369539 0.295116
vt 0.371286 0.294597
vt 0.369053 0.295263
vt 0.371108 0.294651
vt 0.368394 0.295467
vt 0.370920 0.294707
vt 0.371313 0.294661
vt 0.371470 0.294577
vt 0.369253 0.295749
vt 0.369701 0.295511
vt 0.371149 0.294748
vt 0.368644 0.296079
vt 0.370975 0.294841
vt 0.367740 0.296581
vt 0.370786 0.294940
vt 0.366200 0.297486
vt 0.370576 0.295051
vt 0.370335 0.295178
vt 0.370050 0.295327
vt 0.370705 0.295245
vt 0.370890 0.295095
vt 0.370493 0.295416
vt 0.370243 0.295618
vt 0.371490 0.294606
vt 0.369937 0.295867
vt 0.371352 0.294719
vt 0.369544 0.296188
vt 0.371209 0.294836
vt 0.369010 0.296631
vt 0.371056 0.294961
vt 0.368221 0.297300
vt 0.366885 0.298488
vt 0.369915 0.296562
vt 0.370237 0.296170
vt 0.371284 0.294911
vt 0.371401 0.294768
vt 0.369477 0.297100
vt 0.371159 0.295063
vt 0.368832 0.297911
vt 0.371022 0.295227
vt 0.367753 0.299339
vt 0.370870 0.295410
vt 0.370696 0.295619
vt 0.370490 0.295866
vt 0.371514 0.294630
vt 0.370934 0.295779
vt 0.371064 0.295540
vt 0.370780 0.296061
vt 0.371543 0.294649
vt 0.370591 0.296409
vt 0.371460 0.294806
vt 0.370351 0.296856
vt 0.371372 0.294970
vt 0.370026 0.297471
vt 0.371279 0.295143
vt 0.369552 0.298392
vt 0.371178 0.295331
vt 0.368771 0.300004
vt 0.370638 0.297727
vt 0.370837 0.297060
vt 0.371413 0.295198
vt 0.371471 0.295010
vt 0.370352 0.298724
vt 0.371350 0.295402
vt 0.369901 0.300458
vt 0.371279 0.295629
vt 0.371198 0.295889
vt 0.371102 0.296196
vt 0.371575 0.294662
vt 0.370986 0.296574
vt 0.371524 0.294833
vt 0.371445 0.296266
vt 0.371479 0.295946
vt 0.371609 0.294669
vt 0.371404 0.296658
vt 0.371593 0.294846
vt 0.371354 0.297163
vt 0.371575 0.295030
vt 0.371287 0.297861
vt 0.371555 0.295226
vt 0.371202 0.298894
vt 0.371533 0.295438
vt 0.371098 0.300683
vt 0.371508 0.295675
vt 0.371700 0.295225
vt 0.371681 0.295030
vt 0.372069 0.298894
vt 0.371950 0.297870
vt 0.371720 0.295438
vt 0.372318 0.300669
vt 0.371741 0.295675
vt 0.371766 0.295946
vt 0.371795 0.296267
vt 0.371644 0.294668
vt 0.371832 0.296660
vt 0.371662 0.294845
vt 0.371881 0.297162
vt 0.372139 0.296200
vt 0.372047 0.295891
vt 0.371678 0.294661
vt 0.372252 0.296579
vt 0.371731 0.294831
vt 0.372400 0.297070
vt 0.371785 0.295008
vt 0.372598 0.297724
vt 0.371842 0.295197
vt 0.372920 0.298721
vt 0.371903 0.295401
vt 0.373511 0.300417
vt 0.371970 0.295629
vt 0.373721 0.298389
vt 0.373217 0.297481
vt 0.372075 0.295330
vt 0.371975 0.295141
vt 0.374633 0.299936
vt 0.372186 0.295540
vt 0.372313 0.295782
vt 0.372462 0.296067
vt 0.371710 0.294648
vt 0.372647 0.296416
vt 0.371795 0.294804
vt 0.372887 0.296865
vt 0.371883 0.294967
vt 0.371738 0.294628
vt 0.373003 0.296179
vt 0.372754 0.295873
vt 0.371853 0.294765
vt 0.373323 0.296568
vt 0.371971 0.294908
vt 0.373776 0.297123
vt 0.372095 0.295060
vt 0.374443 0.297907
vt 0.372230 0.295226
vt 0.375639 0.299245
vt 0.372380 0.295411
vt 0.372551 0.295623
vt 0.372362 0.295094
vt 0.372197 0.294958
vt 0.376490 0.298369
vt 0.375055 0.297290
vt 0.372545 0.295246
vt 0.372755 0.295420
vt 0.373002 0.295626
vt 0.371763 0.294604
vt 0.373307 0.295878
vt 0.371902 0.294716
vt 0.373700 0.296200
vt 0.372045 0.294833
vt 0.374239 0.296648
vt 0.373546 0.295523
vt 0.373198 0.295336
vt 0.371940 0.294657
vt 0.371782 0.294575
vt 0.373996 0.295763
vt 0.372104 0.294744
vt 0.374605 0.296094
vt 0.372277 0.294837
vt 0.375533 0.296566
vt 0.372465 0.294938
vt 0.377153 0.297344
vt 0.372675 0.295052
vt 0.372914 0.295182
vt 0.377603 0.296210
vt 0.375861 0.295763
vt 0.372764 0.294836
vt 0.372536 0.294766
vt 0.373024 0.294917
vt 0.373333 0.295013
vt 0.371795 0.294543
vt 0.373711 0.295129
vt 0.371966 0.294593
vt 0.374203 0.295277
vt 0.372144 0.294646
vt 0.374852 0.295478
vt 0.372332 0.294703
vt 0.374298 0.294759
vt 0.373795 0.294709
vt 0.372164 0.294542
vt 0.371979 0.294524
vt 0.375000 0.294829
vt 0.372360 0.294561
vt 0.376029 0.294912
vt 0.372572 0.294583
vt 0.377823 0.295010
vt 0.372809 0.294608
vt 0.373081 0.294636
vt 0.373402 0.294669
vt 0.371801 0.294509
vt 0.373081 0.294349
vt 0.372809 0.294374
vt 0.373402 0.294319
vt 0.371801 0.294474
vt 0.373797 0.294282
vt 0.371979 0.294455
vt 0.374307 0.294231
vt 0.372164 0.294436
vt 0.374987 0.294165
vt 0.372359 0.294417
vt 0.376026 0.294043
vt 0.372572 0.294396
vt 0.377805 0.293790
vt 0.372142 0.294332
vt 0.371965 0.294386
vt 0.374872 0.293510
vt 0.374197 0.293715
vt 0.372330 0.294275
vt 0.375855 0.293192
vt 0.372535 0.294214
vt 0.377550 0.292597
vt 0.372764 0.294146
vt 0.373025 0.294068
vt 0.373335 0.293976
vt 0.371794 0.294440
vt 0.373714 0.293862
vt 0.372916 0.293803
vt 0.372674 0.293930
vt 0.373202 0.293652
vt 0.371781 0.294408
vt 0.373552 0.293467
vt 0.371938 0.294322
vt 0.374004 0.293224
vt 0.372101 0.294234
vt 0.374605 0.292903
vt 0.372274 0.294142
vt 0.375519 0.292391
vt 0.372464 0.294041
vt 0.377066 0.291476
vt 0.374244 0.292344
vt 0.373707 0.292787
vt 0.372195 0.294021
vt 0.372042 0.294146
vt 0.375036 0.291671
vt 0.372359 0.293887
vt 0.376374 0.290471
vt 0.372543 0.293738
vt 0.372757 0.293563
vt 0.373007 0.293360
vt 0.371761 0.294379
vt 0.373314 0.293111
vt 0.371899 0.294264
vt 0.372760 0.293112
vt 0.372554 0.293360
vt 0.371736 0.294355
vt 0.373011 0.292808
vt 0.371849 0.294215
vt 0.373331 0.292417
vt 0.371967 0.294072
vt 0.373782 0.291867
vt 0.372092 0.293919
vt 0.374422 0.291057
vt 0.372228 0.293755
vt 0.375498 0.289621
vt 0.372381 0.293573
vt 0.371972 0.293839
vt 0.371879 0.294013
vt 0.373697 0.290578
vt 0.373223 0.291510
vt 0.372073 0.293651
vt 0.374473 0.288958
vt 0.372187 0.293442
vt 0.372315 0.293201
vt 0.374633 0.299936
vt 0.379561 0.309405
vt 0.382327 0.307571
vt 0.375639 0.299245
vt 0.372469 0.292918
vt 0.371707 0.294336
vt 0.366117 0.291653
vt 0.356794 0.286605
vt 0.355551 0.289640
vt 0.365672 0.292781
vt 0.372657 0.292569
vt 0.371791 0.294177
vt 0.372897 0.292117
vt 0.372145 0.292784
vt 0.372050 0.293092
vt 0.371675 0.294323
vt 0.368771 0.300004
vt 0.363648 0.309322
vt 0.366690 0.310605
vt 0.369901 0.300458
vt 0.372261 0.292406
vt 0.371727 0.294151
vt 0.372407 0.291923
vt 0.371780 0.293973
vt 0.372615 0.291240
vt 0.371838 0.293784
vt 0.372895 0.290248
vt 0.371901 0.293580
vt 0.373337 0.288509
vt 0.371972 0.293352
vt 0.376374 0.290471
vt 0.384679 0.283742
vt 0.382324 0.281400
vt 0.375498 0.289621
vt 0.377805 0.293790
vt 0.388454 0.292826
vt 0.387804 0.289568
vt 0.377550 0.292597
vt 0.372043 0.290083
vt 0.371963 0.291118
vt 0.371718 0.293543
vt 0.371696 0.293756
vt 0.372136 0.288292
vt 0.371743 0.293305
vt 0.377153 0.297344
vt 0.386530 0.302471
vt 0.387804 0.299404
vt 0.377603 0.296210
vt 0.371769 0.293036
vt 0.365455 0.293973
vt 0.354918 0.292857
vt 0.354917 0.296135
vt 0.365472 0.295184
vt 0.371803 0.292715
vt 0.371641 0.294317
vt 0.372318 0.300669
vt 0.373238 0.311291
vt 0.376492 0.310661
vt 0.373511 0.300417
vt 0.371842 0.292322
vt 0.371658 0.294138
vt 0.371891 0.291816
vt 0.371676 0.293953
vt 0.367615 0.289756
vt 0.360913 0.281521
vt 0.358603 0.283864
vt 0.366772 0.290631
vt 0.371415 0.292321
vt 0.371453 0.292715
vt 0.371588 0.294138
vt 0.371607 0.294317
vt 0.371364 0.291815
vt 0.371570 0.293953
vt 0.371300 0.291120
vt 0.371551 0.293757
vt 0.371176 0.290089
vt 0.371531 0.293544
vt 0.370918 0.288315
vt 0.371510 0.293308
vt 0.370918 0.288315
vt 0.369913 0.277708
vt 0.366676 0.278380
vt 0.369728 0.288575
vt 0.371483 0.293035
vt 0.366885 0.298488
vt 0.358607 0.305132
vt 0.360920 0.307473
vt 0.367753 0.299339
vt 0.369728 0.288575
vt 0.370328 0.290264
vt 0.371280 0.293351
vt 0.371348 0.293580
vt 0.373337 0.288509
vt 0.376483 0.278309
vt 0.373226 0.277681
vt 0.372136 0.288292
vt 0.371202 0.293092
vt 0.384681 0.305229
vt 0.376490 0.298369
vt 0.371110 0.292783
vt 0.371573 0.294324
vt 0.355550 0.299353
vt 0.365723 0.296370
vt 0.370996 0.292404
vt 0.371520 0.294152
vt 0.370847 0.291918
vt 0.371466 0.293974
vt 0.370650 0.291251
vt 0.371409 0.293786
vt 0.371456 0.294179
vt 0.371541 0.294337
vt 0.370360 0.292120
vt 0.370601 0.292567
vt 0.371368 0.294015
vt 0.370038 0.291504
vt 0.371276 0.293841
vt 0.369530 0.290601
vt 0.371176 0.293652
vt 0.368613 0.289062
vt 0.371066 0.293442
vt 0.388454 0.296147
vt 0.377823 0.295010
vt 0.370936 0.293200
vt 0.369928 0.311271
vt 0.371098 0.300683
vt 0.370786 0.292916
vt 0.363637 0.279669
vt 0.368613 0.289062
vt 0.370870 0.293569
vt 0.371021 0.293756
vt 0.386529 0.286501
vt 0.377066 0.291476
vt 0.370699 0.293361
vt 0.356795 0.302390
vt 0.366200 0.297486
vt 0.370496 0.293110
vt 0.371512 0.294357
vt 0.370246 0.292804
vt 0.371398 0.294218
vt 0.369922 0.292413
vt 0.371281 0.294075
vt 0.369487 0.291872
vt 0.371156 0.293922
vt 0.368813 0.291086
vt 0.367615 0.289756
vt 0.369550 0.292785
vt 0.369943 0.293106
vt 0.371206 0.294150
vt 0.371349 0.294268
vt 0.369019 0.292341
vt 0.371054 0.294025
vt 0.368205 0.291701
vt 0.370889 0.293888
vt 0.366772 0.290631
vt 0.370706 0.293736
vt 0.379556 0.279565
vt 0.374473 0.288958
vt 0.370496 0.293563
vt 0.370248 0.293357
vt 0.371488 0.294381
vt 0.370337 0.293800
vt 0.370577 0.293930
vt 0.370053 0.293647
vt 0.371469 0.294410
vt 0.369706 0.293460
vt 0.371311 0.294326
vt 0.369258 0.293222
vt 0.371148 0.294238
vt 0.368652 0.292891
vt 0.370974 0.294145
vt 0.367730 0.292423
vt 0.370786 0.294044
vt 0.366117 0.291653
vt 0.371108 0.294336
vt 0.371285 0.294390
vt 0.368401 0.293504
vt 0.369055 0.293707
vt 0.370920 0.294279
vt 0.367404 0.293224
vt 0.370716 0.294216
vt 0.365672 0.292781
vt 0.370488 0.294146
vt 0.370226 0.294065
vt 0.369919 0.293970
vt 0.371456 0.294442
vt 0.369541 0.293854
vn 0.0000 0.9810 0.1939
vn 0.0000 0.9247 0.3805
vn 0.1804 0.9070 0.3805
vn 0.1914 0.9622 0.1939
vn 0.0000 1.0000 0.0000
vn 0.1951 0.9808 0.0000
vn 0.0000 0.2010 0.9796
vn 0.0000 0.0000 1.0000
vn 0.0392 0.1971 0.9796
vn 0.0000 0.9810 -0.1939
vn 0.1914 0.9622 -0.1939
vn 0.0000 0.3879 0.9217
vn 0.0757 0.3804 0.9217
vn 0.0000 0.9247 -0.3805
vn 0.1804 0.9070 -0.3805
vn 0.0000 0.5598 0.8286
vn 0.1092 0.5490 0.8286
vn 0.0000 0.8333 -0.5528
vn 0.1626 0.8173 -0.5528
vn 0.0000 0.7101 0.7040
vn 0.1385 0.6965 0.7040
vn 0.0000 0.7101 -0.7040
vn 0.1385 0.6965 -0.7040
vn 0.0000 0.8333 0.5528
vn 0.1626 0.8173 0.5528
vn 0.0000 0.6344 -0.7730
vn 0.1238 0.6222 -0.7730
vn 0.2717 0.6561 -0.7040
vn 0.2427 0.5861 -0.7730
vn 0.3189 0.7699 0.5528
vn 0.3539 0.8544 0.3805
vn 0.3754 0.9063 0.1939
vn 0.3827 0.9239 0.0000
vn 0.0769 0.1856 0.9796
vn 0.3754 0.9063 -0.1939
vn 0.1484 0.3583 0.9217
vn 0.3539 0.8544 -0.3805
vn 0.2142 0.5171 0.8286
vn 0.3189 0.7699 -0.5528
vn 0.2717 0.6561 0.7040
vn 0.1116 0.1671 0.9796
vn 0.2155 0.3225 0.9217
vn 0.5450 0.8157 -0.1939
vn 0.5137 0.7689 -0.3805
vn 0.3110 0.4654 0.8286
vn 0.4630 0.6929 -0.5528
vn 0.3945 0.5904 0.7040
vn 0.3945 0.5904 -0.7040
vn 0.4630 0.6929 0.5528
vn 0.3524 0.5275 -0.7730
vn 0.5137 0.7689 0.3805
vn 0.5450 0.8157 0.1939
vn 0.5556 0.8314 0.0000
vn 0.5893 0.5893 0.5528
vn 0.6539 0.6539 0.3805
vn 0.6937 0.6937 0.1939
vn 0.7071 0.7071 0.0000
vn 0.1421 0.1421 0.9796
vn 0.6937 0.6937 -0.1939
vn 0.2743 0.2743 0.9217
vn 0.6539 0.6539 -0.3805
vn 0.3958 0.3958 0.8286
vn 0.5893 0.5893 -0.5528
vn 0.5021 0.5021 0.7040
vn 0.5021 0.5021 -0.7040
vn 0.4486 0.4486 -0.7730
vn 0.8157 0.5450 -0.1939
vn 0.7689 0.5137 -0.3805
vn 0.3225 0.2155 0.9217
vn 0.4654 0.3110 0.8286
vn 0.6929 0.4630 -0.5528
vn 0.5904 0.3945 0.7040
vn 0.5904 0.3945 -0.7040
vn 0.6929 0.4630 0.5528
vn 0.5275 0.3524 -0.7730
vn 0.7689 0.5137 0.3805
vn 0.8157 0.5450 0.1939
vn 0.8314 0.5556 0.0000
vn 0.1671 0.1116 0.9796
vn 0.8544 0.3539 0.3805
vn 0.9063 0.3754 0.1939
vn 0.9239 0.3827 0.0000
vn 0.1856 0.0769 0.9796
vn 0.9063 0.3754 -0.1939
vn 0.3583 0.1484 0.9217
vn 0.8544 0.3539 -0.3805
vn 0.5171 0.2142 0.8286
vn 0.7699 0.3189 -0.5528
vn 0.6561 0.2717 0.7040
vn 0.6561 0.2717 -0.7040
vn 0.7699 0.3189 0.5528
vn 0.5861 0.2427 -0.7730
vn 0.9070 0.1804 -0.3805
vn 0.8173 0.1626 -0.5528
vn 0.5490 0.1092 0.8286
vn 0.6965 0.1385 0.7040
vn 0.6965 0.1385 -0.7040
vn 0.8173 0.1626 0.5528
vn 0.6222 0.1238 -0.7730
vn 0.9070 0.1804 0.3805
vn 0.9622 0.1914 0.1939
vn 0.9808 0.1951 0.0000
vn 0.1971 0.0392 0.9796
vn 0.9622 0.1914 -0.1939
vn 0.3804 0.0757 0.9217
vn 0.9810 0.0000 0.1939
vn 1.0000 0.0000 0.0000
vn 0.2010 0.0000 0.9796
vn 0.9810 0.0000 -0.1939
vn 0.3879 0.0000 0.9217
vn 0.9247 0.0000 -0.3805
vn 0.5598 0.0000 0.8286
vn 0.8333 0.0000 -0.5528
vn 0.7101 0.0000 0.7040
vn 0.7101 0.0000 -0.7040
vn 0.8333 0.0000 0.5528
vn 0.6344 0.0000 -0.7730
vn 0.9247 0.0000 0.3805
vn 0.5490 -0.1092 0.8286
vn 0.6965 -0.1385 0.7040
vn 0.8173 -0.1626 -0.5528
vn 0.6965 -0.1385 -0.7040
vn 0.8173 -0.1626 0.5528
vn 0.6222 -0.1238 -0.7730
vn 0.9070 -0.1804 0.3805
vn 0.9622 -0.1914 0.1939
vn 0.9808 -0.1951 0.0000
vn 0.1971 -0.0392 0.9796
vn 0.9622 -0.1914 -0.1939
vn 0.3804 -0.0757 0.9217
vn 0.9070 -0.1804 -0.3805
vn 0.9063 -0.3754 0.1939
vn 0.9239 -0.3827 0.0000
vn 0.1856 -0.0769 0.9796
vn 0.9063 -0.3754 -0.1939
vn 0.3583 -0.1484 0.9217
vn 0.8544 -0.3539 -0.3805
vn 0.5171 -0.2142 0.8286
vn 0.7699 -0.3189 -0.5528
vn 0.6561 -0.2717 0.7040
vn 0.6561 -0.2717 -0.7040
vn 0.7699 -0.3189 0.5528
vn 0.5861 -0.2427 -0.7730
vn 0.8544 -0.3539 0.3805
vn 0.6929 -0.4630 -0.5528
vn 0.5904 -0.3945 -0.7040
vn 0.5904 -0.3945 0.7040
vn 0.6929 -0.4630 0.5528
vn 0.5275 -0.3524 -0.7730
vn 0.7689 -0.5137 0.3805
vn 0.8157 -0.5450 0.1939
vn 0.8314 -0.5556 0.0000
vn 0.1671 -0.1116 0.9796
vn 0.8157 -0.5450 -0.1939
vn 0.3225 -0.2155 0.9217
vn 0.7689 -0.5137 -0.3805
vn 0.4654 -0.3110 0.8286
vn 0.1421 -0.1421 0.9796
vn 0.7071 -0.7071 0.0000
vn 0.6937 -0.6937 -0.1939
vn 0.2743 -0.2743 0.9217
vn 0.6539 -0.6539 -0.3805
vn 0.3958 -0.3958 0.8286
vn 0.5893 -0.5893 -0.5528
vn 0.5021 -0.5021 0.7040
vn 0.5021 -0.5021 -0.7040
vn 0.5893 -0.5893 0.5528
vn 0.4486 -0.4486 -0.7730
vn 0.6539 -0.6539 0.3805
vn 0.6937 -0.6937 0.1939
vn 0.3945 -0.5904 0.7040
vn 0.4630 -0.6929 0.5528
vn 0.3945 -0.5904 -0.7040
vn 0.3524 -0.5275 -0.7730
vn 0.5137 -0.7689 0.3805
vn 0.5450 -0.8157 0.1939
vn 0.5556 -0.8314 0.0000
vn 0.1116 -0.1671 0.9796
vn 0.5450 -0.8157 -0.1939
vn 0.2155 -0.3225 0.9217
vn 0.5137 -0.7689 -0.3805
vn 0.3110 -0.4654 0.8286
vn 0.4630 -0.6929 -0.5528
vn 0.3827 -0.9239 0.0000
vn 0.3754 -0.9063 -0.1939
vn 0.0769 -0.1856 0.9796
vn 0.1484 -0.3583 0.9217
vn 0.3539 -0.8544 -0.3805
vn 0.2142 -0.5171 0.8286
vn 0.3189 -0.7699 -0.5528
vn 0.2717 -0.6561 0.7040
vn 0.2717 -0.6561 -0.7040
vn 0.3189 -0.7699 0.5528
vn 0.2427 -0.5861 -0.7730
vn 0.3539 -0.8544 0.3805
vn 0.3754 -0.9063 0.1939
vn 0.1385 -0.6965 -0.7040
vn 0.1238 -0.6222 -0.7730
vn 0.1626 -0.8173 0.5528
vn 0.1804 -0.9070 0.3805
vn 0.1914 -0.9622 0.1939
vn 0.1951 -0.9808 0.0000
vn 0.0392 -0.1971 0.9796
vn 0.1914 -0.9622 -0.1939
vn 0.0757 -0.3804 0.9217
vn 0.1804 -0.9070 -0.3805
vn 0.1092 -0.5490 0.8286
vn 0.1626 -0.8173 -0.5528
vn 0.1385 -0.6965 0.7040
vn 0.0000 -0.9810 -0.1939
vn 0.0000 -0.9247 -0.3805
vn 0.0000 -0.3879 0.9217
vn 0.0000 -0.5598 0.8286
vn 0.0000 -0.8333 -0.5528
vn 0.0000 -0.7101 0.7040
vn 0.0000 -0.7101 -0.7040
vn 0.0000 -0.8333 0.5528
vn 0.0000 -0.6344 -0.7730
vn 0.0000 -0.9247 0.3805
vn 0.0000 -0.9810 0.1939
vn 0.0000 -1.0000 0.0000
vn 0.0000 -0.2010 0.9796
vn -0.1804 -0.9070 0.3805
vn -0.1914 -0.9622 0.1939
vn -0.1951 -0.9808 0.0000
vn -0.0392 -0.1971 0.9796
vn -0.1914 -0.9622 -0.1939
vn -0.0757 -0.3804 0.9217
vn -0.1804 -0.9070 -0.3805
vn -0.1092 -0.5490 0.8286
vn -0.1626 -0.8173 -0.5528
vn -0.1385 -0.6965 0.7040
vn -0.1385 -0.6965 -0.7040
vn -0.1626 -0.8173 0.5528
vn -0.1238 -0.6222 -0.7730
vn -0.1484 -0.3583 0.9217
vn -0.2142 -0.5171 0.8286
vn -0.3539 -0.8544 -0.3805
vn -0.3189 -0.7699 -0.5528
vn -0.2717 -0.6561 0.7040
vn -0.2717 -0.6561 -0.7040
vn -0.3189 -0.7699 0.5528
vn -0.2427 -0.5861 -0.7730
vn -0.3539 -0.8544 0.3805
vn -0.3754 -0.9063 0.1939
vn -0.3827 -0.9239 0.0000
vn -0.0769 -0.1856 0.9796
vn -0.3754 -0.9063 -0.1939
vn -0.5137 -0.7689 0.3805
vn -0.5450 -0.8157 0.1939
vn -0.5556 -0.8314 0.0000
vn -0.1116 -0.1671 0.9796
vn -0.5450 -0.8157 -0.1939
vn -0.2155 -0.3225 0.9217
vn -0.5137 -0.7689 -0.3805
vn -0.3110 -0.4654 0.8286
vn -0.4630 -0.6929 -0.5528
vn -0.3945 -0.5904 0.7040
vn -0.3945 -0.5904 -0.7040
vn -0.4630 -0.6929 0.5528
vn -0.3524 -0.5275 -0.7730
vn -0.6539 -0.6539 -0.3805
vn -0.5893 -0.5893 -0.5528
vn -0.3958 -0.3958 0.8286
vn -0.5021 -0.5021 0.7040
vn -0.5021 -0.5021 -0.7040
vn -0.5893 -0.5893 0.5528
vn -0.4486 -0.4486 -0.7730
vn -0.6539 -0.6539 0.3805
vn -0.6937 -0.6937 0.1939
vn -0.7071 -0.7071 0.0000
vn -0.1421 -0.1421 0.9796
vn -0.6937 -0.6937 -0.1939
vn -0.2743 -0.2743 0.9217
vn -0.8157 -0.5450 0.1939
vn -0.8314 -0.5556 0.0000
vn -0.1671 -0.1116 0.9796
vn -0.8157 -0.5450 -0.1939
vn -0.3225 -0.2155 0.9217
vn -0.7689 -0.5137 -0.3805
vn -0.4654 -0.3110 0.8286
vn -0.6929 -0.4630 -0.5528
vn -0.5904 -0.3945 0.7040
vn -0.5904 -0.3945 -0.7040
vn -0.6929 -0.4630 0.5528
vn -0.5275 -0.3524 -0.7730
vn -0.7689 -0.5137 0.3805
vn -0.5171 -0.2142 0.8286
vn -0.6561 -0.2717 0.7040
vn -0.7699 -0.3189 -0.5528
vn -0.6561 -0.2717 -0.7040
vn -0.7699 -0.3189 0.5528
vn -0.5861 -0.2427 -0.7730
vn -0.8544 -0.3539 0.3805
vn -0.9063 -0.3754 0.1939
vn -0.9239 -0.3827 0.0000
vn -0.1857 -0.0769 0.9796
vn -0.3827 0.9239 0.0000
vn -0.1951 0.9808 0.0000
vn -0.9063 -0.3754 -0.1939
vn -0.3583 -0.1484 0.9217
vn -0.8544 -0.3539 -0.3805
vn -0.9622 -0.1914 0.1939
vn -0.9808 -0.1951 0.0000
vn -0.1971 -0.0392 0.9796
vn -0.9622 -0.1914 -0.1939
vn -0.3804 -0.0757 0.9217
vn -0.9070 -0.1804 -0.3805
vn -0.5490 -0.1092 0.8286
vn -0.8173 -0.1626 -0.5528
vn -0.6965 -0.1385 0.7040
vn -0.6965 -0.1385 -0.7040
vn -0.8173 -0.1626 0.5528
vn -0.6222 -0.1238 -0.7730
vn -0.9070 -0.1804 0.3805
vn -0.8333 0.0000 -0.5528
vn -0.7101 0.0000 -0.7040
vn -0.7101 0.0000 0.7040
vn -0.8333 0.0000 0.5528
vn -0.6344 0.0000 -0.7730
vn -0.9247 0.0000 0.3805
vn -0.9810 0.0000 0.1939
vn -1.0000 0.0000 0.0000
vn -0.2010 0.0000 0.9796
vn -0.9810 0.0000 -0.1939
vn -0.3879 0.0000 0.9217
vn -0.9247 0.0000 -0.3805
vn -0.5598 0.0000 0.8286
vn -0.7071 0.7071 0.0000
vn -0.5556 0.8314 0.0000
vn -0.9808 0.1951 0.0000
vn -0.9622 0.1914 -0.1939
vn -0.1971 0.0392 0.9796
vn -0.3804 0.0757 0.9217
vn -0.9070 0.1804 -0.3805
vn -0.5490 0.1092 0.8286
vn -0.8173 0.1626 -0.5528
vn -0.6965 0.1385 0.7040
vn -0.6965 0.1385 -0.7040
vn -0.8173 0.1626 0.5528
vn -0.6222 0.1238 -0.7730
vn -0.9070 0.1804 0.3805
vn -0.9239 0.3827 0.0000
vn -0.9622 0.1914 0.1939
vn -0.6561 0.2717 -0.7040
vn -0.5861 0.2427 -0.7730
vn -0.7699 0.3189 0.5528
vn -0.8544 0.3539 0.3805
vn -0.9063 0.3754 0.1939
vn -0.1856 0.0769 0.9796
vn -0.9063 0.3754 -0.1939
vn -0.3583 0.1484 0.9217
vn -0.8544 0.3539 -0.3805
vn -0.5171 0.2142 0.8286
vn -0.7699 0.3189 -0.5528
vn -0.6561 0.2717 0.7040
vn -0.1671 0.1116 0.9796
vn -0.3225 0.2155 0.9217
vn -0.8157 0.5450 -0.1939
vn -0.7689 0.5137 -0.3805
vn -0.4654 0.3110 0.8286
vn -0.6929 0.4630 -0.5528
vn -0.5904 0.3945 0.7040
vn -0.5904 0.3945 -0.7040
vn -0.6929 0.4630 0.5528
vn -0.5275 0.3524 -0.7730
vn -0.7689 0.5137 0.3805
vn -0.8157 0.5450 0.1939
vn -0.8314 0.5556 0.0000
vn -0.5893 0.5893 0.5528
vn -0.6539 0.6539 0.3805
vn -0.6937 0.6937 0.1939
vn -0.1421 0.1421 0.9796
vn -0.6937 0.6937 -0.1939
vn -0.2743 0.2743 0.9217
vn -0.6539 0.6539 -0.3805
vn -0.3958 0.3958 0.8286
vn -0.5893 0.5893 -0.5528
vn -0.5021 0.5021 0.7040
vn -0.5021 0.5021 -0.7040
vn -0.4486 0.4486 -0.7730
vn -0.5450 0.8157 -0.1939
vn -0.5137 0.7689 -0.3805
vn -0.2155 0.3225 0.9217
vn -0.3110 0.4654 0.8286
vn -0.4630 0.6929 -0.5528
vn -0.3945 0.5904 0.7040
vn -0.3945 0.5904 -0.7040
vn -0.4630 0.6929 0.5528
vn -0.3524 0.5275 -0.7730
vn -0.5137 0.7689 0.3805
vn -0.5450 0.8157 0.1939
vn -0.1116 0.1671 0.9796
vn -0.3539 0.8544 0.3805
vn -0.3754 0.9063 0.1939
vn -0.0769 0.1856 0.9796
vn -0.3754 0.9063 -0.1939
vn -0.1484 0.3583 0.9217
vn -0.3539 0.8544 -0.3805
vn -0.2142 0.5171 0.8286
vn -0.3189 0.7699 -0.5528
vn -0.2717 0.6561 0.7040
vn -0.2717 0.6561 -0.7040
vn -0.3189 0.7699 0.5528
vn -0.2427 0.5861 -0.7730
vn -0.0757 0.3804 0.9217
vn -0.1092 0.5490 0.8286
vn -0.1804 0.9070 -0.3805
vn -0.1626 0.8173 -0.5528
vn -0.1385 0.6965 0.7040
vn -0.1385 0.6965 -0.7040
vn -0.1626 0.8173 0.5528
vn -0.1238 0.6222 -0.7730
vn -0.1804 0.9070 0.3805
vn -0.1914 0.9622 0.1939
vn -0.0392 0.1971 0.9796
vn -0.1914 0.9622 -0.1939
vn -0.6561 0.2717 0.7041
vn 0.3945 -0.5904 0.7041
vn 0.5021 -0.5021 0.7041
vn 0.1857 -0.0769 0.9796
vn 0.1857 0.0769 0.9796
usemtl None
s 1
f 2483/3359/695 2482/3360/696 2492/3361/697 2493/3362/698
f 2484/3363/699 2483/3359/695 2493/3362/698 2494/3364/700
f 2477/3365/701 2734/3366/702 2487/3367/703
f 2485/3368/704 2484/3363/699 2494/3364/700 2495/3369/705
f 2478/3370/706 2477/3365/701 2487/3367/703 2488/3371/707
f 2891/3372/708 2485/3368/704 2495/3369/705 2496/3373/709
f 2479/3374/710 2478/3370/706 2488/3371/707 2489/3375/711
f 2892/3376/712 2891/3372/708 2496/3373/709 2497/3377/713
f 2480/3378/714 2479/3374/710 2489/3375/711 2490/3379/715
f 2893/3380/716 2892/3376/712 2497/3377/713 2498/3381/717
f 2481/3382/718 2480/3378/714 2490/3379/715 2491/3383/719
f 3375/3384/720 2893/3380/716 2498/3381/717 3376/3385/721
f 2482/3360/696 2481/3382/718 2491/3383/719 2492/3361/697
f 3376/3385/721 2498/3381/717 2511/3386/722 3377/3387/723
f 2492/3361/697 2491/3383/719 2504/3388/724 2505/3389/725
f 2493/3362/698 2492/3361/697 2505/3389/725 2506/3390/726
f 2494/3364/700 2493/3362/698 2506/3390/726 2507/3391/727
f 2487/3367/703 2734/3366/702 2500/3392/728
f 2495/3369/705 2494/3364/700 2507/3391/727 2508/3393/729
f 2488/3371/707 2487/3367/703 2500/3392/728 2501/3394/730
f 2496/3373/709 2495/3369/705 2508/3393/729 2509/3395/731
f 2489/3375/711 2488/3371/707 2501/3394/730 2502/3396/732
f 2497/3377/713 2496/3373/709 2509/3395/731 2510/3397/733
f 2490/3379/715 2489/3375/711 2502/3396/732 2503/3398/734
f 2498/3381/717 2497/3377/713 2510/3397/733 2511/3386/722
f 2491/3383/719 2490/3379/715 2503/3398/734 2504/3388/724
f 2501/3394/730 2500/3392/728 2513/3399/735 2514/3400/736
f 2509/3395/731 2508/3393/729 2521/3401/737 2522/3402/738
f 2502/3396/732 2501/3394/730 2514/3400/736 2515/3403/739
f 2510/3397/733 2509/3395/731 2522/3402/738 2523/3404/740
f 2503/3398/734 2502/3396/732 2515/3403/739 2516/3405/741
f 2511/3386/722 2510/3397/733 2523/3404/740 2524/3406/742
f 2504/3388/724 2503/3398/734 2516/3405/741 2517/3407/743
f 3377/3387/723 2511/3386/722 2524/3406/742 3378/3408/744
f 2505/3389/725 2504/3388/724 2517/3407/743 2518/3409/745
f 2506/3390/726 2505/3389/725 2518/3409/745 2519/3410/746
f 2507/3391/727 2506/3390/726 2519/3410/746 2520/3411/747
f 2500/3392/728 2734/3366/702 2513/3399/735
f 2508/3393/729 2507/3391/727 2520/3411/747 2521/3401/737
f 2518/3409/745 2517/3407/743 2530/3412/748 2531/3413/749
f 2519/3410/746 2518/3409/745 2531/3413/749 2532/3414/750
f 2520/3411/747 2519/3410/746 2532/3414/750 2533/3415/751
f 2513/3399/735 2734/3366/702 2526/3416/752
f 2521/3401/737 2520/3411/747 2533/3415/751 2534/3417/753
f 2514/3400/736 2513/3399/735 2526/3416/752 2527/3418/754
f 2522/3402/738 2521/3401/737 2534/3417/753 2535/3419/755
f 2515/3403/739 2514/3400/736 2527/3418/754 2528/3420/756
f 2523/3404/740 2522/3402/738 2535/3419/755 2536/3421/757
f 2516/3405/741 2515/3403/739 2528/3420/756 2529/3422/758
f 2524/3406/742 2523/3404/740 2536/3421/757 2537/3423/759
f 2517/3407/743 2516/3405/741 2529/3422/758 2530/3412/748
f 3378/3408/744 2524/3406/742 2537/3423/759 3379/3424/760
f 2535/3419/755 2534/3417/753 2547/3425/761 2548/3426/762
f 2528/3420/756 2527/3418/754 2540/3427/763 2541/3428/764
f 2536/3421/757 2535/3419/755 2548/3426/762 2549/3429/765
f 2529/3422/758 2528/3420/756 2541/3428/764 2542/3430/766
f 2537/3423/759 2536/3421/757 2549/3429/765 2550/3431/767
f 2530/3412/748 2529/3422/758 2542/3430/766 2543/3432/768
f 3379/3424/760 2537/3423/759 2550/3431/767 3380/3433/769
f 2531/3413/749 2530/3412/748 2543/3432/768 2544/3434/770
f 2532/3414/750 2531/3413/749 2544/3434/770 2545/3435/771
f 2533/3415/751 2532/3414/750 2545/3435/771 2546/3436/772
f 2526/3416/752 2734/3366/702 2539/3437/773
f 2534/3417/753 2533/3415/751 2546/3436/772 2547/3425/761
f 2527/3418/754 2526/3416/752 2539/3437/773 2540/3427/763
f 2545/3435/771 2544/3434/770 2557/3438/774 2558/3439/775
f 2546/3436/772 2545/3435/771 2558/3439/775 2559/3440/776
f 2539/3437/773 2734/3366/702 2552/3441/777
f 2547/3425/761 2546/3436/772 2559/3440/776 2560/3442/778
f 2540/3427/763 2539/3437/773 2552/3441/777 2553/3443/779
f 2548/3426/762 2547/3425/761 2560/3442/778 2561/3444/780
f 2541/3428/764 2540/3427/763 2553/3443/779 2554/3445/781
f 2549/3429/765 2548/3426/762 2561/3444/780 2562/3446/782
f 2542/3430/766 2541/3428/764 2554/3445/781 2555/3447/783
f 2550/3431/767 2549/3429/765 2562/3446/782 2563/3448/784
f 2543/3432/768 2542/3430/766 2555/3447/783 2556/3449/785
f 3380/3433/769 2550/3431/767 2563/3448/784 3381/3450/786
f 2544/3434/770 2543/3432/768 2556/3449/785 2557/3438/774
f 2562/3446/782 2561/3444/780 2574/3451/787 2575/3452/788
f 2555/3447/783 2554/3445/781 2567/3453/789 2568/3454/790
f 2563/3448/784 2562/3446/782 2575/3452/788 2576/3455/791
f 2556/3449/785 2555/3447/783 2568/3454/790 2569/3456/792
f 3381/3450/786 2563/3448/784 2576/3455/791 3382/3457/793
f 2557/3438/774 2556/3449/785 2569/3456/792 2570/3458/794
f 2558/3439/775 2557/3438/774 2570/3458/794 2571/3459/795
f 2559/3440/776 2558/3439/775 2571/3459/795 2572/3460/796
f 2552/3441/777 2734/3366/702 2565/3461/797
f 2560/3442/778 2559/3440/776 2572/3460/796 2573/3462/798
f 2553/3443/779 2552/3441/777 2565/3461/797 2566/3463/799
f 2561/3444/780 2560/3442/778 2573/3462/798 2574/3451/787
f 2554/3445/781 2553/3443/779 2566/3463/799 2567/3453/789
f 2572/3460/796 2571/3459/795 2584/3464/800 2585/3465/801
f 2565/3461/797 2734/3366/702 2578/3466/802
f 2573/3462/798 2572/3460/796 2585/3465/801 2586/3467/803
f 2566/3463/799 2565/3461/797 2578/3466/802 2579/3468/804
f 2574/3451/787 2573/3462/798 2586/3467/803 2587/3469/805
f 2567/3453/789 2566/3463/799 2579/3468/804 2580/3470/806
f 2575/3452/788 2574/3451/787 2587/3469/805 2588/3471/807
f 2568/3454/790 2567/3453/789 2580/3470/806 2581/3472/808
f 2576/3455/791 2575/3452/788 2588/3471/807 2589/3473/809
f 2569/3456/792 2568/3454/790 2581/3472/808 2582/3474/810
f 3382/3457/793 2576/3455/791 2589/3473/809 3383/3475/811
f 2570/3458/794 2569/3456/792 2582/3474/810 2583/3476/812
f 2571/3459/795 2570/3458/794 2583/3476/812 2584/3464/800
f 2581/3472/808 2580/3470/806 2593/3477/813 2594/3478/814
f 2589/3473/809 2588/3471/807 2601/3479/815 2602/3480/816
f 2582/3474/810 2581/3472/808 2594/3478/814 2595/3481/817
f 3383/3475/811 2589/3473/809 2602/3480/816 3384/3482/818
f 2583/3476/812 2582/3474/810 2595/3481/817 2596/3483/819
f 2584/3464/800 2583/3476/812 2596/3483/819 2597/3484/820
f 2585/3465/801 2584/3464/800 2597/3484/820 2598/3485/821
f 2578/3466/802 2734/3366/702 2591/3486/822
f 2586/3467/803 2585/3465/801 2598/3485/821 2599/3487/823
f 2579/3468/804 2578/3466/802 2591/3486/822 2592/3488/824
f 2587/3469/805 2586/3467/803 2599/3487/823 2600/3489/825
f 2580/3470/806 2579/3468/804 2592/3488/824 2593/3477/813
f 2588/3471/807 2587/3469/805 2600/3489/825 2601/3479/815
f 2598/3485/821 2597/3484/820 2610/3490/826 2611/3491/827
f 2591/3486/822 2734/3366/702 2604/3492/828
f 2599/3487/823 2598/3485/821 2611/3491/827 2612/3493/829
f 2592/3488/824 2591/3486/822 2604/3492/828 2605/3494/830
f 2600/3489/825 2599/3487/823 2612/3493/829 2613/3495/831
f 2593/3477/813 2592/3488/824 2605/3494/830 2606/3496/832
f 2601/3479/815 2600/3489/825 2613/3495/831 2614/3497/833
f 2594/3478/814 2593/3477/813 2606/3496/832 2607/3498/834
f 2602/3480/816 2601/3479/815 2614/3497/833 2615/3499/835
f 2595/3481/817 2594/3478/814 2607/3498/834 2608/3500/836
f 3384/3482/818 2602/3480/816 2615/3499/835 3385/3501/837
f 2596/3483/819 2595/3481/817 2608/3500/836 2609/3502/838
f 2597/3484/820 2596/3483/819 2609/3502/838 2610/3490/826
f 2615/3499/835 2614/3497/833 2627/3503/839 2628/3504/840
f 2608/3500/836 2607/3498/834 2620/3505/841 2621/3506/842
f 3385/3501/837 2615/3499/835 2628/3504/840 3386/3507/843
f 2609/3502/838 2608/3500/836 2621/3506/842 2622/3508/844
f 2610/3490/826 2609/3502/838 2622/3508/844 2623/3509/845
f 2611/3491/827 2610/3490/826 2623/3509/845 2624/3510/846
f 2604/3492/828 2734/3366/702 2617/3511/847
f 2612/3493/829 2611/3491/827 2624/3510/846 2625/3512/848
f 2605/3494/830 2604/3492/828 2617/3511/847 2618/3513/849
f 2613/3495/831 2612/3493/829 2625/3512/848 2626/3514/850
f 2606/3496/832 2605/3494/830 2618/3513/849 2619/3515/851
f 2614/3497/833 2613/3495/831 2626/3514/850 2627/3503/839
f 2607/3498/834 2606/3496/832 2619/3515/851 2620/3505/841
f 2617/3511/847 2734/3366/702 2630/3516/852
f 2625/3512/848 2624/3510/846 2637/3517/853 2638/3518/854
f 2618/3513/849 2617/3511/847 2630/3516/852 2631/3519/855
f 2626/3514/850 2625/3512/848 2638/3518/854 2639/3520/856
f 2619/3515/851 2618/3513/849 2631/3519/855 2632/3521/857
f 2627/3503/839 2626/3514/850 2639/3520/856 2640/3522/858
f 2620/3505/841 2619/3515/851 2632/3521/857 2633/3523/859
f 2628/3504/840 2627/3503/839 2640/3522/858 2641/3524/860
f 2621/3506/842 2620/3505/841 2633/3523/859 2634/3525/861
f 3386/3507/843 2628/3504/840 2641/3524/860 3387/3526/862
f 2622/3508/844 2621/3506/842 2634/3525/861 2635/3527/863
f 2623/3509/845 2622/3508/844 2635/3527/863 2636/3528/864
f 2624/3510/846 2623/3509/845 2636/3528/864 2637/3517/853
f 2634/3525/861 2633/3523/859 2646/3529/865 2647/3530/866
f 3387/3526/862 2641/3524/860 2654/3531/867 3388/3532/868
f 2635/3527/863 2634/3525/861 2647/3530/866 2648/3533/869
f 2636/3528/864 2635/3527/863 2648/3533/869 2649/3534/870
f 2637/3517/853 2636/3528/864 2649/3534/870 2650/3535/871
f 2630/3516/852 2734/3366/702 2643/3536/872
f 2638/3518/854 2637/3517/853 2650/3535/871 2651/3537/873
f 2631/3519/855 2630/3516/852 2643/3536/872 2644/3538/874
f 2639/3520/856 2638/3518/854 2651/3537/873 2652/3539/875
f 2632/3521/857 2631/3519/855 2644/3538/874 2645/3540/876
f 2640/3522/858 2639/3520/856 2652/3539/875 2653/3541/877
f 2633/3523/859 2632/3521/857 2645/3540/876 2646/3529/865
f 2641/3524/860 2640/3522/858 2653/3541/877 2654/3531/867
f 2651/3537/873 2650/3535/871 2663/3542/878 2664/3543/879
f 2644/3538/874 2643/3536/872 2656/3544/880 2657/3545/881
f 2652/3539/875 2651/3537/873 2664/3543/879 2665/3546/882
f 2645/3540/876 2644/3538/874 2657/3545/881 2658/3547/883
f 2653/3541/877 2652/3539/875 2665/3546/882 2666/3548/884
f 2646/3529/865 2645/3540/876 2658/3547/883 2659/3549/885
f 2654/3531/867 2653/3541/877 2666/3548/884 2667/3550/886
f 2647/3530/866 2646/3529/865 2659/3549/885 2660/3551/887
f 3388/3532/868 2654/3531/867 2667/3550/886 3389/3552/888
f 2648/3533/869 2647/3530/866 2660/3551/887 2661/3553/889
f 2649/3534/870 2648/3533/869 2661/3553/889 2662/3554/890
f 2650/3535/871 2649/3534/870 2662/3554/890 2663/3542/878
f 2643/3536/872 2734/3366/702 2656/3544/880
f 3389/3552/888 2667/3550/886 2680/3555/891 3390/3556/892
f 2661/3553/889 2660/3551/887 2673/3557/893 2674/3558/894
f 2662/3554/890 2661/3553/889 2674/3558/894 2675/3559/895
f 2663/3542/878 2662/3554/890 2675/3559/895 2676/3560/896
f 2656/3544/880 2734/3366/702 2669/3561/897
f 2664/3543/879 2663/3542/878 2676/3560/896 2677/3562/898
f 2657/3545/881 2656/3544/880 2669/3561/897 2670/3563/899
f 2665/3546/882 2664/3543/879 2677/3562/898 2678/3564/900
f 2658/3547/883 2657/3545/881 2670/3563/899 2671/3565/901
f 2666/3548/884 2665/3546/882 2678/3564/900 2679/3566/902
f 2659/3549/885 2658/3547/883 2671/3565/901 2672/3567/903
f 2667/3550/886 2666/3548/884 2679/3566/902 2680/3555/891
f 2660/3551/887 2659/3549/885 2672/3567/903 2673/3557/893
f 2678/3564/900 2677/3562/898 2690/3568/904 2691/3569/905
f 2671/3565/901 2670/3563/899 2683/3570/906 2684/3571/907
f 2679/3566/902 2678/3564/900 2691/3569/905 2692/3572/908
f 2672/3567/903 2671/3565/901 2684/3571/907 2685/3573/909
f 2680/3555/891 2679/3566/902 2692/3572/908 2693/3574/910
f 2673/3557/893 2672/3567/903 2685/3573/909 2686/3575/911
f 3390/3556/892 2680/3555/891 2693/3574/910 3391/3576/912
f 2674/3558/894 2673/3557/893 2686/3575/911 2687/3577/913
f 2675/3559/895 2674/3558/894 2687/3577/913 2688/3578/914
f 2676/3560/896 2675/3559/895 2688/3578/914 2689/3579/915
f 2669/3561/897 2734/3366/702 2682/3580/916
f 2677/3562/898 2676/3560/896 2689/3579/915 2690/3568/904
f 2670/3563/899 2669/3561/897 2682/3580/916 2683/3570/906
f 2688/3578/914 2687/3577/913 2700/3581/917 2701/3582/918
f 2689/3579/915 2688/3578/914 2701/3582/918 2702/3583/919
f 2682/3580/916 2734/3366/702 2695/3584/920
f 2690/3568/904 2689/3579/915 2702/3583/919 2703/3585/921
f 2683/3570/906 2682/3580/916 2695/3584/920 2696/3586/922
f 2691/3569/905 2690/3568/904 2703/3585/921 2704/3587/923
f 2684/3571/907 2683/3570/906 2696/3586/922 2697/3588/924
f 2692/3572/908 2691/3569/905 2704/3587/923 2705/3589/925
f 2685/3573/909 2684/3571/907 2697/3588/924 2698/3590/926
f 2693/3574/910 2692/3572/908 2705/3589/925 2706/3591/927
f 2686/3575/911 2685/3573/909 2698/3590/926 2699/3592/928
f 3391/3576/912 2693/3574/910 2706/3591/927 3392/3593/929
f 2687/3577/913 2686/3575/911 2699/3592/928 2700/3581/917
f 2697/3588/924 2696/3586/922 2709/3594/930 2710/3595/931
f 2705/3589/925 2704/3587/923 2717/3596/932 2718/3597/933
f 2698/3590/926 2697/3588/924 2710/3595/931 2711/3598/934
f 2706/3591/927 2705/3589/925 2718/3597/933 2719/3599/935
f 2699/3592/928 2698/3590/926 2711/3598/934 2712/3600/936
f 3392/3593/929 2706/3591/927 2719/3599/935 3393/3601/937
f 2700/3581/917 2699/3592/928 2712/3600/936 2713/3602/938
f 2701/3582/918 2700/3581/917 2713/3602/938 2714/3603/939
f 2702/3583/919 2701/3582/918 2714/3603/939 2715/3604/940
f 2695/3584/920 2734/3366/702 2708/3605/941
f 2703/3585/921 2702/3583/919 2715/3604/940 2716/3606/942
f 2696/3586/922 2695/3584/920 2708/3605/941 2709/3594/930
f 2704/3587/923 2703/3585/921 2716/3606/942 2717/3596/932
f 2714/3603/939 2713/3602/938 2726/3607/943 2727/3608/944
f 2715/3604/940 2714/3603/939 2727/3608/944 2728/3609/945
f 2708/3605/941 2734/3366/702 2721/3610/946
f 2716/3606/942 2715/3604/940 2728/3609/945 2729/3611/947
f 2709/3594/930 2708/3605/941 2721/3610/946 2722/3612/948
f 2717/3596/932 2716/3606/942 2729/3611/947 2730/3613/949
f 2710/3595/931 2709/3594/930 2722/3612/948 2723/3614/950
f 2718/3597/933 2717/3596/932 2730/3613/949 2731/3615/951
f 2711/3598/934 2710/3595/931 2723/3614/950 2724/3616/952
f 2719/3599/935 2718/3597/933 2731/3615/951 2732/3617/953
f 2712/3600/936 2711/3598/934 2724/3616/952 2725/3618/954
f 3393/3601/937 2719/3599/935 2732/3617/953 3394/3619/955
f 2713/3602/938 2712/3600/936 2725/3618/954 2726/3607/943
f 2731/3615/951 2730/3613/949 2744/3620/956 2745/3621/957
f 2724/3616/952 2723/3614/950 2737/3622/958 2738/3623/959
f 2732/3617/953 2731/3615/951 2745/3621/957 2746/3624/960
f 2725/3618/954 2724/3616/952 2738/3623/959 2739/3625/961
f 3394/3619/955 2732/3617/953 2746/3624/960 3395/3626/962
f 2726/3607/943 2725/3618/954 2739/3625/961 2740/3627/963
f 2727/3608/944 2726/3607/943 2740/3627/963 2741/3628/964
f 2728/3609/945 2727/3608/944 2741/3628/964 2742/3629/965
f 2721/3610/946 2734/3366/702 2735/3630/966
f 2729/3611/947 2728/3609/945 2742/3629/965 2743/3631/967
f 2722/3612/948 2721/3610/946 2735/3630/966 2736/3632/968
f 2730/3613/949 2729/3611/947 2743/3631/967 2744/3620/956
f 2723/3614/950 2722/3612/948 2736/3632/968 2737/3622/958
f 2742/3629/965 2741/3628/964 2754/3633/969 2755/3634/970
f 2735/3630/966 2734/3366/702 2748/3635/971
f 2743/3631/967 2742/3629/965 2755/3634/970 2756/3636/972
f 2736/3632/968 2735/3630/966 2748/3635/971 2749/3637/973
f 2744/3620/956 2743/3631/967 2756/3636/972 2757/3638/974
f 2737/3622/958 2736/3632/968 2749/3637/973 2750/3639/975
f 2745/3621/957 2744/3620/956 2757/3638/974 2758/3640/976
f 2738/3623/959 2737/3622/958 2750/3639/975 2751/3641/977
f 2746/3624/960 2745/3621/957 2758/3640/976 2759/3642/978
f 2739/3625/961 2738/3623/959 2751/3641/977 2752/3643/979
f 3395/3626/962 2746/3624/960 2759/3642/978 3396/3644/980
f 2740/3627/963 2739/3625/961 2752/3643/979 2753/3645/981
f 2741/3628/964 2740/3627/963 2753/3645/981 2754/3633/969
f 2751/3641/977 2750/3639/975 2763/3646/982 2764/3647/983
f 2759/3642/978 2758/3640/976 2771/3648/984 2772/3649/985
f 2752/3643/979 2751/3641/977 2764/3647/983 2765/3650/986
f 3396/3644/980 2759/3642/978 2772/3649/985 3397/3651/987
f 2753/3645/981 2752/3643/979 2765/3650/986 2766/3652/988
f 2754/3633/969 2753/3645/981 2766/3652/988 2767/3653/989
f 2629/3654/846 2642/3655/853 2906/3656/853 2905/3657/846
f 2755/3634/970 2754/3633/969 2767/3653/989 2768/3658/990
f 2748/3635/971 2734/3366/702 2761/3659/991
f 2877/3660/992 2890/3661/993 2925/3662/993 2924/3663/992
f 2756/3636/972 2755/3634/970 2768/3658/990 2769/3664/994
f 2749/3637/973 2748/3635/971 2761/3659/991 2762/3665/995
f 2757/3638/974 2756/3636/972 2769/3664/994 2770/3666/996
f 2750/3639/975 2749/3637/973 2762/3665/995 2763/3646/982
f 2758/3640/976 2757/3638/974 2770/3666/996 2771/3648/984
f 2768/3658/990 2767/3653/989 2780/3667/997 2781/3668/998
f 2761/3659/991 2734/3366/702 2774/3669/999
f 2564/3670/776 2577/3671/796 2901/3672/796 2900/3673/776
f 2769/3664/994 2768/3658/990 2781/3668/998 2782/3674/1000
f 2762/3665/995 2761/3659/991 2774/3669/999 2775/3675/1001
f 2770/3666/996 2769/3664/994 2782/3674/1000 2783/3676/1002
f 2763/3646/982 2762/3665/995 2775/3675/1001 2776/3677/1003
f 2771/3648/984 2770/3666/996 2783/3676/1002 2784/3678/1004
f 2764/3647/983 2763/3646/982 2776/3677/1003 2777/3679/1005
f 2772/3649/985 2771/3648/984 2784/3678/1004 2785/3680/1006
f 2765/3650/986 2764/3647/983 2777/3679/1005 2778/3681/1007
f 3397/3651/987 2772/3649/985 2785/3680/1006 3398/3682/1008
f 2766/3652/988 2765/3650/986 2778/3681/1007 2779/3683/1009
f 2747/3684/965 2760/3685/970 2915/3686/970 2914/3687/965
f 2767/3653/989 2766/3652/988 2779/3683/1009 2780/3667/997
f 2707/3688/919 2720/3689/940 2912/3690/940 2911/3691/919
f 2785/3680/1006 2784/3678/1004 2797/3692/1010 2798/3693/1011
f 2778/3681/1007 2777/3679/1005 2790/3694/1012 2791/3695/1013
f 3398/3682/1008 2785/3680/1006 2798/3693/1011 3399/3696/1014
f 2779/3683/1009 2778/3681/1007 2791/3695/1013 2792/3697/1015
f 2668/3698/878 2681/3699/896 2909/3700/896 2908/3701/878
f 2780/3667/997 2779/3683/1009 2792/3697/1015 2793/3702/1016
f 2486/3703/699 2499/3704/700 2894/3705/700 2895/3706/699
f 2781/3668/998 2780/3667/997 2793/3702/1016 2794/3707/1017
f 2774/3669/999 2734/3366/702 2787/3708/1018
f 2603/3709/821 2616/3710/827 2904/3711/827 2903/3712/821
f 2782/3674/1000 2781/3668/998 2794/3707/1017 2795/3713/1019
f 2775/3675/1001 2774/3669/999 2787/3708/1018 2788/3714/1020
f 2783/3676/1002 2782/3674/1000 2795/3713/1019 2796/3715/1021
f 2776/3677/1003 2775/3675/1001 2788/3714/1020 2789/3716/1022
f 2784/3678/1004 2783/3676/1002 2796/3715/1021 2797/3692/1010
f 2777/3679/1005 2776/3677/1003 2789/3716/1022 2790/3694/1012
f 2851/3717/1023 2864/3718/1024 2923/3719/1024 2922/3720/1023
f 2795/3713/1019 2794/3707/1017 2807/3721/1025 2808/3722/1026
f 2788/3714/1020 2787/3708/1018 2800/3723/1027 2801/3724/1028
f 2796/3715/1021 2795/3713/1019 2808/3722/1026 2809/3725/1029
f 2789/3716/1022 2788/3714/1020 2801/3724/1028 2802/3726/1030
f 2797/3692/1010 2796/3715/1021 2809/3725/1029 2810/3727/1031
f 2790/3694/1012 2789/3716/1022 2802/3726/1030 2803/3728/1032
f 2798/3693/1011 2797/3692/1010 2810/3727/1031 2811/3729/1033
f 2791/3695/1013 2790/3694/1012 2803/3728/1032 2804/3730/1034
f 3399/3696/1014 2798/3693/1011 2811/3729/1033 3400/3731/1035
f 2792/3697/1015 2791/3695/1013 2804/3730/1034 2805/3732/1036
f 2812/3733/1025 2825/3734/1037 2920/3735/1037 2919/3736/1025
f 2793/3702/1016 2792/3697/1015 2805/3732/1036 2806/3737/1038
f 2538/3738/751 2551/3739/772 2899/3740/772 2898/3741/751
f 2794/3707/1017 2793/3702/1016 2806/3737/1038 2807/3721/1025
f 2787/3708/1018 2734/3366/702 2800/3723/1027
f 3400/3731/1035 2811/3729/1033 2824/3742/1039 3401/3743/1040
f 2805/3732/1036 2804/3730/1034 2817/3744/1041 2818/3745/1042
f 2786/3746/998 2799/3747/1017 2918/3748/1017 2917/3749/998
f 2806/3737/1038 2805/3732/1036 2818/3745/1042 2819/3750/1043
f 2642/3655/853 2655/3751/871 2907/3752/871 2906/3656/853
f 2807/3721/1025 2806/3737/1038 2819/3750/1043 2820/3753/1037
f 2800/3723/1027 2734/3366/702 2813/3754/1044
f 2499/3704/700 2512/3755/727 2896/3756/727 2894/3705/700
f 2808/3722/1026 2807/3721/1025 2820/3753/1037 2821/3757/1045
f 2801/3724/1028 2800/3723/1027 2813/3754/1044 2814/3758/1046
f 2809/3725/1029 2808/3722/1026 2821/3757/1045 2822/3759/1047
f 2802/3726/1030 2801/3724/1028 2814/3758/1046 2815/3760/1048
f 2810/3727/1031 2809/3725/1029 2822/3759/1047 2823/3761/1049
f 2803/3728/1032 2802/3726/1030 2815/3760/1048 2816/3762/1050
f 2811/3729/1033 2810/3727/1031 2823/3761/1049 2824/3742/1039
f 2804/3730/1034 2803/3728/1032 2816/3762/1050 2817/3744/1041
f 2814/3758/1046 2813/3754/1044 2826/3763/1051 2827/3764/1052
f 2822/3759/1047 2821/3757/1045 2834/3765/1053 2835/3766/1054
f 2815/3760/1048 2814/3758/1046 2827/3764/1052 2828/3767/1055
f 2823/3761/1049 2822/3759/1047 2835/3766/1054 2836/3768/1056
f 2816/3762/1050 2815/3760/1048 2828/3767/1055 2829/3769/1057
f 2824/3742/1039 2823/3761/1049 2836/3768/1056 2837/3770/1058
f 2817/3744/1041 2816/3762/1050 2829/3769/1057 2830/3771/1059
f 3401/3743/1040 2824/3742/1039 2837/3770/1058 3402/3772/1060
f 2818/3745/1042 2817/3744/1041 2830/3771/1059 2831/3773/1061
f 2681/3699/896 2694/3774/915 2910/3775/915 2909/3700/896
f 2819/3750/1043 2818/3745/1042 2831/3773/1061 2832/3776/1062
f 2577/3671/796 2590/3777/801 2902/3778/801 2901/3672/796
f 2820/3753/1037 2819/3750/1043 2832/3776/1062 2833/3779/1063
f 2813/3754/1044 2734/3366/702 2826/3763/1051
f 2825/3734/1037 2838/3780/1063 2921/3781/1063 2920/3735/1037
f 2821/3757/1045 2820/3753/1037 2833/3779/1063 2834/3765/1053
f 2831/3773/1061 2830/3771/1059 2843/3782/1064 2844/3783/1065
f 2720/3689/940 2733/3784/945 2913/3785/945 2912/3690/940
f 2832/3776/1062 2831/3773/1061 2844/3783/1065 2845/3786/1066
f 2512/3755/727 2525/3787/747 2897/3788/747 2896/3756/727
f 2833/3779/1063 2832/3776/1062 2845/3786/1066 2846/3789/1023
f 2826/3763/1051 2734/3366/702 2839/3790/1067
f 2864/3718/1024 2877/3660/992 2924/3663/992 2923/3719/1024
f 2834/3765/1053 2833/3779/1063 2846/3789/1023 2847/3791/1068
f 2827/3764/1052 2826/3763/1051 2839/3790/1067 2840/3792/1069
f 2835/3766/1054 2834/3765/1053 2847/3791/1068 2848/3793/1070
f 2828/3767/1055 2827/3764/1052 2840/3792/1069 2841/3794/1071
f 2836/3768/1056 2835/3766/1054 2848/3793/1070 2849/3795/1072
f 2829/3769/1057 2828/3767/1055 2841/3794/1071 2842/3796/1073
f 2837/3770/1058 2836/3768/1056 2849/3795/1072 2850/3797/1074
f 2830/3771/1059 2829/3769/1057 2842/3796/1073 2843/3782/1064
f 3402/3772/1060 2837/3770/1058 2850/3797/1074 3403/3798/1075
f 2848/3793/1070 2847/3791/1068 2860/3799/1076 2861/3800/1077
f 2841/3794/1071 2840/3792/1069 2853/3801/1078 2854/3802/1079
f 2849/3795/1072 2848/3793/1070 2861/3800/1077 2862/3803/1080
f 2842/3796/1073 2841/3794/1071 2854/3802/1079 2855/3804/1081
f 2850/3797/1074 2849/3795/1072 2862/3803/1080 2863/3805/1082
f 2843/3782/1064 2842/3796/1073 2855/3804/1081 2856/3806/1083
f 3403/3798/1075 2850/3797/1074 2863/3805/1082 3404/3807/1084
f 2844/3783/1065 2843/3782/1064 2856/3806/1083 2857/3808/1085
f 2760/3685/970 2773/3809/990 2916/3810/990 2915/3686/970
f 2845/3786/1066 2844/3783/1065 2857/3808/1085 2858/3811/1086
f 2655/3751/871 2668/3698/878 2908/3701/878 2907/3752/871
f 2846/3789/1023 2845/3786/1066 2858/3811/1086 2859/3812/1024
f 2839/3790/1067 2734/3366/702 2852/3813/1087
f 2616/3710/827 2629/3654/846 2905/3657/846 2904/3711/827
f 2847/3791/1068 2846/3789/1023 2859/3812/1024 2860/3799/1076
f 2840/3792/1069 2839/3790/1067 2852/3813/1087 2853/3801/1078
f 2799/3747/1017 2812/3733/1025 2919/3736/1025 2918/3748/1017
f 2858/3811/1086 2857/3808/1085 2870/3814/1088 2871/3815/1089
f 2551/3739/772 2564/3670/776 2900/3673/776 2899/3740/772
f 2859/3812/1024 2858/3811/1086 2871/3815/1089 2872/3816/992
f 2852/3813/1087 2734/3366/702 2865/3817/1090
f 2838/3780/1063 2851/3717/1023 2922/3720/1023 2921/3781/1063
f 2860/3799/1076 2859/3812/1024 2872/3816/992 2873/3818/1091
f 2853/3801/1078 2852/3813/1087 2865/3817/1090 2866/3819/1092
f 2861/3800/1077 2860/3799/1076 2873/3818/1091 2874/3820/1093
f 2854/3802/1079 2853/3801/1078 2866/3819/1092 2867/3821/1094
f 2862/3803/1080 2861/3800/1077 2874/3820/1093 2875/3822/1095
f 2855/3804/1081 2854/3802/1079 2867/3821/1094 2868/3823/1096
f 2863/3805/1082 2862/3803/1080 2875/3822/1095 2876/3824/1097
f 2856/3806/1083 2855/3804/1081 2868/3823/1096 2869/3825/1098
f 3404/3807/1084 2863/3805/1082 2876/3824/1097 3405/3826/1099
f 2857/3808/1085 2856/3806/1083 2869/3825/1098 2870/3814/1088
f 2867/3821/1094 2866/3819/1092 2879/3827/1100 2880/3828/1101
f 2875/3822/1095 2874/3820/1093 2887/3829/1102 2888/3830/1103
f 2868/3823/1096 2867/3821/1094 2880/3828/1101 2881/3831/1104
f 2876/3824/1097 2875/3822/1095 2888/3830/1103 2889/3832/1105
f 2869/3825/1098 2868/3823/1096 2881/3831/1104 2882/3833/1106
f 3405/3826/1099 2876/3824/1097 2889/3832/1105 3406/3834/1107
f 2870/3814/1088 2869/3825/1098 2882/3833/1106 2883/3835/1108
f 2694/3774/915 2707/3688/919 2911/3691/919 2910/3775/915
f 2871/3815/1089 2870/3814/1088 2883/3835/1108 2884/3836/1109
f 2525/3787/747 2538/3738/751 2898/3741/751 2897/3788/747
f 2872/3816/992 2871/3815/1089 2884/3836/1109 2885/3837/993
f 2865/3817/1090 2734/3366/702 2878/3838/1110
f 2733/3784/945 2747/3684/965 2914/3687/965 2913/3785/945
f 2873/3818/1091 2872/3816/992 2885/3837/993 2886/3839/1111
f 2866/3819/1092 2865/3817/1090 2878/3838/1110 2879/3827/1100
f 2874/3820/1093 2873/3818/1091 2886/3839/1111 2887/3829/1102
f 2884/3836/1109 2883/3835/1108 2482/3360/696 2483/3359/695
f 2590/3777/801 2603/3709/821 2903/3712/821 2902/3778/801
f 2885/3837/993 2884/3836/1109 2483/3359/695 2484/3363/699
f 2878/3838/1110 2734/3366/702 2477/3365/701
f 2890/3661/993 2486/3703/699 2895/3706/699 2925/3662/993
f 2886/3839/1111 2885/3837/993 2484/3363/699 2485/3368/704
f 2879/3827/1100 2878/3838/1110 2477/3365/701 2478/3370/706
f 2887/3829/1102 2886/3839/1111 2485/3368/704 2891/3372/708
f 2880/3828/1101 2879/3827/1100 2478/3370/706 2479/3374/710
f 2888/3830/1103 2887/3829/1102 2891/3372/708 2892/3376/712
f 2881/3831/1104 2880/3828/1101 2479/3374/710 2480/3378/714
f 2889/3832/1105 2888/3830/1103 2892/3376/712 2893/3380/716
f 2882/3833/1106 2881/3831/1104 2480/3378/714 2481/3382/718
f 3406/3834/1107 2889/3832/1105 2893/3380/716 3375/3384/720
f 2883/3835/1108 2882/3833/1106 2481/3382/718 2482/3360/696
f 2773/3809/990 2786/3746/998 2917/3749/998 2916/3810/990
f 2932/3840/695 2942/3841/1109 2941/3842/1108 2931/3843/696
f 2933/3844/699 2943/3845/993 2942/3841/1109 2932/3840/695
f 2926/3846/701 2936/3847/1110 3183/3848/702
f 2934/3849/704 2944/3850/1111 2943/3845/993 2933/3844/699
f 2927/3851/706 2937/3852/1100 2936/3847/1110 2926/3846/701
f 3340/3853/708 2945/3854/1102 2944/3850/1111 2934/3849/704
f 2928/3855/710 2938/3856/1101 2937/3852/1100 2927/3851/706
f 3341/3857/712 2946/3858/1103 2945/3854/1102 3340/3853/708
f 2929/3859/714 2939/3860/1104 2938/3856/1101 2928/3855/710
f 3342/3861/716 2947/3862/1105 2946/3858/1103 3341/3857/712
f 2930/3863/718 2940/3864/1106 2939/3860/1104 2929/3859/714
f 3407/3865/720 3408/3866/1107 2947/3862/1105 3342/3861/716
f 2931/3843/696 2941/3842/1108 2940/3864/1106 2930/3863/718
f 3408/3866/1107 3409/3867/1099 2960/3868/1097 2947/3862/1105
f 2941/3842/1108 2954/3869/1088 2953/3870/1098 2940/3864/1106
f 2942/3841/1109 2955/3871/1089 2954/3869/1088 2941/3842/1108
f 2943/3845/993 2956/3872/992 2955/3871/1089 2942/3841/1109
f 2936/3847/1110 2949/3873/1090 3183/3848/702
f 2944/3850/1111 2957/3874/1091 2956/3872/992 2943/3845/993
f 2937/3852/1100 2950/3875/1092 2949/3873/1090 2936/3847/1110
f 2945/3854/1102 2958/3876/1093 2957/3874/1091 2944/3850/1111
f 2938/3856/1101 2951/3877/1094 2950/3875/1092 2937/3852/1100
f 2946/3858/1103 2959/3878/1095 2958/3876/1093 2945/3854/1102
f 2939/3860/1104 2952/3879/1096 2951/3877/1094 2938/3856/1101
f 2947/3862/1105 2960/3868/1097 2959/3878/1095 2946/3858/1103
f 2940/3864/1106 2953/3870/1098 2952/3879/1096 2939/3860/1104
f 2950/3875/1092 2963/3880/1078 2962/3881/1087 2949/3873/1090
f 2958/3876/1093 2971/3882/1077 2970/3883/1076 2957/3874/1091
f 2951/3877/1094 2964/3884/1079 2963/3880/1078 2950/3875/1092
f 2959/3878/1095 2972/3885/1080 2971/3882/1077 2958/3876/1093
f 2952/3879/1096 2965/3886/1081 2964/3884/1079 2951/3877/1094
f 2960/3868/1097 2973/3887/1082 2972/3885/1080 2959/3878/1095
f 2953/3870/1098 2966/3888/1083 2965/3886/1081 2952/3879/1096
f 3409/3867/1099 3410/3889/1084 2973/3887/1082 2960/3868/1097
f 2954/3869/1088 2967/3890/1085 2966/3888/1083 2953/3870/1098
f 2955/3871/1089 2968/3891/1086 2967/3890/1085 2954/3869/1088
f 2956/3872/992 2969/3892/1024 2968/3891/1086 2955/3871/1089
f 2949/3873/1090 2962/3881/1087 3183/3848/702
f 2957/3874/1091 2970/3883/1076 2969/3892/1024 2956/3872/992
f 2967/3890/1085 2980/3893/1065 2979/3894/1064 2966/3888/1083
f 2968/3891/1086 2981/3895/1066 2980/3893/1065 2967/3890/1085
f 2969/3892/1024 2982/3896/1023 2981/3895/1066 2968/3891/1086
f 2962/3881/1087 2975/3897/1067 3183/3848/702
f 2970/3883/1076 2983/3898/1068 2982/3896/1023 2969/3892/1024
f 2963/3880/1078 2976/3899/1069 2975/3897/1067 2962/3881/1087
f 2971/3882/1077 2984/3900/1070 2983/3898/1068 2970/3883/1076
f 2964/3884/1079 2977/3901/1071 2976/3899/1069 2963/3880/1078
f 2972/3885/1080 2985/3902/1072 2984/3900/1070 2971/3882/1077
f 2965/3886/1081 2978/3903/1073 2977/3901/1071 2964/3884/1079
f 2973/3887/1082 2986/3904/1074 2985/3902/1072 2972/3885/1080
f 2966/3888/1083 2979/3894/1064 2978/3903/1073 2965/3886/1081
f 3410/3889/1084 3411/3905/1075 2986/3904/1074 2973/3887/1082
f 2984/3900/1070 2997/3906/1054 2996/3907/1053 2983/3898/1068
f 2977/3901/1071 2990/3908/1055 2989/3909/1052 2976/3899/1069
f 2985/3902/1072 2998/3910/1056 2997/3906/1054 2984/3900/1070
f 2978/3903/1073 2991/3911/1057 2990/3908/1055 2977/3901/1071
f 2986/3904/1074 2999/3912/1058 2998/3910/1056 2985/3902/1072
f 2979/3894/1064 2992/3913/1059 2991/3911/1057 2978/3903/1073
f 3411/3905/1075 3412/3914/1060 2999/3912/1058 2986/3904/1074
f 2980/3893/1065 2993/3915/1061 2992/3913/1059 2979/3894/1064
f 2981/3895/1066 2994/3916/1062 2993/3915/1061 2980/3893/1065
f 2982/3896/1023 2995/3917/1063 2994/3916/1062 2981/3895/1066
f 2975/3897/1067 2988/3918/1051 3183/3848/702
f 2983/3898/1068 2996/3907/1053 2995/3917/1063 2982/3896/1023
f 2976/3899/1069 2989/3909/1052 2988/3918/1051 2975/3897/1067
f 2994/3916/1062 3007/3919/1043 3006/3920/1042 2993/3915/1061
f 2995/3917/1063 3008/3921/1037 3007/3919/1043 2994/3916/1062
f 2988/3918/1051 3001/3922/1044 3183/3848/702
f 2996/3907/1053 3009/3923/1045 3008/3921/1037 2995/3917/1063
f 2989/3909/1052 3002/3924/1046 3001/3922/1044 2988/3918/1051
f 2997/3906/1054 3010/3925/1047 3009/3923/1045 2996/3907/1053
f 2990/3908/1055 3003/3926/1048 3002/3924/1046 2989/3909/1052
f 2998/3910/1056 3011/3927/1049 3010/3925/1047 2997/3906/1054
f 2991/3911/1057 3004/3928/1112 3003/3926/1048 2990/3908/1055
f 2999/3912/1058 3012/3929/1039 3011/3927/1049 2998/3910/1056
f 2992/3913/1059 3005/3930/1041 3004/3928/1112 2991/3911/1057
f 3412/3914/1060 3413/3931/1040 3012/3929/1039 2999/3912/1058
f 2993/3915/1061 3006/3920/1042 3005/3930/1041 2992/3913/1059
f 3011/3927/1049 3024/3932/1031 3023/3933/1029 3010/3925/1047
f 3004/3928/1112 3017/3934/1032 3016/3935/1030 3003/3926/1048
f 3012/3929/1039 3025/3936/1033 3024/3932/1031 3011/3927/1049
f 3005/3930/1041 3018/3937/1034 3017/3934/1032 3004/3928/1112
f 3413/3931/1040 3414/3938/1035 3025/3936/1033 3012/3929/1039
f 3006/3920/1042 3019/3939/1036 3018/3937/1034 3005/3930/1041
f 3007/3919/1043 3020/3940/1038 3019/3939/1036 3006/3920/1042
f 3008/3921/1037 3021/3941/1025 3020/3940/1038 3007/3919/1043
f 3001/3922/1044 3014/3942/1027 3183/3848/702
f 3009/3923/1045 3022/3943/1026 3021/3941/1025 3008/3921/1037
f 3002/3924/1046 3015/3944/1028 3014/3942/1027 3001/3922/1044
f 3010/3925/1047 3023/3933/1029 3022/3943/1026 3009/3923/1045
f 3003/3926/1048 3016/3935/1030 3015/3944/1028 3002/3924/1046
f 3021/3941/1025 3034/3945/1017 3033/3946/1016 3020/3940/1038
f 3014/3942/1027 3027/3947/1018 3183/3848/702
f 3022/3943/1026 3035/3948/1019 3034/3945/1017 3021/3941/1025
f 3015/3944/1028 3028/3949/1020 3027/3947/1018 3014/3942/1027
f 3023/3933/1029 3036/3950/1021 3035/3948/1019 3022/3943/1026
f 3016/3935/1030 3029/3951/1022 3028/3949/1020 3015/3944/1028
f 3024/3932/1031 3037/3952/1010 3036/3950/1021 3023/3933/1029
f 3017/3934/1032 3030/3953/1012 3029/3951/1022 3016/3935/1030
f 3025/3936/1033 3038/3954/1011 3037/3952/1010 3024/3932/1031
f 3018/3937/1034 3031/3955/1013 3030/3953/1012 3017/3934/1032
f 3414/3938/1035 3415/3956/1014 3038/3954/1011 3025/3936/1033
f 3019/3939/1036 3032/3957/1015 3031/3955/1013 3018/3937/1034
f 3020/3940/1038 3033/3946/1016 3032/3957/1015 3019/3939/1036
f 3030/3953/1012 3043/3958/1005 3042/3959/1003 3029/3951/1022
f 3038/3954/1011 3051/3960/1006 3050/3961/1004 3037/3952/1010
f 3031/3955/1013 3044/3962/1007 3043/3958/1005 3030/3953/1012
f 3415/3956/1014 3416/3963/1008 3051/3960/1006 3038/3954/1011
f 3032/3957/1015 3045/3964/1009 3044/3962/1007 3031/3955/1013
f 3033/3946/1016 3046/3965/997 3045/3964/1009 3032/3957/1015
f 3034/3945/1017 3047/3966/998 3046/3965/997 3033/3946/1016
f 3027/3947/1018 3040/3967/999 3183/3848/702
f 3035/3948/1019 3048/3968/1000 3047/3966/998 3034/3945/1017
f 3028/3949/1020 3041/3969/1001 3040/3967/999 3027/3947/1018
f 3036/3950/1021 3049/3970/1002 3048/3968/1000 3035/3948/1019
f 3029/3951/1022 3042/3959/1003 3041/3969/1001 3028/3949/1020
f 3037/3952/1010 3050/3961/1004 3049/3970/1002 3036/3950/1021
f 3047/3966/998 3060/3971/990 3059/3972/989 3046/3965/997
f 3040/3967/999 3053/3973/991 3183/3848/702
f 3048/3968/1000 3061/3974/994 3060/3971/990 3047/3966/998
f 3041/3969/1001 3054/3975/995 3053/3973/991 3040/3967/999
f 3049/3970/1002 3062/3976/996 3061/3974/994 3048/3968/1000
f 3042/3959/1003 3055/3977/982 3054/3975/995 3041/3969/1001
f 3050/3961/1004 3063/3978/984 3062/3976/996 3049/3970/1002
f 3043/3958/1005 3056/3979/983 3055/3977/982 3042/3959/1003
f 3051/3960/1006 3064/3980/985 3063/3978/984 3050/3961/1004
f 3044/3962/1007 3057/3981/986 3056/3979/983 3043/3958/1005
f 3416/3963/1008 3417/3982/987 3064/3980/985 3051/3960/1006
f 3045/3964/1009 3058/3983/988 3057/3981/986 3044/3962/1007
f 3046/3965/997 3059/3972/989 3058/3983/988 3045/3964/1009
f 3064/3980/985 3077/3984/978 3076/3985/976 3063/3978/984
f 3057/3981/986 3070/3986/979 3069/3987/977 3056/3979/983
f 3417/3982/987 3418/3988/980 3077/3984/978 3064/3980/985
f 3058/3983/988 3071/3989/981 3070/3986/979 3057/3981/986
f 3059/3972/989 3072/3990/969 3071/3989/981 3058/3983/988
f 3060/3971/990 3073/3991/970 3072/3990/969 3059/3972/989
f 3053/3973/991 3066/3992/971 3183/3848/702
f 3061/3974/994 3074/3993/972 3073/3991/970 3060/3971/990
f 3054/3975/995 3067/3994/973 3066/3992/971 3053/3973/991
f 3062/3976/996 3075/3995/974 3074/3993/972 3061/3974/994
f 3055/3977/982 3068/3996/975 3067/3994/973 3054/3975/995
f 3063/3978/984 3076/3985/976 3075/3995/974 3062/3976/996
f 3056/3979/983 3069/3987/977 3068/3996/975 3055/3977/982
f 3066/3992/971 3079/3997/966 3183/3848/702
f 3074/3993/972 3087/3998/967 3086/3999/965 3073/3991/970
f 3067/3994/973 3080/4000/968 3079/3997/966 3066/3992/971
f 3075/3995/974 3088/4001/956 3087/3998/967 3074/3993/972
f 3068/3996/975 3081/4002/958 3080/4000/968 3067/3994/973
f 3076/3985/976 3089/4003/957 3088/4001/956 3075/3995/974
f 3069/3987/977 3082/4004/959 3081/4002/958 3068/3996/975
f 3077/3984/978 3090/4005/960 3089/4003/957 3076/3985/976
f 3070/3986/979 3083/4006/961 3082/4004/959 3069/3987/977
f 3418/3988/980 3419/4007/962 3090/4005/960 3077/3984/978
f 3071/3989/981 3084/4008/963 3083/4006/961 3070/3986/979
f 3072/3990/969 3085/4009/964 3084/4008/963 3071/3989/981
f 3073/3991/970 3086/3999/965 3085/4009/964 3072/3990/969
f 3083/4006/961 3096/4010/954 3095/4011/952 3082/4004/959
f 3419/4007/962 3420/4012/955 3103/4013/953 3090/4005/960
f 3084/4008/963 3097/4014/943 3096/4010/954 3083/4006/961
f 3085/4009/964 3098/4015/944 3097/4014/943 3084/4008/963
f 3086/3999/965 3099/4016/945 3098/4015/944 3085/4009/964
f 3079/3997/966 3092/4017/946 3183/3848/702
f 3087/3998/967 3100/4018/947 3099/4016/945 3086/3999/965
f 3080/4000/968 3093/4019/948 3092/4017/946 3079/3997/966
f 3088/4001/956 3101/4020/949 3100/4018/947 3087/3998/967
f 3081/4002/958 3094/4021/950 3093/4019/948 3080/4000/968
f 3089/4003/957 3102/4022/951 3101/4020/949 3088/4001/956
f 3082/4004/959 3095/4011/952 3094/4021/950 3081/4002/958
f 3090/4005/960 3103/4013/953 3102/4022/951 3089/4003/957
f 3100/4018/947 3113/4023/942 3112/4024/940 3099/4016/945
f 3093/4019/948 3106/4025/930 3105/4026/941 3092/4017/946
f 3101/4020/949 3114/4027/932 3113/4023/942 3100/4018/947
f 3094/4021/950 3107/4028/931 3106/4025/930 3093/4019/948
f 3102/4022/951 3115/4029/933 3114/4027/932 3101/4020/949
f 3095/4011/952 3108/4030/934 3107/4028/931 3094/4021/950
f 3103/4013/953 3116/4031/935 3115/4029/933 3102/4022/951
f 3096/4010/954 3109/4032/936 3108/4030/934 3095/4011/952
f 3420/4012/955 3421/4033/937 3116/4031/935 3103/4013/953
f 3097/4014/943 3110/4034/938 3109/4032/936 3096/4010/954
f 3098/4015/944 3111/4035/939 3110/4034/938 3097/4014/943
f 3099/4016/945 3112/4024/940 3111/4035/939 3098/4015/944
f 3092/4017/946 3105/4026/941 3183/3848/702
f 3421/4033/937 3422/4036/929 3129/4037/927 3116/4031/935
f 3110/4034/938 3123/4038/917 3122/4039/928 3109/4032/936
f 3111/4035/939 3124/4040/918 3123/4038/917 3110/4034/938
f 3112/4024/940 3125/4041/919 3124/4040/918 3111/4035/939
f 3105/4026/941 3118/4042/920 3183/3848/702
f 3113/4023/942 3126/4043/921 3125/4041/919 3112/4024/940
f 3106/4025/930 3119/4044/922 3118/4042/920 3105/4026/941
f 3114/4027/932 3127/4045/923 3126/4043/921 3113/4023/942
f 3107/4028/931 3120/4046/924 3119/4044/922 3106/4025/930
f 3115/4029/933 3128/4047/925 3127/4045/923 3114/4027/932
f 3108/4030/934 3121/4048/926 3120/4046/924 3107/4028/931
f 3116/4031/935 3129/4037/927 3128/4047/925 3115/4029/933
f 3109/4032/936 3122/4039/928 3121/4048/926 3108/4030/934
f 3127/4045/923 3140/4049/905 3139/4050/904 3126/4043/921
f 3120/4046/924 3133/4051/907 3132/4052/906 3119/4044/922
f 3128/4047/925 3141/4053/908 3140/4049/905 3127/4045/923
f 3121/4048/926 3134/4054/909 3133/4051/907 3120/4046/924
f 3129/4037/927 3142/4055/910 3141/4053/908 3128/4047/925
f 3122/4039/928 3135/4056/911 3134/4054/909 3121/4048/926
f 3422/4036/929 3423/4057/912 3142/4055/910 3129/4037/927
f 3123/4038/917 3136/4058/913 3135/4056/911 3122/4039/928
f 3124/4040/918 3137/4059/914 3136/4058/913 3123/4038/917
f 3125/4041/919 3138/4060/915 3137/4059/914 3124/4040/918
f 3118/4042/920 3131/4061/916 3183/3848/702
f 3126/4043/921 3139/4050/904 3138/4060/915 3125/4041/919
f 3119/4044/922 3132/4052/906 3131/4061/916 3118/4042/920
f 3137/4059/914 3150/4062/895 3149/4063/894 3136/4058/913
f 3138/4060/915 3151/4064/896 3150/4062/895 3137/4059/914
f 3131/4061/916 3144/4065/897 3183/3848/702
f 3139/4050/904 3152/4066/898 3151/4064/896 3138/4060/915
f 3132/4052/906 3145/4067/899 3144/4065/897 3131/4061/916
f 3140/4049/905 3153/4068/900 3152/4066/898 3139/4050/904
f 3133/4051/907 3146/4069/901 3145/4067/899 3132/4052/906
f 3141/4053/908 3154/4070/902 3153/4068/900 3140/4049/905
f 3134/4054/909 3147/4071/903 3146/4069/901 3133/4051/907
f 3142/4055/910 3155/4072/891 3154/4070/902 3141/4053/908
f 3135/4056/911 3148/4073/893 3147/4071/903 3134/4054/909
f 3423/4057/912 3424/4074/892 3155/4072/891 3142/4055/910
f 3136/4058/913 3149/4063/894 3148/4073/893 3135/4056/911
f 3146/4069/901 3159/4075/883 3158/4076/881 3145/4067/899
f 3154/4070/902 3167/4077/884 3166/4078/882 3153/4068/900
f 3147/4071/903 3160/4079/885 3159/4075/883 3146/4069/901
f 3155/4072/891 3168/4080/886 3167/4077/884 3154/4070/902
f 3148/4073/893 3161/4081/887 3160/4079/885 3147/4071/903
f 3424/4074/892 3425/4082/888 3168/4080/886 3155/4072/891
f 3149/4063/894 3162/4083/889 3161/4081/887 3148/4073/893
f 3150/4062/895 3163/4084/890 3162/4083/889 3149/4063/894
f 3151/4064/896 3164/4085/878 3163/4084/890 3150/4062/895
f 3144/4065/897 3157/4086/880 3183/3848/702
f 3152/4066/898 3165/4087/879 3164/4085/878 3151/4064/896
f 3145/4067/899 3158/4076/881 3157/4086/880 3144/4065/897
f 3153/4068/900 3166/4078/882 3165/4087/879 3152/4066/898
f 3163/4084/890 3176/4088/870 3175/4089/869 3162/4083/889
f 3164/4085/878 3177/4090/871 3176/4088/870 3163/4084/890
f 3157/4086/880 3170/4091/872 3183/3848/702
f 3165/4087/879 3178/4092/873 3177/4090/871 3164/4085/878
f 3158/4076/881 3171/4093/874 3170/4091/872 3157/4086/880
f 3166/4078/882 3179/4094/875 3178/4092/873 3165/4087/879
f 3159/4075/883 3172/4095/876 3171/4093/874 3158/4076/881
f 3167/4077/884 3180/4096/877 3179/4094/875 3166/4078/882
f 3160/4079/885 3173/4097/1113 3172/4095/876 3159/4075/883
f 3168/4080/886 3181/4098/867 3180/4096/877 3167/4077/884
f 3161/4081/887 3174/4099/866 3173/4097/1113 3160/4079/885
f 3425/4082/888 3426/4100/868 3181/4098/867 3168/4080/886
f 3162/4083/889 3175/4089/869 3174/4099/866 3161/4081/887
f 3180/4096/877 3194/4101/858 3193/4102/856 3179/4094/875
f 3173/4097/1113 3187/4103/1114 3186/4104/857 3172/4095/876
f 3181/4098/867 3195/4105/860 3194/4101/858 3180/4096/877
f 3174/4099/866 3188/4106/861 3187/4103/1114 3173/4097/1113
f 3426/4100/868 3427/4107/862 3195/4105/860 3181/4098/867
f 3175/4089/869 3189/4108/863 3188/4106/861 3174/4099/866
f 3176/4088/870 3190/4109/864 3189/4108/863 3175/4089/869
f 3177/4090/871 3191/4110/853 3190/4109/864 3176/4088/870
f 3170/4091/872 3184/4111/852 3183/3848/702
f 3178/4092/873 3192/4112/854 3191/4110/853 3177/4090/871
f 3171/4093/874 3185/4113/855 3184/4111/852 3170/4091/872
f 3179/4094/875 3193/4102/856 3192/4112/854 3178/4092/873
f 3172/4095/876 3186/4104/857 3185/4113/855 3171/4093/874
f 3191/4110/853 3204/4114/846 3203/4115/845 3190/4109/864
f 3184/4111/852 3197/4116/847 3183/3848/702
f 3192/4112/854 3205/4117/848 3204/4114/846 3191/4110/853
f 3185/4113/855 3198/4118/849 3197/4116/847 3184/4111/852
f 3193/4102/856 3206/4119/850 3205/4117/848 3192/4112/854
f 3186/4104/857 3199/4120/851 3198/4118/849 3185/4113/855
f 3194/4101/858 3207/4121/839 3206/4119/850 3193/4102/856
f 3187/4103/1114 3200/4122/841 3199/4120/851 3186/4104/857
f 3195/4105/860 3208/4123/840 3207/4121/839 3194/4101/858
f 3188/4106/861 3201/4124/842 3200/4122/841 3187/4103/1114
f 3427/4107/862 3428/4125/843 3208/4123/840 3195/4105/860
f 3189/4108/863 3202/4126/844 3201/4124/842 3188/4106/861
f 3190/4109/864 3203/4115/845 3202/4126/844 3189/4108/863
f 3200/4122/841 3213/4127/834 3212/4128/832 3199/4120/851
f 3208/4123/840 3221/4129/835 3220/4130/833 3207/4121/839
f 3201/4124/842 3214/4131/836 3213/4127/834 3200/4122/841
f 3428/4125/843 3429/4132/837 3221/4129/835 3208/4123/840
f 3202/4126/844 3215/4133/838 3214/4131/836 3201/4124/842
f 3203/4115/845 3216/4134/826 3215/4133/838 3202/4126/844
f 3078/4135/970 3354/4136/970 3355/4137/965 3091/4138/965
f 3204/4114/846 3217/4139/827 3216/4134/826 3203/4115/845
f 3197/4116/847 3210/4140/1115 3183/3848/702
f 3326/4141/727 3373/4142/727 3374/4143/700 3339/4144/700
f 3205/4117/848 3218/4145/829 3217/4139/827 3204/4114/846
f 3198/4118/849 3211/4146/830 3210/4140/1115 3197/4116/847
f 3206/4119/850 3219/4147/831 3218/4145/829 3205/4117/848
f 3199/4120/851 3212/4128/832 3211/4146/830 3198/4118/849
f 3207/4121/839 3220/4130/833 3219/4147/831 3206/4119/850
f 3217/4139/827 3230/4148/821 3229/4149/820 3216/4134/826
f 3210/4140/1115 3223/4150/822 3183/3848/702
f 3013/4151/1037 3349/4152/1037 3350/4153/1025 3026/4154/1025
f 3218/4145/829 3231/4155/823 3230/4148/821 3217/4139/827
f 3211/4146/830 3224/4156/824 3223/4150/822 3210/4140/1115
f 3219/4147/831 3232/4157/825 3231/4155/823 3218/4145/829
f 3212/4128/832 3225/4158/813 3224/4156/824 3211/4146/830
f 3220/4130/833 3233/4159/815 3232/4157/825 3219/4147/831
f 3213/4127/834 3226/4160/814 3225/4158/813 3212/4128/832
f 3221/4129/835 3234/4161/816 3233/4159/815 3220/4130/833
f 3214/4131/836 3227/4162/817 3226/4160/814 3213/4127/834
f 3429/4132/837 3430/4163/818 3234/4161/816 3221/4129/835
f 3215/4133/838 3228/4164/819 3227/4162/817 3214/4131/836
f 3196/4165/853 3363/4166/853 3364/4167/846 3209/4168/846
f 3216/4134/826 3229/4149/820 3228/4164/819 3215/4133/838
f 3156/4169/896 3360/4170/896 3361/4171/878 3169/4172/878
f 3234/4161/816 3247/4173/809 3246/4174/807 3233/4159/815
f 3227/4162/817 3240/4175/810 3239/4176/808 3226/4160/814
f 3430/4163/818 3431/4177/811 3247/4173/809 3234/4161/816
f 3228/4164/819 3241/4178/812 3240/4175/810 3227/4162/817
f 3117/4179/940 3357/4180/940 3358/4181/919 3130/4182/919
f 3229/4149/820 3242/4183/800 3241/4178/812 3228/4164/819
f 2935/4184/699 3344/4185/699 3343/4186/993 2948/4187/993
f 3230/4148/821 3243/4188/801 3242/4183/800 3229/4149/820
f 3223/4150/822 3236/4189/802 3183/3848/702
f 3052/4190/998 3352/4191/998 3353/4192/990 3065/4193/990
f 3231/4155/823 3244/4194/803 3243/4188/801 3230/4148/821
f 3224/4156/824 3237/4195/804 3236/4189/802 3223/4150/822
f 3232/4157/825 3245/4196/805 3244/4194/803 3231/4155/823
f 3225/4158/813 3238/4197/806 3237/4195/804 3224/4156/824
f 3233/4159/815 3246/4174/807 3245/4196/805 3232/4157/825
f 3226/4160/814 3239/4176/808 3238/4197/806 3225/4158/813
f 3300/4198/751 3371/4199/751 3372/4200/747 3313/4201/747
f 3244/4194/803 3257/4202/798 3256/4203/796 3243/4188/801
f 3237/4195/804 3250/4204/799 3249/4205/797 3236/4189/802
f 3245/4196/805 3258/4206/787 3257/4202/798 3244/4194/803
f 3238/4197/806 3251/4207/789 3250/4204/799 3237/4195/804
f 3246/4174/807 3259/4208/788 3258/4206/787 3245/4196/805
f 3239/4176/808 3252/4209/790 3251/4207/789 3238/4197/806
f 3247/4173/809 3260/4210/791 3259/4208/788 3246/4174/807
f 3240/4175/810 3253/4211/792 3252/4209/790 3239/4176/808
f 3431/4177/811 3432/4212/793 3260/4210/791 3247/4173/809
f 3241/4178/812 3254/4213/794 3253/4211/792 3240/4175/810
f 3261/4214/796 3368/4215/796 3369/4216/776 3274/4217/776
f 3242/4183/800 3255/4218/795 3254/4213/794 3241/4178/812
f 2987/4219/1023 3347/4220/1023 3348/4221/1063 3000/4222/1063
f 3243/4188/801 3256/4203/796 3255/4218/795 3242/4183/800
f 3236/4189/802 3249/4205/797 3183/3848/702
f 3432/4212/793 3433/4223/786 3273/4224/784 3260/4210/791
f 3254/4213/794 3267/4225/774 3266/4226/785 3253/4211/792
f 3235/4227/821 3366/4228/821 3367/4229/801 3248/4230/801
f 3255/4218/795 3268/4231/775 3267/4225/774 3254/4213/794
f 3091/4138/965 3355/4137/965 3356/4232/945 3104/4233/945
f 3256/4203/796 3269/4234/776 3268/4231/775 3255/4218/795
f 3249/4205/797 3262/4235/1116 3183/3848/702
f 2948/4187/993 3343/4186/993 3345/4236/992 2961/4237/992
f 3257/4202/798 3270/4238/778 3269/4234/776 3256/4203/796
f 3250/4204/799 3263/4239/779 3262/4235/1116 3249/4205/797
f 3258/4206/787 3271/4240/780 3270/4238/778 3257/4202/798
f 3251/4207/789 3264/4241/781 3263/4239/779 3250/4204/799
f 3259/4208/788 3272/4242/782 3271/4240/780 3258/4206/787
f 3252/4209/790 3265/4243/783 3264/4241/781 3251/4207/789
f 3260/4210/791 3273/4224/784 3272/4242/782 3259/4208/788
f 3253/4211/792 3266/4226/785 3265/4243/783 3252/4209/790
f 3263/4239/779 3276/4244/763 3275/4245/773 3262/4235/1116
f 3271/4240/780 3284/4246/762 3283/4247/761 3270/4238/778
f 3264/4241/781 3277/4248/764 3276/4244/763 3263/4239/779
f 3272/4242/782 3285/4249/765 3284/4246/762 3271/4240/780
f 3265/4243/783 3278/4250/766 3277/4248/764 3264/4241/781
f 3273/4224/784 3286/4251/767 3285/4249/765 3272/4242/782
f 3266/4226/785 3279/4252/768 3278/4250/766 3265/4243/783
f 3433/4223/786 3434/4253/769 3286/4251/767 3273/4224/784
f 3267/4225/774 3280/4254/770 3279/4252/768 3266/4226/785
f 3130/4182/919 3358/4181/919 3359/4255/915 3143/4256/915
f 3268/4231/775 3281/4257/771 3280/4254/770 3267/4225/774
f 3026/4154/1025 3350/4153/1025 3351/4258/1017 3039/4259/1017
f 3269/4234/776 3282/4260/772 3281/4257/771 3268/4231/775
f 3262/4235/1116 3275/4245/773 3183/3848/702
f 3274/4217/776 3369/4216/776 3370/4261/772 3287/4262/772
f 3270/4238/778 3283/4247/761 3282/4260/772 3269/4234/776
f 3280/4254/770 3293/4263/749 3292/4264/748 3279/4252/768
f 3169/4172/878 3361/4171/878 3362/4265/871 3182/4266/871
f 3281/4257/771 3294/4267/750 3293/4263/749 3280/4254/770
f 2961/4237/992 3345/4236/992 3346/4268/1024 2974/4269/1024
f 3282/4260/772 3295/4270/751 3294/4267/750 3281/4257/771
f 3275/4245/773 3288/4271/752 3183/3848/702
f 3313/4201/747 3372/4200/747 3373/4142/727 3326/4141/727
f 3283/4247/761 3296/4272/753 3295/4270/751 3282/4260/772
f 3276/4244/763 3289/4273/754 3288/4271/752 3275/4245/773
f 3284/4246/762 3297/4274/755 3296/4272/753 3283/4247/761
f 3277/4248/764 3290/4275/756 3289/4273/754 3276/4244/763
f 3285/4249/765 3298/4276/757 3297/4274/755 3284/4246/762
f 3278/4250/766 3291/4277/758 3290/4275/756 3277/4248/764
f 3286/4251/767 3299/4278/759 3298/4276/757 3285/4249/765
f 3279/4252/768 3292/4264/748 3291/4277/758 3278/4250/766
f 3434/4253/769 3435/4279/760 3299/4278/759 3286/4251/767
f 3297/4274/755 3310/4280/738 3309/4281/737 3296/4272/753
f 3290/4275/756 3303/4282/739 3302/4283/736 3289/4273/754
f 3298/4276/757 3311/4284/740 3310/4280/738 3297/4274/755
f 3291/4277/758 3304/4285/741 3303/4282/739 3290/4275/756
f 3299/4278/759 3312/4286/742 3311/4284/740 3298/4276/757
f 3292/4264/748 3305/4287/743 3304/4285/741 3291/4277/758
f 3435/4279/760 3436/4288/744 3312/4286/742 3299/4278/759
f 3293/4263/749 3306/4289/745 3305/4287/743 3292/4264/748
f 3209/4168/846 3364/4167/846 3365/4290/827 3222/4291/827
f 3294/4267/750 3307/4292/746 3306/4289/745 3293/4263/749
f 3104/4233/945 3356/4232/945 3357/4180/940 3117/4179/940
f 3295/4270/751 3308/4293/747 3307/4292/746 3294/4267/750
f 3288/4271/752 3301/4294/735 3183/3848/702
f 3065/4193/990 3353/4192/990 3354/4136/970 3078/4135/970
f 3296/4272/753 3309/4281/737 3308/4293/747 3295/4270/751
f 3289/4273/754 3302/4283/736 3301/4294/735 3288/4271/752
f 3248/4230/801 3367/4229/801 3368/4215/796 3261/4214/796
f 3307/4292/746 3320/4295/726 3319/4296/725 3306/4289/745
f 3000/4222/1063 3348/4221/1063 3349/4152/1037 3013/4151/1037
f 3308/4293/747 3321/4297/727 3320/4295/726 3307/4292/746
f 3301/4294/735 3314/4298/728 3183/3848/702
f 3287/4262/772 3370/4261/772 3371/4199/751 3300/4198/751
f 3309/4281/737 3322/4299/729 3321/4297/727 3308/4293/747
f 3302/4283/736 3315/4300/730 3314/4298/728 3301/4294/735
f 3310/4280/738 3323/4301/731 3322/4299/729 3309/4281/737
f 3303/4282/739 3316/4302/732 3315/4300/730 3302/4283/736
f 3311/4284/740 3324/4303/733 3323/4301/731 3310/4280/738
f 3304/4285/741 3317/4304/734 3316/4302/732 3303/4282/739
f 3312/4286/742 3325/4305/722 3324/4303/733 3311/4284/740
f 3305/4287/743 3318/4306/724 3317/4304/734 3304/4285/741
f 3436/4288/744 3437/4307/723 3325/4305/722 3312/4286/742
f 3306/4289/745 3319/4296/725 3318/4306/724 3305/4287/743
f 3316/4302/732 3329/4308/711 3328/4309/707 3315/4300/730
f 3324/4303/733 3337/4310/713 3336/4311/709 3323/4301/731
f 3317/4304/734 3330/4312/715 3329/4308/711 3316/4302/732
f 3325/4305/722 3338/4313/717 3337/4310/713 3324/4303/733
f 3318/4306/724 3331/4314/719 3330/4312/715 3317/4304/734
f 3437/4307/723 3438/4315/721 3338/4313/717 3325/4305/722
f 3319/4296/725 3332/4316/697 3331/4314/719 3318/4306/724
f 3143/4256/915 3359/4255/915 3360/4170/896 3156/4169/896
f 3320/4295/726 3333/4317/698 3332/4316/697 3319/4296/725
f 2974/4269/1024 3346/4268/1024 3347/4220/1023 2987/4219/1023
f 3321/4297/727 3334/4318/700 3333/4317/698 3320/4295/726
f 3314/4298/728 3327/4319/703 3183/3848/702
f 3182/4266/871 3362/4265/871 3363/4166/853 3196/4165/853
f 3322/4299/729 3335/4320/705 3334/4318/700 3321/4297/727
f 3315/4300/730 3328/4309/707 3327/4319/703 3314/4298/728
f 3323/4301/731 3336/4311/709 3335/4320/705 3322/4299/729
f 3333/4317/698 2932/3840/695 2931/3843/696 3332/4316/697
f 3039/4259/1017 3351/4258/1017 3352/4191/998 3052/4190/998
f 3334/4318/700 2933/3844/699 2932/3840/695 3333/4317/698
f 3327/4319/703 2926/3846/701 3183/3848/702
f 3339/4144/700 3374/4143/700 3344/4185/699 2935/4184/699
f 3335/4320/705 2934/3849/704 2933/3844/699 3334/4318/700
f 3328/4309/707 2927/3851/706 2926/3846/701 3327/4319/703
f 3336/4311/709 3340/3853/708 2934/3849/704 3335/4320/705
f 3329/4308/711 2928/3855/710 2927/3851/706 3328/4309/707
f 3337/4310/713 3341/3857/712 3340/3853/708 3336/4311/709
f 3330/4312/715 2929/3859/714 2928/3855/710 3329/4308/711
f 3338/4313/717 3342/3861/716 3341/3857/712 3337/4310/713
f 3331/4314/719 2930/3863/718 2929/3859/714 3330/4312/715
f 3438/4315/721 3407/3865/720 3342/3861/716 3338/4313/717
f 3332/4316/697 2931/3843/696 2930/3863/718 3331/4314/719
f 3222/4291/827 3365/4290/827 3366/4228/821 3235/4227/821
o Cube.001_Cube.004
v -0.662271 1.381288 0.235358
v -0.662271 1.409482 0.235358
v -0.662271 1.381288 -0.224399
v -0.662271 1.409482 -0.224399
v 0.662271 1.381288 0.235358
v 0.662271 1.409482 0.235358
v 0.662271 1.381288 -0.224399
v 0.662271 1.409482 -0.224399
v -0.662271 1.871863 0.235358
v -0.662271 1.900057 0.235358
v -0.662271 1.871863 -0.224399
v -0.662271 1.900057 -0.224399
v 0.662271 1.871863 0.235358
v 0.662271 1.900057 0.235358
v 0.662271 1.871863 -0.224399
v 0.662271 1.900057 -0.224399
vt 0.683848 0.616977
vt 0.683848 0.622910
vt 0.405112 0.622910
vt 0.405112 0.616977
vt 0.405112 0.520226
vt 0.683848 0.520226
vt 0.683848 0.719661
vt 0.405112 0.719661
vt 0.683848 0.616977
vt 0.683848 0.622910
vt 0.405112 0.622910
vt 0.405112 0.616977
vt 0.405112 0.520226
vt 0.683848 0.520226
vt 0.683848 0.719661
vt 0.405112 0.719661
vn 0.0000 0.0000 1.0000
vn 0.0000 -1.0000 0.0000
vn 0.0000 1.0000 0.0000
usemtl None
s off
f 3443/4321/1117 3444/4322/1117 3440/4323/1117 3439/4324/1117
f 3441/4325/1118 3445/4326/1118 3443/4321/1118 3439/4324/1118
f 3446/4327/1119 3442/4328/1119 3440/4323/1119 3444/4322/1119
f 3451/4329/1117 3452/4330/1117 3448/4331/1117 3447/4332/1117
f 3449/4333/1118 3453/4334/1118 3451/4329/1118 3447/4332/1118
f 3454/4335/1119 3450/4336/1119 3448/4331/1119 3452/4330/1119
o Sphere.001
v 0.361058 0.374504 0.350340
v 0.361058 0.380771 0.348439
v 0.361058 0.386546 0.345352
v 0.361058 0.391608 0.341197
v 0.361058 0.395763 0.336135
v 0.361058 0.398850 0.330359
v 0.361058 0.400751 0.324092
v 0.361058 0.401393 0.317575
v 0.361058 0.400751 0.311058
v 0.361058 0.386546 0.289799
v 0.362329 0.374379 0.350340
v 0.363552 0.380525 0.348439
v 0.364679 0.386189 0.345352
v 0.365666 0.391155 0.341197
v 0.366477 0.395229 0.336135
v 0.367079 0.398257 0.330359
v 0.367450 0.400121 0.324092
v 0.367575 0.400751 0.317575
v 0.367450 0.400121 0.311058
v 0.367079 0.398257 0.304791
v 0.366477 0.395229 0.299016
v 0.365666 0.391155 0.293953
v 0.364679 0.386189 0.289799
v 0.363552 0.374008 0.350340
v 0.365950 0.379797 0.348439
v 0.368160 0.385133 0.345352
v 0.370098 0.389810 0.341197
v 0.371687 0.393649 0.336135
v 0.372869 0.396501 0.330359
v 0.373596 0.398257 0.324092
v 0.373842 0.398850 0.317575
v 0.373596 0.398257 0.311058
v 0.372869 0.396501 0.304791
v 0.371687 0.393649 0.299016
v 0.370098 0.389810 0.293953
v 0.368160 0.385133 0.289799
v 0.364679 0.373405 0.350340
v 0.368160 0.378616 0.348439
v 0.371369 0.383418 0.345352
v 0.374181 0.387627 0.341197
v 0.376490 0.391082 0.336135
v 0.378205 0.393649 0.330359
v 0.379261 0.395229 0.324092
v 0.379617 0.395763 0.317575
v 0.379261 0.395229 0.311058
v 0.378205 0.393649 0.304791
v 0.376490 0.391082 0.299016
v 0.374181 0.387627 0.293953
v 0.371369 0.383418 0.289799
v 0.365666 0.372595 0.350340
v 0.370098 0.377026 0.348439
v 0.374181 0.381110 0.345352
v 0.377761 0.384690 0.341197
v 0.380699 0.387627 0.336135
v 0.382882 0.389810 0.330359
v 0.384226 0.391154 0.324092
v 0.384680 0.391608 0.317575
v 0.384226 0.391154 0.311058
v 0.382882 0.389810 0.304791
v 0.380699 0.387627 0.299016
v 0.377761 0.384690 0.293953
v 0.374181 0.381110 0.289799
v 0.366477 0.371607 0.350340
v 0.371687 0.375089 0.348439
v 0.376490 0.378298 0.345352
v 0.380699 0.381110 0.341197
v 0.384153 0.383418 0.336135
v 0.386720 0.385133 0.330359
v 0.388300 0.386189 0.324092
v 0.388834 0.386546 0.317575
v 0.388300 0.386189 0.311058
v 0.386720 0.385133 0.304791
v 0.384153 0.383418 0.299016
v 0.380699 0.381110 0.293953
v 0.376490 0.378298 0.289799
v 0.367079 0.370481 0.350340
v 0.372869 0.372879 0.348439
v 0.378205 0.375089 0.345352
v 0.382882 0.377026 0.341197
v 0.386720 0.378616 0.336135
v 0.389572 0.379797 0.330359
v 0.391328 0.380525 0.324092
v 0.391921 0.380771 0.317575
v 0.391328 0.380525 0.311058
v 0.389572 0.379797 0.304791
v 0.386720 0.378616 0.299016
v 0.382882 0.377026 0.293953
v 0.378205 0.375089 0.289799
v 0.367450 0.369258 0.350340
v 0.373596 0.370481 0.348439
v 0.379261 0.371607 0.345352
v 0.384226 0.372595 0.341197
v 0.388300 0.373405 0.336135
v 0.391328 0.374008 0.330359
v 0.393193 0.374379 0.324092
v 0.393822 0.374504 0.317575
v 0.393193 0.374379 0.311058
v 0.391328 0.374008 0.304791
v 0.388300 0.373405 0.299016
v 0.384226 0.372595 0.293953
v 0.379261 0.371607 0.289799
v 0.367575 0.367987 0.350340
v 0.373842 0.367987 0.348439
v 0.379617 0.367987 0.345352
v 0.384680 0.367987 0.341197
v 0.388834 0.367987 0.336135
v 0.391921 0.367987 0.330359
v 0.393822 0.367987 0.324092
v 0.394464 0.367987 0.317575
v 0.393822 0.367987 0.311058
v 0.391921 0.367987 0.304791
v 0.388834 0.367987 0.299016
v 0.384680 0.367987 0.293953
v 0.379617 0.367987 0.289799
v 0.367450 0.366715 0.350340
v 0.373596 0.365492 0.348439
v 0.379261 0.364366 0.345352
v 0.384226 0.363378 0.341197
v 0.388300 0.362568 0.336135
v 0.391328 0.361965 0.330359
v 0.393193 0.361594 0.324092
v 0.393822 0.361469 0.317575
v 0.393193 0.361594 0.311058
v 0.391328 0.361965 0.304791
v 0.388300 0.362568 0.299016
v 0.384226 0.363378 0.293953
v 0.379261 0.364366 0.289799
v 0.367079 0.365492 0.350340
v 0.372869 0.363094 0.348439
v 0.378205 0.360884 0.345352
v 0.382882 0.358947 0.341197
v 0.386720 0.357357 0.336135
v 0.389572 0.356176 0.330359
v 0.391328 0.355448 0.324092
v 0.391921 0.355202 0.317575
v 0.391328 0.355448 0.311058
v 0.389572 0.356176 0.304791
v 0.386720 0.357357 0.299016
v 0.382882 0.358947 0.293953
v 0.378205 0.360884 0.289799
v 0.366477 0.364366 0.350340
v 0.371687 0.360884 0.348439
v 0.376490 0.357675 0.345352
v 0.380699 0.354863 0.341197
v 0.384153 0.352555 0.336135
v 0.386720 0.350840 0.330359
v 0.388300 0.349784 0.324092
v 0.388834 0.349427 0.317575
v 0.388300 0.349784 0.311058
v 0.386720 0.350840 0.304791
v 0.384153 0.352555 0.299016
v 0.380699 0.354863 0.293953
v 0.376490 0.357675 0.289799
v 0.365666 0.363378 0.350340
v 0.370098 0.358947 0.348439
v 0.374181 0.354863 0.345352
v 0.377761 0.351283 0.341197
v 0.380699 0.348346 0.336135
v 0.382882 0.346163 0.330359
v 0.384226 0.344819 0.324092
v 0.384680 0.344365 0.317575
v 0.384226 0.344819 0.311058
v 0.382882 0.346163 0.304791
v 0.380699 0.348346 0.299016
v 0.377761 0.351283 0.293953
v 0.374181 0.354863 0.289799
v 0.364679 0.362568 0.350340
v 0.368160 0.357357 0.348439
v 0.371369 0.352555 0.345352
v 0.374181 0.348346 0.341197
v 0.376490 0.344891 0.336135
v 0.378205 0.342324 0.330359
v 0.379261 0.340744 0.324092
v 0.379617 0.340210 0.317575
v 0.379261 0.340744 0.311058
v 0.378205 0.342324 0.304791
v 0.376490 0.344891 0.299016
v 0.374181 0.348346 0.293953
v 0.371369 0.352555 0.289799
v 0.363552 0.361965 0.350340
v 0.365950 0.356176 0.348439
v 0.368160 0.350840 0.345352
v 0.370097 0.346163 0.341197
v 0.371687 0.342324 0.336135
v 0.372869 0.339472 0.330359
v 0.373596 0.337716 0.324092
v 0.373842 0.337123 0.317575
v 0.373596 0.337716 0.311058
v 0.372869 0.339472 0.304791
v 0.371687 0.342324 0.299016
v 0.370097 0.346163 0.293953
v 0.368160 0.350840 0.289799
v 0.362329 0.361594 0.350340
v 0.363552 0.355448 0.348439
v 0.364679 0.349784 0.345352
v 0.365666 0.344819 0.341197
v 0.366477 0.340744 0.336135
v 0.367079 0.337716 0.330359
v 0.367450 0.335852 0.324092
v 0.367575 0.335222 0.317575
v 0.367450 0.335852 0.311058
v 0.367079 0.337716 0.304791
v 0.366477 0.340744 0.299016
v 0.365666 0.344819 0.293953
v 0.364679 0.349784 0.289799
v 0.361058 0.361469 0.350340
v 0.361058 0.355202 0.348439
v 0.361058 0.349427 0.345352
v 0.361058 0.344365 0.341197
v 0.361058 0.340210 0.336135
v 0.361058 0.337123 0.330359
v 0.361058 0.335222 0.324092
v 0.361058 0.334580 0.317575
v 0.361058 0.335222 0.311058
v 0.361058 0.337123 0.304791
v 0.361058 0.340210 0.299016
v 0.361058 0.344365 0.293953
v 0.361058 0.349427 0.289799
v 0.359786 0.361594 0.350340
v 0.358564 0.355448 0.348439
v 0.357437 0.349784 0.345352
v 0.356449 0.344819 0.341197
v 0.355639 0.340744 0.336135
v 0.355037 0.337716 0.330359
v 0.354666 0.335852 0.324092
v 0.354541 0.335222 0.317575
v 0.354666 0.335852 0.311058
v 0.355037 0.337716 0.304791
v 0.355639 0.340744 0.299016
v 0.356449 0.344819 0.293953
v 0.357437 0.349784 0.289799
v 0.358564 0.361965 0.350340
v 0.356166 0.356176 0.348439
v 0.353955 0.350840 0.345352
v 0.352018 0.346163 0.341197
v 0.350428 0.342324 0.336135
v 0.349247 0.339472 0.330359
v 0.348519 0.337716 0.324092
v 0.348274 0.337123 0.317575
v 0.348519 0.337716 0.311058
v 0.349247 0.339472 0.304791
v 0.350428 0.342325 0.299016
v 0.352018 0.346163 0.293953
v 0.353955 0.350840 0.289799
v 0.357437 0.362568 0.350340
v 0.353955 0.357357 0.348439
v 0.350747 0.352555 0.345352
v 0.347934 0.348346 0.341197
v 0.345626 0.344891 0.336135
v 0.343911 0.342324 0.330359
v 0.342855 0.340744 0.324092
v 0.342498 0.340210 0.317575
v 0.342855 0.340744 0.311058
v 0.343911 0.342324 0.304791
v 0.345626 0.344891 0.299016
v 0.347934 0.348346 0.293953
v 0.350747 0.352555 0.289799
v 0.361058 0.367987 0.350982
v 0.356449 0.363378 0.350340
v 0.352018 0.358947 0.348439
v 0.347934 0.354863 0.345352
v 0.344355 0.351283 0.341197
v 0.341417 0.348346 0.336135
v 0.339234 0.346163 0.330359
v 0.337890 0.344819 0.324092
v 0.337436 0.344365 0.317575
v 0.337890 0.344819 0.311058
v 0.339234 0.346163 0.304791
v 0.341417 0.348346 0.299016
v 0.344355 0.351283 0.293953
v 0.347934 0.354863 0.289799
v 0.355639 0.364366 0.350340
v 0.350428 0.360884 0.348439
v 0.345626 0.357675 0.345352
v 0.341417 0.354863 0.341197
v 0.337963 0.352555 0.336135
v 0.335396 0.350840 0.330359
v 0.333815 0.349784 0.324092
v 0.333281 0.349427 0.317575
v 0.333815 0.349784 0.311058
v 0.335396 0.350840 0.304791
v 0.337963 0.352555 0.299016
v 0.341417 0.354863 0.293953
v 0.345626 0.357675 0.289799
v 0.355037 0.365492 0.350340
v 0.349247 0.363094 0.348439
v 0.343911 0.360884 0.345352
v 0.339234 0.358947 0.341197
v 0.335396 0.357357 0.336135
v 0.332544 0.356176 0.330359
v 0.330787 0.355448 0.324092
v 0.330194 0.355202 0.317575
v 0.330787 0.355448 0.311058
v 0.332544 0.356176 0.304791
v 0.335396 0.357357 0.299016
v 0.339234 0.358947 0.293953
v 0.343911 0.360884 0.289799
v 0.354666 0.366715 0.350340
v 0.348519 0.365492 0.348439
v 0.342855 0.364366 0.345352
v 0.337890 0.363378 0.341197
v 0.333815 0.362568 0.336135
v 0.330787 0.361965 0.330359
v 0.328923 0.361594 0.324092
v 0.328293 0.361469 0.317575
v 0.328923 0.361594 0.311058
v 0.330787 0.361965 0.304791
v 0.333815 0.362568 0.299016
v 0.337890 0.363378 0.293953
v 0.342855 0.364366 0.289799
v 0.354541 0.367987 0.350340
v 0.348274 0.367987 0.348439
v 0.342498 0.367987 0.345352
v 0.337436 0.367987 0.341197
v 0.333281 0.367987 0.336135
v 0.330194 0.367987 0.330359
v 0.328293 0.367987 0.324092
v 0.327651 0.367987 0.317575
v 0.328293 0.367987 0.311058
v 0.330194 0.367987 0.304791
v 0.333281 0.367987 0.299016
v 0.337436 0.367987 0.293953
v 0.342498 0.367987 0.289799
v 0.354666 0.369258 0.350340
v 0.348519 0.370481 0.348439
v 0.342855 0.371607 0.345352
v 0.337890 0.372595 0.341197
v 0.333815 0.373405 0.336135
v 0.330787 0.374008 0.330359
v 0.328923 0.374379 0.324092
v 0.328293 0.374504 0.317575
v 0.328923 0.374379 0.311058
v 0.330787 0.374008 0.304791
v 0.333815 0.373405 0.299016
v 0.337890 0.372595 0.293953
v 0.342855 0.371607 0.289799
v 0.355037 0.370481 0.350340
v 0.349247 0.372879 0.348439
v 0.343911 0.375089 0.345352
v 0.339234 0.377026 0.341197
v 0.335396 0.378616 0.336135
v 0.332544 0.379797 0.330359
v 0.330787 0.380525 0.324092
v 0.330194 0.380771 0.317575
v 0.330787 0.380525 0.311058
v 0.332544 0.379797 0.304791
v 0.335396 0.378616 0.299016
v 0.339234 0.377026 0.293953
v 0.343911 0.375089 0.289799
v 0.355639 0.371607 0.350340
v 0.350428 0.375089 0.348439
v 0.345626 0.378298 0.345352
v 0.341417 0.381110 0.341197
v 0.337963 0.383418 0.336135
v 0.335396 0.385133 0.330359
v 0.333815 0.386189 0.324092
v 0.333281 0.386546 0.317575
v 0.333815 0.386189 0.311058
v 0.335396 0.385133 0.304791
v 0.337963 0.383418 0.299016
v 0.341417 0.381110 0.293953
v 0.345626 0.378298 0.289799
v 0.356449 0.372595 0.350340
v 0.352018 0.377026 0.348439
v 0.347934 0.381110 0.345352
v 0.344355 0.384690 0.341197
v 0.341417 0.387627 0.336135
v 0.339234 0.389810 0.330359
v 0.337890 0.391154 0.324092
v 0.337436 0.391608 0.317575
v 0.337890 0.391154 0.311058
v 0.339234 0.389810 0.304791
v 0.341417 0.387627 0.299016
v 0.344355 0.384690 0.293953
v 0.347934 0.381110 0.289799
v 0.357437 0.373405 0.350340
v 0.353955 0.378616 0.348439
v 0.350747 0.383418 0.345352
v 0.347934 0.387627 0.341197
v 0.345626 0.391082 0.336135
v 0.343911 0.393649 0.330359
v 0.342855 0.395229 0.324092
v 0.342498 0.395763 0.317575
v 0.342855 0.395229 0.311058
v 0.343911 0.393649 0.304791
v 0.345626 0.391082 0.299016
v 0.347934 0.387627 0.293953
v 0.350747 0.383418 0.289799
v 0.358564 0.374008 0.350340
v 0.356166 0.379797 0.348439
v 0.353955 0.385133 0.345352
v 0.352018 0.389810 0.341197
v 0.350428 0.393649 0.336135
v 0.349247 0.396501 0.330359
v 0.348519 0.398257 0.324092
v 0.348274 0.398850 0.317575
v 0.348519 0.398257 0.311058
v 0.349247 0.396501 0.304791
v 0.350428 0.393649 0.299016
v 0.352018 0.389810 0.293953
v 0.353955 0.385133 0.289799
v 0.359786 0.374379 0.350340
v 0.358564 0.380525 0.348439
v 0.357437 0.386189 0.345352
v 0.356449 0.391154 0.341197
v 0.355639 0.395229 0.336135
v 0.355037 0.398257 0.330359
v 0.354666 0.400121 0.324092
v 0.354541 0.400751 0.317575
v 0.354666 0.400121 0.311058
v 0.355037 0.398257 0.304791
v 0.355639 0.395229 0.299016
v 0.356449 0.391154 0.293953
v 0.357437 0.386189 0.289799
v 0.361058 0.398850 0.304791
v 0.361058 0.395763 0.299016
v 0.361058 0.391608 0.293953
v 0.364679 0.386189 0.272889
v 0.361058 0.386546 0.272889
v 0.368160 0.385133 0.272889
v 0.371369 0.383418 0.272889
v 0.374181 0.381110 0.272889
v 0.376490 0.378298 0.272889
v 0.378205 0.375089 0.272889
v 0.379261 0.371607 0.272889
v 0.379617 0.367987 0.272889
v 0.379261 0.364366 0.272889
v 0.378205 0.360884 0.272889
v 0.376490 0.357675 0.272889
v 0.374181 0.354863 0.272889
v 0.371369 0.352555 0.272889
v 0.368160 0.350840 0.272889
v 0.364679 0.349784 0.272889
v 0.361058 0.349427 0.272889
v 0.357437 0.349784 0.272889
v 0.353955 0.350840 0.272889
v 0.350747 0.352555 0.272889
v 0.347934 0.354863 0.272889
v 0.345626 0.357675 0.272889
v 0.343911 0.360884 0.272889
v 0.342855 0.364366 0.272889
v 0.342498 0.367987 0.272889
v 0.342855 0.371607 0.272889
v 0.343911 0.375089 0.272889
v 0.345626 0.378298 0.272889
v 0.347934 0.381110 0.272889
v 0.350747 0.383418 0.272889
v 0.353955 0.385133 0.272889
v 0.357437 0.386189 0.272889
v -0.361058 0.374504 0.350340
v -0.361058 0.380771 0.348439
v -0.361058 0.386546 0.345352
v -0.361058 0.391608 0.341197
v -0.361058 0.395763 0.336135
v -0.361058 0.398850 0.330359
v -0.361058 0.400751 0.324092
v -0.361058 0.401393 0.317575
v -0.361058 0.400751 0.311058
v -0.361058 0.386546 0.289799
v -0.362329 0.374379 0.350340
v -0.363552 0.380525 0.348439
v -0.364679 0.386190 0.345352
v -0.365666 0.391155 0.341197
v -0.366477 0.395229 0.336135
v -0.367079 0.398257 0.330359
v -0.367450 0.400121 0.324092
v -0.367575 0.400751 0.317575
v -0.367450 0.400121 0.311058
v -0.367079 0.398257 0.304791
v -0.366477 0.395229 0.299016
v -0.365666 0.391155 0.293953
v -0.364679 0.386190 0.289799
v -0.363552 0.374008 0.350340
v -0.365950 0.379797 0.348439
v -0.368160 0.385133 0.345352
v -0.370097 0.389810 0.341197
v -0.371687 0.393649 0.336135
v -0.372869 0.396501 0.330359
v -0.373596 0.398257 0.324092
v -0.373842 0.398850 0.317575
v -0.373596 0.398257 0.311058
v -0.372869 0.396501 0.304791
v -0.371687 0.393649 0.299016
v -0.370097 0.389810 0.293953
v -0.368160 0.385133 0.289799
v -0.364679 0.373405 0.350340
v -0.368160 0.378616 0.348439
v -0.371369 0.383418 0.345352
v -0.374181 0.387627 0.341197
v -0.376490 0.391082 0.336135
v -0.378205 0.393649 0.330359
v -0.379261 0.395229 0.324092
v -0.379617 0.395763 0.317575
v -0.379261 0.395229 0.311058
v -0.378205 0.393649 0.304791
v -0.376490 0.391082 0.299016
v -0.374181 0.387627 0.293953
v -0.371369 0.383418 0.289799
v -0.365666 0.372595 0.350340
v -0.370097 0.377026 0.348439
v -0.374181 0.381110 0.345352
v -0.377761 0.384690 0.341197
v -0.380699 0.387627 0.336135
v -0.382882 0.389810 0.330359
v -0.384226 0.391155 0.324092
v -0.384680 0.391608 0.317575
v -0.384226 0.391155 0.311058
v -0.382882 0.389810 0.304791
v -0.380699 0.387627 0.299016
v -0.377761 0.384690 0.293953
v -0.374181 0.381110 0.289799
v -0.366477 0.371607 0.350340
v -0.371687 0.375089 0.348439
v -0.376490 0.378298 0.345352
v -0.380699 0.381110 0.341197
v -0.384153 0.383418 0.336135
v -0.386720 0.385133 0.330359
v -0.388300 0.386189 0.324092
v -0.388834 0.386546 0.317575
v -0.388300 0.386189 0.311058
v -0.386720 0.385133 0.304791
v -0.384153 0.383418 0.299016
v -0.380699 0.381110 0.293953
v -0.376490 0.378298 0.289799
v -0.367079 0.370481 0.350340
v -0.372869 0.372879 0.348439
v -0.378205 0.375089 0.345352
v -0.382882 0.377026 0.341197
v -0.386720 0.378616 0.336135
v -0.389572 0.379797 0.330359
v -0.391328 0.380525 0.324092
v -0.391921 0.380771 0.317575
v -0.391328 0.380525 0.311058
v -0.389572 0.379797 0.304791
v -0.386720 0.378616 0.299016
v -0.382882 0.377026 0.293953
v -0.378205 0.375089 0.289799
v -0.367450 0.369258 0.350340
v -0.373596 0.370481 0.348439
v -0.379261 0.371607 0.345352
v -0.384226 0.372595 0.341197
v -0.388300 0.373405 0.336135
v -0.391328 0.374008 0.330359
v -0.393193 0.374379 0.324092
v -0.393822 0.374504 0.317575
v -0.393193 0.374379 0.311058
v -0.391328 0.374008 0.304791
v -0.388300 0.373405 0.299016
v -0.384226 0.372595 0.293953
v -0.379261 0.371607 0.289799
v -0.367575 0.367987 0.350340
v -0.373842 0.367987 0.348439
v -0.379617 0.367987 0.345352
v -0.384680 0.367987 0.341197
v -0.388834 0.367987 0.336135
v -0.391921 0.367987 0.330359
v -0.393822 0.367987 0.324092
v -0.394464 0.367987 0.317575
v -0.393822 0.367987 0.311058
v -0.391921 0.367987 0.304791
v -0.388834 0.367987 0.299016
v -0.384680 0.367987 0.293953
v -0.379617 0.367987 0.289799
v -0.367450 0.366715 0.350340
v -0.373596 0.365492 0.348439
v -0.379261 0.364366 0.345352
v -0.384226 0.363378 0.341197
v -0.388300 0.362568 0.336135
v -0.391328 0.361965 0.330359
v -0.393193 0.361594 0.324092
v -0.393822 0.361469 0.317575
v -0.393193 0.361594 0.311058
v -0.391328 0.361965 0.304791
v -0.388300 0.362568 0.299016
v -0.384226 0.363378 0.293953
v -0.379261 0.364366 0.289799
v -0.367079 0.365492 0.350340
v -0.372869 0.363094 0.348439
v -0.378205 0.360884 0.345352
v -0.382882 0.358947 0.341197
v -0.386720 0.357357 0.336135
v -0.389572 0.356176 0.330359
v -0.391328 0.355448 0.324092
v -0.391921 0.355202 0.317575
v -0.391328 0.355448 0.311058
v -0.389572 0.356176 0.304791
v -0.386720 0.357357 0.299016
v -0.382882 0.358947 0.293953
v -0.378205 0.360884 0.289799
v -0.366477 0.364366 0.350340
v -0.371687 0.360884 0.348439
v -0.376490 0.357675 0.345352
v -0.380699 0.354863 0.341197
v -0.384153 0.352555 0.336135
v -0.386720 0.350840 0.330359
v -0.388300 0.349784 0.324092
v -0.388834 0.349427 0.317575
v -0.388300 0.349784 0.311058
v -0.386720 0.350840 0.304791
v -0.384153 0.352555 0.299016
v -0.380699 0.354863 0.293953
v -0.376490 0.357675 0.289799
v -0.365666 0.363378 0.350340
v -0.370097 0.358947 0.348439
v -0.374181 0.354863 0.345352
v -0.377761 0.351283 0.341197
v -0.380699 0.348346 0.336135
v -0.382882 0.346163 0.330359
v -0.384226 0.344819 0.324092
v -0.384680 0.344365 0.317575
v -0.384226 0.344819 0.311058
v -0.382882 0.346163 0.304791
v -0.380699 0.348346 0.299016
v -0.377761 0.351283 0.293953
v -0.374181 0.354863 0.289799
v -0.364679 0.362568 0.350340
v -0.368160 0.357357 0.348439
v -0.371369 0.352555 0.345352
v -0.374181 0.348346 0.341197
v -0.376490 0.344891 0.336135
v -0.378205 0.342325 0.330359
v -0.379261 0.340744 0.324092
v -0.379617 0.340210 0.317575
v -0.379261 0.340744 0.311058
v -0.378205 0.342325 0.304791
v -0.376490 0.344891 0.299016
v -0.374181 0.348346 0.293953
v -0.371369 0.352555 0.289799
v -0.363552 0.361965 0.350340
v -0.365950 0.356176 0.348439
v -0.368160 0.350840 0.345352
v -0.370097 0.346163 0.341197
v -0.371687 0.342325 0.336135
v -0.372869 0.339472 0.330359
v -0.373596 0.337716 0.324092
v -0.373842 0.337123 0.317575
v -0.373596 0.337716 0.311058
v -0.372869 0.339472 0.304791
v -0.371687 0.342325 0.299016
v -0.370097 0.346163 0.293953
v -0.368160 0.350840 0.289799
v -0.362329 0.361594 0.350340
v -0.363552 0.355448 0.348439
v -0.364679 0.349784 0.345352
v -0.365666 0.344819 0.341197
v -0.366477 0.340744 0.336135
v -0.367079 0.337716 0.330359
v -0.367450 0.335852 0.324092
v -0.367575 0.335222 0.317575
v -0.367450 0.335852 0.311058
v -0.367079 0.337716 0.304791
v -0.366477 0.340744 0.299016
v -0.365666 0.344819 0.293953
v -0.364679 0.349784 0.289799
v -0.361058 0.361469 0.350340
v -0.361058 0.355202 0.348439
v -0.361058 0.349427 0.345352
v -0.361058 0.344365 0.341197
v -0.361058 0.340210 0.336135
v -0.361058 0.337123 0.330359
v -0.361058 0.335222 0.324092
v -0.361058 0.334580 0.317575
v -0.361058 0.335222 0.311058
v -0.361058 0.337123 0.304791
v -0.361058 0.340210 0.299016
v -0.361058 0.344365 0.293953
v -0.361058 0.349427 0.289799
v -0.359786 0.361594 0.350340
v -0.358564 0.355448 0.348439
v -0.357437 0.349784 0.345352
v -0.356449 0.344819 0.341197
v -0.355639 0.340744 0.336135
v -0.355037 0.337716 0.330359
v -0.354666 0.335852 0.324092
v -0.354541 0.335222 0.317575
v -0.354666 0.335852 0.311058
v -0.355037 0.337716 0.304791
v -0.355639 0.340744 0.299016
v -0.356449 0.344819 0.293953
v -0.357437 0.349784 0.289799
v -0.358564 0.361965 0.350340
v -0.356166 0.356176 0.348439
v -0.353955 0.350840 0.345352
v -0.352018 0.346163 0.341197
v -0.350428 0.342325 0.336135
v -0.349247 0.339472 0.330359
v -0.348519 0.337716 0.324092
v -0.348274 0.337123 0.317575
v -0.348519 0.337716 0.311058
v -0.349247 0.339472 0.304791
v -0.350428 0.342325 0.299016
v -0.352018 0.346163 0.293953
v -0.353955 0.350840 0.289799
v -0.357437 0.362568 0.350340
v -0.353955 0.357357 0.348439
v -0.350747 0.352555 0.345352
v -0.347934 0.348346 0.341197
v -0.345626 0.344891 0.336135
v -0.343911 0.342325 0.330359
v -0.342855 0.340744 0.324092
v -0.342498 0.340210 0.317575
v -0.342855 0.340744 0.311058
v -0.343911 0.342325 0.304791
v -0.345626 0.344891 0.299016
v -0.347934 0.348346 0.293953
v -0.350747 0.352555 0.289799
v -0.361058 0.367987 0.350982
v -0.356449 0.363378 0.350340
v -0.352018 0.358947 0.348439
v -0.347934 0.354863 0.345352
v -0.344355 0.351283 0.341197
v -0.341417 0.348346 0.336135
v -0.339234 0.346163 0.330359
v -0.337890 0.344819 0.324092
v -0.337436 0.344365 0.317575
v -0.337890 0.344819 0.311058
v -0.339234 0.346163 0.304791
v -0.341417 0.348346 0.299016
v -0.344355 0.351283 0.293953
v -0.347934 0.354863 0.289799
v -0.355639 0.364366 0.350340
v -0.350428 0.360884 0.348439
v -0.345626 0.357675 0.345352
v -0.341417 0.354863 0.341197
v -0.337963 0.352555 0.336135
v -0.335396 0.350840 0.330359
v -0.333815 0.349784 0.324092
v -0.333281 0.349427 0.317575
v -0.333815 0.349784 0.311058
v -0.335396 0.350840 0.304791
v -0.337963 0.352555 0.299016
v -0.341417 0.354863 0.293953
v -0.345626 0.357675 0.289799
v -0.355037 0.365492 0.350340
v -0.349247 0.363094 0.348439
v -0.343911 0.360884 0.345352
v -0.339234 0.358947 0.341197
v -0.335396 0.357357 0.336135
v -0.332544 0.356176 0.330359
v -0.330787 0.355448 0.324092
v -0.330194 0.355202 0.317575
v -0.330787 0.355448 0.311058
v -0.332544 0.356176 0.304791
v -0.335396 0.357357 0.299016
v -0.339234 0.358947 0.293953
v -0.343911 0.360884 0.289799
v -0.354666 0.366715 0.350340
v -0.348519 0.365492 0.348439
v -0.342855 0.364366 0.345352
v -0.337890 0.363378 0.341197
v -0.333815 0.362568 0.336135
v -0.330787 0.361965 0.330359
v -0.328923 0.361595 0.324092
v -0.328293 0.361469 0.317575
v -0.328923 0.361595 0.311058
v -0.330787 0.361965 0.304791
v -0.333815 0.362568 0.299016
v -0.337890 0.363378 0.293953
v -0.342855 0.364366 0.289799
v -0.354541 0.367987 0.350340
v -0.348274 0.367987 0.348439
v -0.342498 0.367987 0.345352
v -0.337436 0.367987 0.341197
v -0.333281 0.367987 0.336135
v -0.330194 0.367987 0.330359
v -0.328293 0.367987 0.324092
v -0.327651 0.367987 0.317575
v -0.328293 0.367987 0.311058
v -0.330194 0.367987 0.304791
v -0.333281 0.367987 0.299016
v -0.337436 0.367987 0.293953
v -0.342498 0.367987 0.289799
v -0.354666 0.369258 0.350340
v -0.348519 0.370481 0.348439
v -0.342855 0.371607 0.345352
v -0.337890 0.372595 0.341197
v -0.333815 0.373405 0.336135
v -0.330787 0.374008 0.330359
v -0.328923 0.374379 0.324092
v -0.328293 0.374504 0.317575
v -0.328923 0.374379 0.311058
v -0.330787 0.374008 0.304791
v -0.333815 0.373405 0.299016
v -0.337890 0.372595 0.293953
v -0.342855 0.371607 0.289799
v -0.355037 0.370481 0.350340
v -0.349247 0.372879 0.348439
v -0.343911 0.375089 0.345352
v -0.339234 0.377026 0.341197
v -0.335396 0.378616 0.336135
v -0.332544 0.379797 0.330359
v -0.330787 0.380525 0.324092
v -0.330194 0.380771 0.317575
v -0.330787 0.380525 0.311058
v -0.332544 0.379797 0.304791
v -0.335396 0.378616 0.299016
v -0.339234 0.377026 0.293953
v -0.343911 0.375089 0.289799
v -0.355639 0.371607 0.350340
v -0.350428 0.375089 0.348439
v -0.345626 0.378298 0.345352
v -0.341417 0.381110 0.341197
v -0.337963 0.383418 0.336135
v -0.335396 0.385133 0.330359
v -0.333815 0.386189 0.324092
v -0.333281 0.386546 0.317575
v -0.333815 0.386189 0.311058
v -0.335396 0.385133 0.304791
v -0.337963 0.383418 0.299016
v -0.341417 0.381110 0.293953
v -0.345626 0.378298 0.289799
v -0.356449 0.372595 0.350340
v -0.352018 0.377026 0.348439
v -0.347934 0.381110 0.345352
v -0.344355 0.384690 0.341197
v -0.341417 0.387627 0.336135
v -0.339234 0.389810 0.330359
v -0.337890 0.391154 0.324092
v -0.337436 0.391608 0.317575
v -0.337890 0.391154 0.311058
v -0.339234 0.389810 0.304791
v -0.341417 0.387627 0.299016
v -0.344355 0.384690 0.293953
v -0.347934 0.381110 0.289799
v -0.357437 0.373405 0.350340
v -0.353955 0.378616 0.348439
v -0.350747 0.383418 0.345352
v -0.347934 0.387627 0.341197
v -0.345626 0.391082 0.336135
v -0.343911 0.393649 0.330359
v -0.342855 0.395229 0.324092
v -0.342498 0.395763 0.317575
v -0.342855 0.395229 0.311058
v -0.343911 0.393649 0.304791
v -0.345626 0.391082 0.299016
v -0.347934 0.387627 0.293953
v -0.350747 0.383418 0.289799
v -0.358564 0.374008 0.350340
v -0.356166 0.379797 0.348439
v -0.353955 0.385133 0.345352
v -0.352018 0.389810 0.341197
v -0.350428 0.393649 0.336135
v -0.349247 0.396501 0.330359
v -0.348519 0.398257 0.324092
v -0.348274 0.398850 0.317575
v -0.348519 0.398257 0.311058
v -0.349247 0.396501 0.304791
v -0.350428 0.393649 0.299016
v -0.352018 0.389810 0.293953
v -0.353955 0.385133 0.289799
v -0.359786 0.374379 0.350340
v -0.358564 0.380525 0.348439
v -0.357437 0.386189 0.345352
v -0.356449 0.391155 0.341197
v -0.355639 0.395229 0.336135
v -0.355037 0.398257 0.330359
v -0.354666 0.400121 0.324092
v -0.354541 0.400751 0.317575
v -0.354666 0.400121 0.311058
v -0.355037 0.398257 0.304791
v -0.355639 0.395229 0.299016
v -0.356449 0.391155 0.293953
v -0.357437 0.386189 0.289799
v -0.361058 0.398850 0.304791
v -0.361058 0.395763 0.299016
v -0.361058 0.391608 0.293953
v -0.364679 0.386190 0.272889
v -0.361058 0.386546 0.272889
v -0.368160 0.385133 0.272889
v -0.371369 0.383418 0.272889
v -0.374181 0.381110 0.272889
v -0.376490 0.378298 0.272889
v -0.378205 0.375089 0.272889
v -0.379261 0.371607 0.272889
v -0.379617 0.367987 0.272889
v -0.379261 0.364366 0.272889
v -0.378205 0.360884 0.272889
v -0.376490 0.357675 0.272889
v -0.374181 0.354863 0.272889
v -0.371369 0.352555 0.272889
v -0.368160 0.350840 0.272889
v -0.364679 0.349784 0.272889
v -0.361058 0.349427 0.272889
v -0.357437 0.349784 0.272889
v -0.353955 0.350840 0.272889
v -0.350747 0.352555 0.272889
v -0.347934 0.354863 0.272889
v -0.345626 0.357675 0.272889
v -0.343911 0.360884 0.272889
v -0.342855 0.364366 0.272889
v -0.342498 0.367987 0.272889
v -0.342855 0.371607 0.272889
v -0.343911 0.375089 0.272889
v -0.345626 0.378298 0.272889
v -0.347934 0.381110 0.272889
v -0.350747 0.383418 0.272889
v -0.353955 0.385133 0.272889
v -0.357437 0.386189 0.272889
v 0.361058 0.386546 0.289799
v 0.364679 0.386189 0.289799
v 0.368160 0.385133 0.289799
v 0.371369 0.383418 0.289799
v 0.374181 0.381110 0.289799
v 0.376490 0.378298 0.289799
v 0.378205 0.375089 0.289799
v 0.379261 0.371607 0.289799
v 0.379617 0.367987 0.289799
v 0.379261 0.364366 0.289799
v 0.378205 0.360884 0.289799
v 0.376490 0.357675 0.289799
v 0.374181 0.354863 0.289799
v 0.371369 0.352555 0.289799
v 0.368160 0.350840 0.289799
v 0.364679 0.349784 0.289799
v 0.361058 0.349427 0.289799
v 0.357437 0.349784 0.289799
v 0.353955 0.350840 0.289799
v 0.350747 0.352555 0.289799
v 0.347934 0.354863 0.289799
v 0.345626 0.357675 0.289799
v 0.343911 0.360884 0.289799
v 0.342855 0.364366 0.289799
v 0.342498 0.367987 0.289799
v 0.342855 0.371607 0.289799
v 0.343911 0.375089 0.289799
v 0.345626 0.378298 0.289799
v 0.347934 0.381110 0.289799
v 0.350747 0.383418 0.289799
v 0.353955 0.385133 0.289799
v 0.357437 0.386189 0.289799
v -0.361058 0.386546 0.289799
v -0.364679 0.386190 0.289799
v -0.368160 0.385133 0.289799
v -0.371369 0.383418 0.289799
v -0.374181 0.381110 0.289799
v -0.376490 0.378298 0.289799
v -0.378205 0.375089 0.289799
v -0.379261 0.371607 0.289799
v -0.379617 0.367987 0.289799
v -0.379261 0.364366 0.289799
v -0.378205 0.360884 0.289799
v -0.376490 0.357675 0.289799
v -0.374181 0.354863 0.289799
v -0.371369 0.352555 0.289799
v -0.368160 0.350840 0.289799
v -0.364679 0.349784 0.289799
v -0.361058 0.349427 0.289799
v -0.357437 0.349784 0.289799
v -0.353955 0.350840 0.289799
v -0.350747 0.352555 0.289799
v -0.347934 0.354863 0.289799
v -0.345626 0.357675 0.289799
v -0.343911 0.360884 0.289799
v -0.342855 0.364366 0.289799
v -0.342498 0.367987 0.289799
v -0.342855 0.371607 0.289799
v -0.343911 0.375089 0.289799
v -0.345626 0.378298 0.289799
v -0.347934 0.381110 0.289799
v -0.350747 0.383418 0.289799
v -0.353955 0.385133 0.289799
v -0.357437 0.386189 0.289799
vt 0.370172 0.329073
vt 0.370440 0.329101
vt 0.370441 0.329334
vt 0.370171 0.329359
vt 0.369851 0.329039
vt 0.369850 0.329388
vt 0.371449 0.329203
vt 0.371625 0.329224
vt 0.371450 0.329238
vt 0.369457 0.328999
vt 0.369456 0.329425
vt 0.371271 0.329186
vt 0.371272 0.329256
vt 0.368947 0.328949
vt 0.368951 0.329474
vt 0.371086 0.329167
vt 0.371087 0.329274
vt 0.368281 0.328882
vt 0.368269 0.329544
vt 0.370890 0.329147
vt 0.370891 0.329292
vt 0.367241 0.328799
vt 0.367241 0.329662
vt 0.370677 0.329125
vt 0.370678 0.329312
vt 0.365455 0.328700
vt 0.365472 0.329911
vt 0.367410 0.330509
vt 0.365723 0.331097
vt 0.370715 0.329495
vt 0.370487 0.329563
vt 0.370226 0.329640
vt 0.369917 0.329731
vt 0.371457 0.329272
vt 0.369539 0.329843
vt 0.371286 0.329324
vt 0.369053 0.329990
vt 0.371108 0.329378
vt 0.368394 0.330194
vt 0.370920 0.329434
vt 0.371470 0.329304
vt 0.371313 0.329388
vt 0.369701 0.330238
vt 0.369253 0.330476
vt 0.371149 0.329475
vt 0.368644 0.330806
vt 0.370975 0.329568
vt 0.367740 0.331308
vt 0.370786 0.329667
vt 0.366200 0.332213
vt 0.370576 0.329778
vt 0.370335 0.329904
vt 0.370050 0.330054
vt 0.370890 0.329822
vt 0.370705 0.329972
vt 0.370493 0.330143
vt 0.370243 0.330345
vt 0.371490 0.329333
vt 0.369937 0.330594
vt 0.371352 0.329446
vt 0.369544 0.330915
vt 0.371209 0.329563
vt 0.369010 0.331358
vt 0.371056 0.329688
vt 0.368221 0.332027
vt 0.366885 0.333215
vt 0.370237 0.330897
vt 0.369915 0.331289
vt 0.371401 0.329495
vt 0.371284 0.329638
vt 0.369477 0.331828
vt 0.371159 0.329790
vt 0.368832 0.332638
vt 0.371022 0.329954
vt 0.367753 0.334065
vt 0.370870 0.330137
vt 0.370696 0.330346
vt 0.370490 0.330593
vt 0.371514 0.329357
vt 0.371064 0.330267
vt 0.370934 0.330506
vt 0.370780 0.330788
vt 0.371543 0.329376
vt 0.370591 0.331136
vt 0.371460 0.329533
vt 0.370351 0.331583
vt 0.371372 0.329697
vt 0.370026 0.332198
vt 0.371279 0.329870
vt 0.369552 0.333119
vt 0.371178 0.330058
vt 0.368771 0.334731
vt 0.370837 0.331787
vt 0.370638 0.332454
vt 0.371471 0.329737
vt 0.371413 0.329925
vt 0.370352 0.333451
vt 0.371350 0.330129
vt 0.369901 0.335185
vt 0.371279 0.330356
vt 0.371198 0.330616
vt 0.371102 0.330923
vt 0.371575 0.329389
vt 0.370986 0.331301
vt 0.371524 0.329560
vt 0.371479 0.330673
vt 0.371445 0.330993
vt 0.371609 0.329396
vt 0.371404 0.331385
vt 0.371593 0.329573
vt 0.371354 0.331890
vt 0.371575 0.329757
vt 0.371287 0.332588
vt 0.371555 0.329953
vt 0.371202 0.333621
vt 0.371533 0.330165
vt 0.371098 0.335410
vt 0.371508 0.330402
vt 0.371681 0.329757
vt 0.371700 0.329952
vt 0.371950 0.332597
vt 0.372069 0.333621
vt 0.371720 0.330165
vt 0.372318 0.335396
vt 0.371741 0.330402
vt 0.371766 0.330673
vt 0.371795 0.330994
vt 0.371644 0.329395
vt 0.371832 0.331387
vt 0.371662 0.329572
vt 0.371881 0.331889
vt 0.372047 0.330618
vt 0.372139 0.330927
vt 0.371678 0.329388
vt 0.372252 0.331306
vt 0.371731 0.329558
vt 0.372400 0.331797
vt 0.371785 0.329735
vt 0.372598 0.332452
vt 0.371842 0.329924
vt 0.372920 0.333448
vt 0.371903 0.330128
vt 0.373511 0.335144
vt 0.371970 0.330357
vt 0.373217 0.332208
vt 0.373721 0.333116
vt 0.371975 0.329868
vt 0.372075 0.330057
vt 0.374633 0.334663
vt 0.372186 0.330267
vt 0.372313 0.330509
vt 0.372462 0.330794
vt 0.371710 0.329375
vt 0.372647 0.331143
vt 0.371795 0.329531
vt 0.372887 0.331592
vt 0.371883 0.329694
vt 0.371738 0.329355
vt 0.372754 0.330600
vt 0.373003 0.330906
vt 0.371853 0.329492
vt 0.373323 0.331295
vt 0.371971 0.329635
vt 0.373776 0.331850
vt 0.372095 0.329787
vt 0.374443 0.332634
vt 0.372230 0.329953
vt 0.375639 0.333972
vt 0.372380 0.330138
vt 0.372551 0.330350
vt 0.372197 0.329685
vt 0.372362 0.329821
vt 0.375055 0.332017
vt 0.376490 0.333096
vt 0.372545 0.329973
vt 0.372755 0.330147
vt 0.373002 0.330353
vt 0.371763 0.329331
vt 0.373307 0.330605
vt 0.371902 0.329443
vt 0.373700 0.330927
vt 0.372045 0.329560
vt 0.374239 0.331375
vt 0.373198 0.330063
vt 0.373546 0.330250
vt 0.371782 0.329302
vt 0.371940 0.329384
vt 0.373996 0.330490
vt 0.372104 0.329471
vt 0.374605 0.330821
vt 0.372277 0.329564
vt 0.375533 0.331293
vt 0.372465 0.329665
vt 0.377153 0.332071
vt 0.372675 0.329779
vt 0.372914 0.329909
vt 0.375861 0.330490
vt 0.377603 0.330937
vt 0.372536 0.329493
vt 0.372764 0.329563
vt 0.373024 0.329644
vt 0.373333 0.329740
vt 0.371795 0.329270
vt 0.373711 0.329856
vt 0.371966 0.329320
vt 0.374203 0.330004
vt 0.372144 0.329373
vt 0.374852 0.330205
vt 0.372332 0.329430
vt 0.373795 0.329436
vt 0.374298 0.329486
vt 0.371979 0.329251
vt 0.372164 0.329269
vt 0.375000 0.329556
vt 0.372360 0.329288
vt 0.376029 0.329639
vt 0.372572 0.329310
vt 0.377823 0.329737
vt 0.372809 0.329335
vt 0.373081 0.329363
vt 0.373402 0.329396
vt 0.371801 0.329235
vt 0.372809 0.329101
vt 0.373081 0.329076
vt 0.373402 0.329046
vt 0.371801 0.329201
vt 0.373797 0.329009
vt 0.371979 0.329182
vt 0.374307 0.328958
vt 0.372164 0.329163
vt 0.374987 0.328892
vt 0.372359 0.329144
vt 0.376026 0.328770
vt 0.372572 0.329123
vt 0.377805 0.328517
vt 0.371965 0.329113
vt 0.372142 0.329059
vt 0.374197 0.328442
vt 0.374872 0.328237
vt 0.372330 0.329002
vt 0.375855 0.327919
vt 0.372535 0.328941
vt 0.377550 0.327324
vt 0.372764 0.328873
vt 0.373025 0.328795
vt 0.373335 0.328703
vt 0.371794 0.329167
vt 0.373714 0.328589
vt 0.372674 0.328657
vt 0.372916 0.328530
vt 0.373202 0.328379
vt 0.371781 0.329135
vt 0.373552 0.328193
vt 0.371938 0.329049
vt 0.374004 0.327951
vt 0.372101 0.328961
vt 0.374605 0.327630
vt 0.372274 0.328869
vt 0.375519 0.327118
vt 0.372464 0.328768
vt 0.377066 0.326203
vt 0.373707 0.327514
vt 0.374244 0.327071
vt 0.372042 0.328873
vt 0.372195 0.328748
vt 0.375036 0.326398
vt 0.372359 0.328614
vt 0.376374 0.325198
vt 0.372543 0.328465
vt 0.372757 0.328290
vt 0.373007 0.328087
vt 0.371761 0.329106
vt 0.373314 0.327838
vt 0.371899 0.328991
vt 0.372554 0.328087
vt 0.372760 0.327839
vt 0.371736 0.329082
vt 0.373011 0.327535
vt 0.371849 0.328942
vt 0.373331 0.327144
vt 0.371967 0.328799
vt 0.373782 0.326594
vt 0.372092 0.328646
vt 0.374422 0.325784
vt 0.372228 0.328482
vt 0.375498 0.324348
vt 0.372381 0.328300
vt 0.371879 0.328740
vt 0.371972 0.328566
vt 0.373223 0.326237
vt 0.373697 0.325305
vt 0.372073 0.328378
vt 0.374473 0.323685
vt 0.372187 0.328169
vt 0.372315 0.327928
vt 0.374633 0.334663
vt 0.375639 0.333972
vt 0.382327 0.342298
vt 0.379561 0.344132
vt 0.372469 0.327645
vt 0.371707 0.329063
vt 0.366117 0.326380
vt 0.365672 0.327508
vt 0.355551 0.324367
vt 0.356794 0.321332
vt 0.372657 0.327296
vt 0.371791 0.328904
vt 0.372897 0.326844
vt 0.372050 0.327819
vt 0.372145 0.327511
vt 0.371675 0.329050
vt 0.368771 0.334731
vt 0.369901 0.335185
vt 0.366690 0.345332
vt 0.363648 0.344049
vt 0.372261 0.327133
vt 0.371727 0.328878
vt 0.372407 0.326650
vt 0.371780 0.328700
vt 0.372615 0.325967
vt 0.371838 0.328511
vt 0.372895 0.324975
vt 0.371901 0.328307
vt 0.373337 0.323236
vt 0.371972 0.328079
vt 0.376374 0.325198
vt 0.375498 0.324348
vt 0.382324 0.316127
vt 0.384679 0.318469
vt 0.377805 0.328517
vt 0.377550 0.327324
vt 0.387804 0.324295
vt 0.388454 0.327553
vt 0.371963 0.325845
vt 0.372043 0.324810
vt 0.371696 0.328483
vt 0.371718 0.328270
vt 0.372136 0.323019
vt 0.371743 0.328032
vt 0.377153 0.332071
vt 0.377603 0.330937
vt 0.387804 0.334131
vt 0.386530 0.337198
vt 0.371769 0.327763
vt 0.365455 0.328700
vt 0.365472 0.329911
vt 0.354917 0.330862
vt 0.354918 0.327584
vt 0.371803 0.327442
vt 0.371641 0.329044
vt 0.372318 0.335396
vt 0.373511 0.335144
vt 0.376492 0.345388
vt 0.373238 0.346018
vt 0.371842 0.327049
vt 0.371658 0.328865
vt 0.371891 0.326543
vt 0.371676 0.328680
vt 0.367615 0.324483
vt 0.366772 0.325358
vt 0.358603 0.318591
vt 0.360913 0.316248
vt 0.371453 0.327442
vt 0.371415 0.327048
vt 0.371607 0.329044
vt 0.371588 0.328865
vt 0.371364 0.326542
vt 0.371570 0.328680
vt 0.371300 0.325847
vt 0.371551 0.328484
vt 0.371176 0.324816
vt 0.371531 0.328271
vt 0.370918 0.323042
vt 0.371510 0.328035
vt 0.370918 0.323042
vt 0.369728 0.323302
vt 0.366676 0.313107
vt 0.369913 0.312435
vt 0.371483 0.327762
vt 0.366885 0.333215
vt 0.367753 0.334065
vt 0.360920 0.342200
vt 0.358607 0.339859
vt 0.370328 0.324991
vt 0.369728 0.323302
vt 0.371348 0.328307
vt 0.371280 0.328078
vt 0.373337 0.323236
vt 0.372136 0.323019
vt 0.373226 0.312408
vt 0.376483 0.313036
vt 0.371202 0.327819
vt 0.376490 0.333096
vt 0.384681 0.339956
vt 0.371110 0.327510
vt 0.371573 0.329051
vt 0.365723 0.331097
vt 0.355550 0.334080
vt 0.370996 0.327131
vt 0.371520 0.328879
vt 0.370847 0.326645
vt 0.371466 0.328701
vt 0.370650 0.325978
vt 0.371409 0.328513
vt 0.371541 0.329064
vt 0.371456 0.328906
vt 0.370601 0.327294
vt 0.370360 0.326847
vt 0.371368 0.328742
vt 0.370038 0.326231
vt 0.371276 0.328568
vt 0.369530 0.325328
vt 0.371176 0.328379
vt 0.368613 0.323789
vt 0.371066 0.328169
vt 0.377823 0.329737
vt 0.388454 0.330874
vt 0.370936 0.327927
vt 0.371098 0.335410
vt 0.369928 0.345998
vt 0.370786 0.327643
vt 0.368613 0.323789
vt 0.363637 0.314396
vt 0.371021 0.328483
vt 0.370870 0.328297
vt 0.377066 0.326203
vt 0.386529 0.321228
vt 0.370699 0.328088
vt 0.366200 0.332213
vt 0.356795 0.337117
vt 0.370496 0.327837
vt 0.371512 0.329084
vt 0.370246 0.327531
vt 0.371398 0.328945
vt 0.369922 0.327140
vt 0.371281 0.328802
vt 0.369487 0.326599
vt 0.371156 0.328649
vt 0.368813 0.325813
vt 0.367615 0.324483
vt 0.369943 0.327833
vt 0.369550 0.327512
vt 0.371349 0.328995
vt 0.371206 0.328877
vt 0.369019 0.327068
vt 0.371054 0.328752
vt 0.368205 0.326428
vt 0.370889 0.328615
vt 0.366772 0.325358
vt 0.370706 0.328463
vt 0.374473 0.323685
vt 0.379556 0.314292
vt 0.370496 0.328290
vt 0.370248 0.328084
vt 0.371488 0.329108
vt 0.370577 0.328657
vt 0.370337 0.328527
vt 0.370053 0.328374
vt 0.371469 0.329137
vt 0.369706 0.328187
vt 0.371311 0.329053
vt 0.369258 0.327949
vt 0.371148 0.328965
vt 0.368652 0.327618
vt 0.370974 0.328872
vt 0.367730 0.327150
vt 0.370786 0.328771
vt 0.366117 0.326380
vt 0.371285 0.329117
vt 0.371108 0.329063
vt 0.369055 0.328434
vt 0.368401 0.328231
vt 0.370920 0.329006
vt 0.367404 0.327951
vt 0.370716 0.328943
vt 0.365672 0.327508
vt 0.370488 0.328873
vt 0.370226 0.328792
vt 0.369919 0.328697
vt 0.371456 0.329169
vt 0.369541 0.328581
vt 0.370172 0.329073
vt 0.370171 0.329359
vt 0.370441 0.329334
vt 0.370440 0.329101
vt 0.369851 0.329039
vt 0.369850 0.329388
vt 0.371449 0.329203
vt 0.371450 0.329238
vt 0.371625 0.329224
vt 0.369457 0.328999
vt 0.369456 0.329425
vt 0.371271 0.329186
vt 0.371272 0.329256
vt 0.368947 0.328949
vt 0.368951 0.329474
vt 0.371086 0.329167
vt 0.371087 0.329274
vt 0.368281 0.328882
vt 0.368269 0.329544
vt 0.370890 0.329147
vt 0.370891 0.329292
vt 0.367241 0.328799
vt 0.367241 0.329662
vt 0.370677 0.329125
vt 0.370678 0.329312
vt 0.365455 0.328700
vt 0.365472 0.329911
vt 0.365723 0.331097
vt 0.367410 0.330509
vt 0.370487 0.329563
vt 0.370715 0.329495
vt 0.370226 0.329640
vt 0.369917 0.329731
vt 0.371457 0.329272
vt 0.369539 0.329843
vt 0.371286 0.329324
vt 0.369053 0.329990
vt 0.371108 0.329378
vt 0.368394 0.330194
vt 0.370920 0.329434
vt 0.371313 0.329388
vt 0.371470 0.329304
vt 0.369253 0.330476
vt 0.369701 0.330238
vt 0.371149 0.329475
vt 0.368644 0.330806
vt 0.370975 0.329568
vt 0.367740 0.331308
vt 0.370786 0.329667
vt 0.366200 0.332213
vt 0.370576 0.329778
vt 0.370335 0.329904
vt 0.370050 0.330054
vt 0.370705 0.329972
vt 0.370890 0.329822
vt 0.370493 0.330143
vt 0.370243 0.330345
vt 0.371490 0.329333
vt 0.369937 0.330594
vt 0.371352 0.329446
vt 0.369544 0.330915
vt 0.371209 0.329563
vt 0.369010 0.331358
vt 0.371056 0.329688
vt 0.368221 0.332027
vt 0.366885 0.333215
vt 0.369915 0.331289
vt 0.370237 0.330897
vt 0.371284 0.329638
vt 0.371401 0.329495
vt 0.369477 0.331828
vt 0.371159 0.329790
vt 0.368832 0.332638
vt 0.371022 0.329954
vt 0.367753 0.334065
vt 0.370870 0.330137
vt 0.370696 0.330346
vt 0.370490 0.330593
vt 0.371514 0.329357
vt 0.370934 0.330506
vt 0.371064 0.330267
vt 0.370780 0.330788
vt 0.371543 0.329376
vt 0.370591 0.331136
vt 0.371460 0.329533
vt 0.370351 0.331583
vt 0.371372 0.329697
vt 0.370026 0.332198
vt 0.371279 0.329870
vt 0.369552 0.333119
vt 0.371178 0.330058
vt 0.368771 0.334731
vt 0.370638 0.332454
vt 0.370837 0.331787
vt 0.371413 0.329925
vt 0.371471 0.329737
vt 0.370352 0.333451
vt 0.371350 0.330129
vt 0.369901 0.335185
vt 0.371279 0.330356
vt 0.371198 0.330616
vt 0.371102 0.330923
vt 0.371575 0.329389
vt 0.370986 0.331301
vt 0.371524 0.329560
vt 0.371445 0.330993
vt 0.371479 0.330673
vt 0.371609 0.329396
vt 0.371404 0.331385
vt 0.371593 0.329573
vt 0.371354 0.331890
vt 0.371575 0.329757
vt 0.371287 0.332588
vt 0.371555 0.329953
vt 0.371202 0.333621
vt 0.371533 0.330165
vt 0.371098 0.335410
vt 0.371508 0.330402
vt 0.371700 0.329952
vt 0.371681 0.329757
vt 0.372069 0.333621
vt 0.371950 0.332597
vt 0.371720 0.330165
vt 0.372318 0.335396
vt 0.371741 0.330402
vt 0.371766 0.330673
vt 0.371795 0.330994
vt 0.371644 0.329395
vt 0.371832 0.331387
vt 0.371662 0.329572
vt 0.371881 0.331889
vt 0.372139 0.330927
vt 0.372047 0.330618
vt 0.371678 0.329388
vt 0.372252 0.331306
vt 0.371731 0.329558
vt 0.372400 0.331797
vt 0.371785 0.329735
vt 0.372598 0.332452
vt 0.371842 0.329924
vt 0.372920 0.333448
vt 0.371903 0.330128
vt 0.373511 0.335144
vt 0.371970 0.330357
vt 0.373721 0.333116
vt 0.373217 0.332208
vt 0.372075 0.330057
vt 0.371975 0.329868
vt 0.374633 0.334663
vt 0.372186 0.330267
vt 0.372313 0.330509
vt 0.372462 0.330794
vt 0.371710 0.329375
vt 0.372647 0.331143
vt 0.371795 0.329531
vt 0.372887 0.331592
vt 0.371883 0.329694
vt 0.371738 0.329355
vt 0.373003 0.330906
vt 0.372754 0.330600
vt 0.371853 0.329492
vt 0.373323 0.331295
vt 0.371971 0.329635
vt 0.373776 0.331850
vt 0.372095 0.329787
vt 0.374443 0.332634
vt 0.372230 0.329953
vt 0.375639 0.333972
vt 0.372380 0.330138
vt 0.372551 0.330350
vt 0.372362 0.329821
vt 0.372197 0.329685
vt 0.376490 0.333096
vt 0.375055 0.332017
vt 0.372545 0.329973
vt 0.372755 0.330147
vt 0.373002 0.330353
vt 0.371763 0.329331
vt 0.373307 0.330605
vt 0.371902 0.329443
vt 0.373700 0.330927
vt 0.372045 0.329560
vt 0.374239 0.331375
vt 0.373546 0.330250
vt 0.373198 0.330063
vt 0.371940 0.329384
vt 0.371782 0.329302
vt 0.373996 0.330490
vt 0.372104 0.329471
vt 0.374605 0.330821
vt 0.372277 0.329564
vt 0.375533 0.331293
vt 0.372465 0.329665
vt 0.377153 0.332071
vt 0.372675 0.329779
vt 0.372914 0.329909
vt 0.377603 0.330937
vt 0.375861 0.330490
vt 0.372764 0.329563
vt 0.372536 0.329493
vt 0.373024 0.329644
vt 0.373333 0.329740
vt 0.371795 0.329270
vt 0.373711 0.329856
vt 0.371966 0.329320
vt 0.374203 0.330004
vt 0.372144 0.329373
vt 0.374852 0.330205
vt 0.372332 0.329430
vt 0.374298 0.329486
vt 0.373795 0.329436
vt 0.372164 0.329269
vt 0.371979 0.329251
vt 0.375000 0.329556
vt 0.372360 0.329288
vt 0.376029 0.329639
vt 0.372572 0.329310
vt 0.377823 0.329737
vt 0.372809 0.329335
vt 0.373081 0.329363
vt 0.373402 0.329396
vt 0.371801 0.329235
vt 0.373081 0.329076
vt 0.372809 0.329101
vt 0.373402 0.329046
vt 0.371801 0.329201
vt 0.373797 0.329009
vt 0.371979 0.329182
vt 0.374307 0.328958
vt 0.372164 0.329163
vt 0.374987 0.328892
vt 0.372359 0.329144
vt 0.376026 0.328770
vt 0.372572 0.329123
vt 0.377805 0.328517
vt 0.372142 0.329059
vt 0.371965 0.329113
vt 0.374872 0.328237
vt 0.374197 0.328442
vt 0.372330 0.329002
vt 0.375855 0.327919
vt 0.372535 0.328941
vt 0.377550 0.327324
vt 0.372764 0.328873
vt 0.373025 0.328795
vt 0.373335 0.328703
vt 0.371794 0.329167
vt 0.373714 0.328589
vt 0.372916 0.328530
vt 0.372674 0.328657
vt 0.373202 0.328379
vt 0.371781 0.329135
vt 0.373552 0.328193
vt 0.371938 0.329049
vt 0.374004 0.327951
vt 0.372101 0.328961
vt 0.374605 0.327630
vt 0.372274 0.328869
vt 0.375519 0.327118
vt 0.372464 0.328768
vt 0.377066 0.326203
vt 0.374244 0.327071
vt 0.373707 0.327514
vt 0.372195 0.328748
vt 0.372042 0.328873
vt 0.375036 0.326398
vt 0.372359 0.328614
vt 0.376374 0.325198
vt 0.372543 0.328465
vt 0.372757 0.328290
vt 0.373007 0.328087
vt 0.371761 0.329106
vt 0.373314 0.327838
vt 0.371899 0.328991
vt 0.372760 0.327839
vt 0.372554 0.328087
vt 0.371736 0.329082
vt 0.373011 0.327535
vt 0.371849 0.328942
vt 0.373331 0.327144
vt 0.371967 0.328799
vt 0.373782 0.326594
vt 0.372092 0.328646
vt 0.374422 0.325784
vt 0.372228 0.328482
vt 0.375498 0.324348
vt 0.372381 0.328300
vt 0.371972 0.328566
vt 0.371879 0.328740
vt 0.373697 0.325305
vt 0.373223 0.326237
vt 0.372073 0.328378
vt 0.374473 0.323685
vt 0.372187 0.328169
vt 0.372315 0.327928
vt 0.374633 0.334663
vt 0.379561 0.344132
vt 0.382327 0.342298
vt 0.375639 0.333972
vt 0.372469 0.327645
vt 0.371707 0.329063
vt 0.366117 0.326380
vt 0.356794 0.321332
vt 0.355551 0.324367
vt 0.365672 0.327508
vt 0.372657 0.327296
vt 0.371791 0.328904
vt 0.372897 0.326844
vt 0.372145 0.327511
vt 0.372050 0.327819
vt 0.371675 0.329050
vt 0.368771 0.334731
vt 0.363648 0.344049
vt 0.366690 0.345332
vt 0.369901 0.335185
vt 0.372261 0.327133
vt 0.371727 0.328878
vt 0.372407 0.326650
vt 0.371780 0.328700
vt 0.372615 0.325967
vt 0.371838 0.328511
vt 0.372895 0.324975
vt 0.371901 0.328307
vt 0.373337 0.323236
vt 0.371972 0.328079
vt 0.376374 0.325198
vt 0.384679 0.318469
vt 0.382324 0.316127
vt 0.375498 0.324348
vt 0.377805 0.328517
vt 0.388454 0.327553
vt 0.387804 0.324295
vt 0.377550 0.327324
vt 0.372043 0.324810
vt 0.371963 0.325845
vt 0.371718 0.328270
vt 0.371696 0.328483
vt 0.372136 0.323019
vt 0.371743 0.328032
vt 0.377153 0.332071
vt 0.386530 0.337198
vt 0.387804 0.334131
vt 0.377603 0.330937
vt 0.371769 0.327763
vt 0.365455 0.328700
vt 0.354918 0.327584
vt 0.354917 0.330862
vt 0.365472 0.329911
vt 0.371803 0.327442
vt 0.371641 0.329044
vt 0.372318 0.335396
vt 0.373238 0.346018
vt 0.376492 0.345388
vt 0.373511 0.335144
vt 0.371842 0.327049
vt 0.371658 0.328865
vt 0.371891 0.326543
vt 0.371676 0.328680
vt 0.367615 0.324483
vt 0.360913 0.316248
vt 0.358603 0.318591
vt 0.366772 0.325358
vt 0.371415 0.327048
vt 0.371453 0.327442
vt 0.371588 0.328865
vt 0.371607 0.329044
vt 0.371364 0.326542
vt 0.371570 0.328680
vt 0.371300 0.325847
vt 0.371551 0.328484
vt 0.371176 0.324816
vt 0.371531 0.328271
vt 0.370918 0.323042
vt 0.371510 0.328035
vt 0.370918 0.323042
vt 0.369913 0.312435
vt 0.366676 0.313107
vt 0.369728 0.323302
vt 0.371483 0.327762
vt 0.366885 0.333215
vt 0.358607 0.339859
vt 0.360920 0.342200
vt 0.367753 0.334065
vt 0.369728 0.323302
vt 0.370328 0.324991
vt 0.371280 0.328078
vt 0.371348 0.328307
vt 0.373337 0.323236
vt 0.376483 0.313036
vt 0.373226 0.312408
vt 0.372136 0.323019
vt 0.371202 0.327819
vt 0.384681 0.339956
vt 0.376490 0.333096
vt 0.371110 0.327510
vt 0.371573 0.329051
vt 0.355550 0.334080
vt 0.365723 0.331097
vt 0.370996 0.327131
vt 0.371520 0.328879
vt 0.370847 0.326645
vt 0.371466 0.328701
vt 0.370650 0.325978
vt 0.371409 0.328513
vt 0.371456 0.328906
vt 0.371541 0.329064
vt 0.370360 0.326847
vt 0.370601 0.327294
vt 0.371368 0.328742
vt 0.370038 0.326231
vt 0.371276 0.328568
vt 0.369530 0.325328
vt 0.371176 0.328379
vt 0.368613 0.323789
vt 0.371066 0.328169
vt 0.388454 0.330874
vt 0.377823 0.329737
vt 0.370936 0.327927
vt 0.369928 0.345998
vt 0.371098 0.335410
vt 0.370786 0.327643
vt 0.363637 0.314396
vt 0.368613 0.323789
vt 0.370870 0.328297
vt 0.371021 0.328483
vt 0.386529 0.321228
vt 0.377066 0.326203
vt 0.370699 0.328088
vt 0.356795 0.337117
vt 0.366200 0.332213
vt 0.370496 0.327837
vt 0.371512 0.329084
vt 0.370246 0.327531
vt 0.371398 0.328945
vt 0.369922 0.327140
vt 0.371281 0.328802
vt 0.369487 0.326599
vt 0.371156 0.328649
vt 0.368813 0.325813
vt 0.367615 0.324483
vt 0.369550 0.327512
vt 0.369943 0.327833
vt 0.371206 0.328877
vt 0.371349 0.328995
vt 0.369019 0.327068
vt 0.371054 0.328752
vt 0.368205 0.326428
vt 0.370889 0.328615
vt 0.366772 0.325358
vt 0.370706 0.328463
vt 0.379556 0.314292
vt 0.374473 0.323685
vt 0.370496 0.328290
vt 0.370248 0.328084
vt 0.371488 0.329108
vt 0.370337 0.328527
vt 0.370577 0.328657
vt 0.370053 0.328374
vt 0.371469 0.329137
vt 0.369706 0.328187
vt 0.371311 0.329053
vt 0.369258 0.327949
vt 0.371148 0.328965
vt 0.368652 0.327618
vt 0.370974 0.328872
vt 0.367730 0.327150
vt 0.370786 0.328771
vt 0.366117 0.326380
vt 0.371108 0.329063
vt 0.371285 0.329117
vt 0.368401 0.328231
vt 0.369055 0.328434
vt 0.370920 0.329006
vt 0.367404 0.327951
vt 0.370716 0.328943
vt 0.365672 0.327508
vt 0.370488 0.328873
vt 0.370226 0.328792
vt 0.369919 0.328697
vt 0.371456 0.329169
vt 0.369541 0.328581
vn 0.0000 0.9810 0.1939
vn 0.0000 0.9247 0.3805
vn 0.1804 0.9070 0.3805
vn 0.1914 0.9622 0.1939
vn 0.0000 1.0000 0.0000
vn 0.1951 0.9808 0.0000
vn 0.0000 0.2010 0.9796
vn 0.0000 0.0000 1.0000
vn 0.0392 0.1971 0.9796
vn 0.0000 0.9810 -0.1939
vn 0.1914 0.9622 -0.1939
vn 0.0000 0.3879 0.9217
vn 0.0757 0.3804 0.9217
vn 0.0000 0.9247 -0.3805
vn 0.1804 0.9070 -0.3805
vn 0.0000 0.5598 0.8286
vn 0.1092 0.5490 0.8286
vn 0.0000 0.8333 -0.5528
vn 0.1626 0.8173 -0.5528
vn 0.0000 0.7101 0.7040
vn 0.1385 0.6965 0.7040
vn 0.0000 0.7101 -0.7040
vn 0.1385 0.6965 -0.7040
vn 0.0000 0.8333 0.5528
vn 0.1626 0.8173 0.5528
vn 0.0000 0.6344 -0.7730
vn 0.1238 0.6222 -0.7730
vn 0.2717 0.6561 -0.7040
vn 0.2427 0.5861 -0.7730
vn 0.3189 0.7699 0.5528
vn 0.3539 0.8544 0.3805
vn 0.3754 0.9063 0.1939
vn 0.3827 0.9239 0.0000
vn 0.0769 0.1856 0.9796
vn 0.3754 0.9063 -0.1939
vn 0.1484 0.3583 0.9217
vn 0.3539 0.8544 -0.3805
vn 0.2142 0.5171 0.8286
vn 0.3189 0.7699 -0.5528
vn 0.2717 0.6561 0.7040
vn 0.1116 0.1671 0.9796
vn 0.2155 0.3225 0.9217
vn 0.5450 0.8157 -0.1939
vn 0.5137 0.7689 -0.3805
vn 0.3110 0.4654 0.8286
vn 0.4630 0.6929 -0.5528
vn 0.3945 0.5904 0.7040
vn 0.3945 0.5904 -0.7040
vn 0.4630 0.6929 0.5528
vn 0.3524 0.5275 -0.7730
vn 0.5137 0.7689 0.3805
vn 0.5450 0.8157 0.1939
vn 0.5556 0.8314 0.0000
vn 0.5893 0.5893 0.5528
vn 0.6539 0.6539 0.3805
vn 0.6937 0.6937 0.1939
vn 0.7071 0.7071 0.0000
vn 0.1421 0.1421 0.9796
vn 0.6937 0.6937 -0.1939
vn 0.2743 0.2743 0.9217
vn 0.6539 0.6539 -0.3805
vn 0.3958 0.3958 0.8286
vn 0.5893 0.5893 -0.5528
vn 0.5021 0.5021 0.7040
vn 0.5021 0.5021 -0.7040
vn 0.4486 0.4486 -0.7730
vn 0.8157 0.5450 -0.1939
vn 0.7689 0.5137 -0.3805
vn 0.3225 0.2155 0.9217
vn 0.4654 0.3110 0.8286
vn 0.6929 0.4630 -0.5528
vn 0.5904 0.3945 0.7040
vn 0.5904 0.3945 -0.7040
vn 0.6929 0.4630 0.5528
vn 0.5275 0.3524 -0.7730
vn 0.7689 0.5137 0.3805
vn 0.8157 0.5450 0.1939
vn 0.8314 0.5556 0.0000
vn 0.1671 0.1116 0.9796
vn 0.8544 0.3539 0.3805
vn 0.9063 0.3754 0.1939
vn 0.9239 0.3827 0.0000
vn 0.1856 0.0769 0.9796
vn 0.9063 0.3754 -0.1939
vn 0.3583 0.1484 0.9217
vn 0.8544 0.3539 -0.3805
vn 0.5171 0.2142 0.8286
vn 0.7699 0.3189 -0.5528
vn 0.6561 0.2717 0.7040
vn 0.6561 0.2717 -0.7040
vn 0.7699 0.3189 0.5528
vn 0.5861 0.2427 -0.7730
vn 0.9070 0.1804 -0.3805
vn 0.8173 0.1626 -0.5528
vn 0.5490 0.1092 0.8286
vn 0.6965 0.1385 0.7040
vn 0.6965 0.1385 -0.7040
vn 0.8173 0.1626 0.5528
vn 0.6222 0.1238 -0.7730
vn 0.9070 0.1804 0.3805
vn 0.9622 0.1914 0.1939
vn 0.9808 0.1951 0.0000
vn 0.1971 0.0392 0.9796
vn 0.9622 0.1914 -0.1939
vn 0.3804 0.0757 0.9217
vn 0.9810 0.0000 0.1939
vn 1.0000 0.0000 0.0000
vn 0.2010 0.0000 0.9796
vn 0.9810 0.0000 -0.1939
vn 0.3879 0.0000 0.9217
vn 0.9247 0.0000 -0.3805
vn 0.5598 0.0000 0.8286
vn 0.8333 0.0000 -0.5528
vn 0.7101 0.0000 0.7040
vn 0.7101 0.0000 -0.7040
vn 0.8333 0.0000 0.5528
vn 0.6344 0.0000 -0.7730
vn 0.9247 0.0000 0.3805
vn 0.5490 -0.1092 0.8286
vn 0.6965 -0.1385 0.7040
vn 0.8173 -0.1626 -0.5528
vn 0.6965 -0.1385 -0.7040
vn 0.8173 -0.1626 0.5528
vn 0.6222 -0.1238 -0.7730
vn 0.9070 -0.1804 0.3805
vn 0.9622 -0.1914 0.1939
vn 0.9808 -0.1951 0.0000
vn 0.1971 -0.0392 0.9796
vn 0.9622 -0.1914 -0.1939
vn 0.3804 -0.0757 0.9217
vn 0.9070 -0.1804 -0.3805
vn 0.9063 -0.3754 0.1939
vn 0.9239 -0.3827 0.0000
vn 0.1857 -0.0769 0.9796
vn 0.9063 -0.3754 -0.1939
vn 0.3583 -0.1484 0.9217
vn 0.8544 -0.3539 -0.3805
vn 0.5171 -0.2142 0.8286
vn 0.7699 -0.3189 -0.5528
vn 0.6561 -0.2717 0.7040
vn 0.6561 -0.2717 -0.7040
vn 0.7699 -0.3189 0.5528
vn 0.5861 -0.2427 -0.7730
vn 0.8544 -0.3539 0.3805
vn 0.6929 -0.4630 -0.5528
vn 0.5904 -0.3945 -0.7040
vn 0.5904 -0.3945 0.7040
vn 0.6929 -0.4630 0.5528
vn 0.5275 -0.3524 -0.7730
vn 0.7689 -0.5137 0.3805
vn 0.8157 -0.5450 0.1939
vn 0.8314 -0.5556 0.0000
vn 0.1671 -0.1116 0.9796
vn 0.8157 -0.5450 -0.1939
vn 0.3225 -0.2155 0.9217
vn 0.7689 -0.5137 -0.3805
vn 0.4654 -0.3110 0.8286
vn 0.1421 -0.1421 0.9796
vn 0.7071 -0.7071 0.0000
vn 0.6937 -0.6937 -0.1939
vn 0.2743 -0.2743 0.9217
vn 0.6539 -0.6539 -0.3805
vn 0.3958 -0.3958 0.8286
vn 0.5893 -0.5893 -0.5528
vn 0.5021 -0.5021 0.7040
vn 0.5021 -0.5021 -0.7040
vn 0.5893 -0.5893 0.5528
vn 0.4486 -0.4486 -0.7730
vn 0.6539 -0.6539 0.3805
vn 0.6937 -0.6937 0.1939
vn 0.3945 -0.5904 0.7040
vn 0.4630 -0.6929 0.5528
vn 0.3945 -0.5904 -0.7040
vn 0.3524 -0.5275 -0.7730
vn 0.5137 -0.7689 0.3805
vn 0.5450 -0.8157 0.1939
vn 0.5556 -0.8314 0.0000
vn 0.1117 -0.1671 0.9796
vn 0.5450 -0.8157 -0.1939
vn 0.2155 -0.3225 0.9217
vn 0.5137 -0.7689 -0.3805
vn 0.3110 -0.4654 0.8286
vn 0.4630 -0.6929 -0.5528
vn 0.3827 -0.9239 0.0000
vn 0.3754 -0.9063 -0.1939
vn 0.0769 -0.1856 0.9796
vn 0.1484 -0.3583 0.9217
vn 0.3539 -0.8544 -0.3805
vn 0.2142 -0.5171 0.8286
vn 0.3189 -0.7699 -0.5528
vn 0.2717 -0.6561 0.7040
vn 0.2717 -0.6561 -0.7040
vn 0.3189 -0.7699 0.5528
vn 0.2427 -0.5861 -0.7730
vn 0.3539 -0.8544 0.3805
vn 0.3754 -0.9063 0.1939
vn 0.1385 -0.6965 -0.7040
vn 0.1238 -0.6222 -0.7730
vn 0.1626 -0.8173 0.5528
vn 0.1804 -0.9070 0.3805
vn 0.1914 -0.9622 0.1939
vn 0.1951 -0.9808 0.0000
vn 0.0392 -0.1971 0.9796
vn 0.1914 -0.9622 -0.1939
vn 0.0757 -0.3804 0.9217
vn 0.1804 -0.9070 -0.3805
vn 0.1092 -0.5490 0.8286
vn 0.1626 -0.8173 -0.5528
vn 0.1385 -0.6965 0.7040
vn 0.0000 -0.9810 -0.1939
vn 0.0000 -0.9247 -0.3805
vn 0.0000 -0.3879 0.9217
vn 0.0000 -0.5598 0.8286
vn 0.0000 -0.8333 -0.5528
vn 0.0000 -0.7101 0.7040
vn 0.0000 -0.7101 -0.7040
vn 0.0000 -0.8333 0.5528
vn 0.0000 -0.6344 -0.7730
vn 0.0000 -0.9247 0.3805
vn 0.0000 -0.9810 0.1939
vn 0.0000 -1.0000 0.0000
vn 0.0000 -0.2010 0.9796
vn -0.1804 -0.9070 0.3805
vn -0.1914 -0.9622 0.1939
vn -0.1951 -0.9808 0.0000
vn -0.0392 -0.1971 0.9796
vn -0.1914 -0.9622 -0.1939
vn -0.0757 -0.3804 0.9217
vn -0.1804 -0.9070 -0.3805
vn -0.1092 -0.5490 0.8286
vn -0.1626 -0.8173 -0.5528
vn -0.1385 -0.6965 0.7040
vn -0.1385 -0.6965 -0.7040
vn -0.1626 -0.8173 0.5528
vn -0.1238 -0.6222 -0.7730
vn -0.1484 -0.3583 0.9217
vn -0.2142 -0.5171 0.8286
vn -0.3539 -0.8544 -0.3805
vn -0.3189 -0.7699 -0.5528
vn -0.2717 -0.6561 0.7040
vn -0.2717 -0.6561 -0.7040
vn -0.3189 -0.7699 0.5528
vn -0.2427 -0.5861 -0.7730
vn -0.3539 -0.8544 0.3805
vn -0.3754 -0.9063 0.1939
vn -0.3827 -0.9239 0.0000
vn -0.0769 -0.1856 0.9796
vn -0.3754 -0.9063 -0.1939
vn -0.5137 -0.7689 0.3805
vn -0.5450 -0.8157 0.1939
vn -0.5556 -0.8314 0.0000
vn -0.1116 -0.1671 0.9796
vn -0.5450 -0.8157 -0.1939
vn -0.2155 -0.3225 0.9217
vn -0.5137 -0.7689 -0.3805
vn -0.3110 -0.4654 0.8286
vn -0.4630 -0.6929 -0.5528
vn -0.3945 -0.5904 0.7040
vn -0.3945 -0.5904 -0.7040
vn -0.4630 -0.6929 0.5528
vn -0.3524 -0.5275 -0.7730
vn -0.6539 -0.6539 -0.3805
vn -0.5893 -0.5893 -0.5528
vn -0.3958 -0.3958 0.8286
vn -0.5021 -0.5021 0.7040
vn -0.5021 -0.5021 -0.7040
vn -0.5893 -0.5893 0.5528
vn -0.4486 -0.4486 -0.7730
vn -0.6539 -0.6539 0.3805
vn -0.6937 -0.6937 0.1939
vn -0.7071 -0.7071 0.0000
vn -0.1421 -0.1421 0.9796
vn -0.6937 -0.6937 -0.1939
vn -0.2743 -0.2743 0.9217
vn -0.8157 -0.5450 0.1939
vn -0.8314 -0.5556 0.0000
vn -0.1671 -0.1116 0.9796
vn -0.8157 -0.5450 -0.1939
vn -0.3225 -0.2155 0.9217
vn -0.7689 -0.5137 -0.3805
vn -0.4654 -0.3110 0.8286
vn -0.6929 -0.4630 -0.5528
vn -0.5904 -0.3945 0.7040
vn -0.5904 -0.3945 -0.7040
vn -0.6929 -0.4630 0.5528
vn -0.5275 -0.3524 -0.7730
vn -0.7689 -0.5137 0.3805
vn -0.5171 -0.2142 0.8286
vn -0.6561 -0.2717 0.7040
vn -0.7699 -0.3189 -0.5528
vn -0.6561 -0.2717 -0.7040
vn -0.7699 -0.3189 0.5528
vn -0.5861 -0.2427 -0.7730
vn -0.8544 -0.3539 0.3805
vn -0.9063 -0.3754 0.1939
vn -0.9239 -0.3827 0.0000
vn -0.1856 -0.0769 0.9796
vn -0.3827 0.9239 0.0000
vn -0.1951 0.9808 0.0000
vn -0.9063 -0.3754 -0.1939
vn -0.3583 -0.1484 0.9217
vn -0.8544 -0.3539 -0.3805
vn -0.9622 -0.1914 0.1939
vn -0.9808 -0.1951 0.0000
vn -0.1971 -0.0392 0.9796
vn -0.9622 -0.1914 -0.1939
vn -0.3804 -0.0757 0.9217
vn -0.9070 -0.1804 -0.3805
vn -0.5490 -0.1092 0.8286
vn -0.8173 -0.1626 -0.5528
vn -0.6965 -0.1385 0.7040
vn -0.6965 -0.1385 -0.7040
vn -0.8173 -0.1626 0.5528
vn -0.6222 -0.1238 -0.7730
vn -0.9070 -0.1804 0.3805
vn -0.8333 0.0000 -0.5528
vn -0.7101 0.0000 -0.7040
vn -0.7101 0.0000 0.7040
vn -0.8333 0.0000 0.5528
vn -0.6344 0.0000 -0.7730
vn -0.9247 0.0000 0.3805
vn -0.9810 0.0000 0.1939
vn -1.0000 0.0000 0.0000
vn -0.2010 0.0000 0.9796
vn -0.9810 0.0000 -0.1939
vn -0.3879 0.0000 0.9217
vn -0.9247 0.0000 -0.3805
vn -0.5598 0.0000 0.8286
vn -0.7071 0.7071 0.0000
vn -0.5556 0.8314 0.0000
vn -0.9808 0.1951 0.0000
vn -0.9622 0.1914 -0.1939
vn -0.1971 0.0392 0.9796
vn -0.3804 0.0757 0.9217
vn -0.9070 0.1804 -0.3805
vn -0.5490 0.1092 0.8286
vn -0.8173 0.1626 -0.5528
vn -0.6965 0.1385 0.7040
vn -0.6965 0.1385 -0.7040
vn -0.8173 0.1626 0.5528
vn -0.6222 0.1238 -0.7730
vn -0.9070 0.1804 0.3805
vn -0.9239 0.3827 0.0000
vn -0.9622 0.1914 0.1939
vn -0.6561 0.2717 -0.7040
vn -0.5861 0.2428 -0.7730
vn -0.7699 0.3189 0.5528
vn -0.8544 0.3539 0.3805
vn -0.9063 0.3754 0.1939
vn -0.1856 0.0769 0.9796
vn -0.9063 0.3754 -0.1939
vn -0.3583 0.1484 0.9217
vn -0.8544 0.3539 -0.3805
vn -0.5171 0.2142 0.8286
vn -0.7699 0.3189 -0.5528
vn -0.6561 0.2717 0.7040
vn -0.1671 0.1116 0.9796
vn -0.3225 0.2155 0.9217
vn -0.8157 0.5450 -0.1939
vn -0.7689 0.5137 -0.3805
vn -0.4654 0.3110 0.8286
vn -0.6929 0.4630 -0.5528
vn -0.5904 0.3945 0.7040
vn -0.5904 0.3945 -0.7040
vn -0.6929 0.4630 0.5528
vn -0.5275 0.3524 -0.7730
vn -0.7689 0.5137 0.3805
vn -0.8157 0.5450 0.1939
vn -0.8314 0.5556 0.0000
vn -0.5893 0.5893 0.5528
vn -0.6539 0.6539 0.3805
vn -0.6937 0.6937 0.1939
vn -0.1421 0.1421 0.9796
vn -0.6937 0.6937 -0.1939
vn -0.2743 0.2743 0.9217
vn -0.6539 0.6539 -0.3805
vn -0.3958 0.3958 0.8286
vn -0.5893 0.5893 -0.5528
vn -0.5021 0.5021 0.7040
vn -0.5021 0.5021 -0.7040
vn -0.4486 0.4486 -0.7730
vn -0.5450 0.8157 -0.1939
vn -0.5137 0.7689 -0.3805
vn -0.2155 0.3225 0.9217
vn -0.3110 0.4654 0.8286
vn -0.4630 0.6929 -0.5528
vn -0.3945 0.5904 0.7040
vn -0.3945 0.5904 -0.7040
vn -0.4630 0.6929 0.5528
vn -0.3524 0.5275 -0.7730
vn -0.5137 0.7689 0.3805
vn -0.5450 0.8157 0.1939
vn -0.1117 0.1671 0.9796
vn -0.3539 0.8544 0.3805
vn -0.3754 0.9063 0.1939
vn -0.0769 0.1856 0.9796
vn -0.3754 0.9063 -0.1939
vn -0.1484 0.3583 0.9217
vn -0.3539 0.8544 -0.3805
vn -0.2142 0.5171 0.8286
vn -0.3189 0.7699 -0.5528
vn -0.2717 0.6561 0.7040
vn -0.2717 0.6561 -0.7040
vn -0.3189 0.7699 0.5528
vn -0.2427 0.5861 -0.7730
vn -0.0757 0.3804 0.9217
vn -0.1092 0.5490 0.8286
vn -0.1804 0.9070 -0.3805
vn -0.1626 0.8173 -0.5528
vn -0.1385 0.6965 0.7040
vn -0.1385 0.6965 -0.7040
vn -0.1626 0.8173 0.5528
vn -0.1238 0.6222 -0.7730
vn -0.1804 0.9070 0.3805
vn -0.1914 0.9622 0.1939
vn -0.0392 0.1971 0.9796
vn -0.1914 0.9622 -0.1939
vn -0.1116 0.1671 0.9796
vn -0.5861 0.2427 -0.7730
vn -0.1117 -0.1671 0.9796
vn 0.1116 -0.1671 0.9796
vn 0.1856 -0.0769 0.9796
usemtl None
s 1
f 3461/4337/1120 3460/4338/1121 3470/4339/1122 3471/4340/1123
f 3462/4341/1124 3461/4337/1120 3471/4340/1123 3472/4342/1125
f 3455/4343/1126 3712/4344/1127 3465/4345/1128
f 3463/4346/1129 3462/4341/1124 3472/4342/1125 3473/4347/1130
f 3456/4348/1131 3455/4343/1126 3465/4345/1128 3466/4349/1132
f 3869/4350/1133 3463/4346/1129 3473/4347/1130 3474/4351/1134
f 3457/4352/1135 3456/4348/1131 3466/4349/1132 3467/4353/1136
f 3870/4354/1137 3869/4350/1133 3474/4351/1134 3475/4355/1138
f 3458/4356/1139 3457/4352/1135 3467/4353/1136 3468/4357/1140
f 3871/4358/1141 3870/4354/1137 3475/4355/1138 3476/4359/1142
f 3459/4360/1143 3458/4356/1139 3468/4357/1140 3469/4361/1144
f 4353/4362/1145 3871/4358/1141 3476/4359/1142 4354/4363/1146
f 3460/4338/1121 3459/4360/1143 3469/4361/1144 3470/4339/1122
f 4354/4363/1146 3476/4359/1142 3489/4364/1147 4355/4365/1148
f 3470/4339/1122 3469/4361/1144 3482/4366/1149 3483/4367/1150
f 3471/4340/1123 3470/4339/1122 3483/4367/1150 3484/4368/1151
f 3472/4342/1125 3471/4340/1123 3484/4368/1151 3485/4369/1152
f 3465/4345/1128 3712/4344/1127 3478/4370/1153
f 3473/4347/1130 3472/4342/1125 3485/4369/1152 3486/4371/1154
f 3466/4349/1132 3465/4345/1128 3478/4370/1153 3479/4372/1155
f 3474/4351/1134 3473/4347/1130 3486/4371/1154 3487/4373/1156
f 3467/4353/1136 3466/4349/1132 3479/4372/1155 3480/4374/1157
f 3475/4355/1138 3474/4351/1134 3487/4373/1156 3488/4375/1158
f 3468/4357/1140 3467/4353/1136 3480/4374/1157 3481/4376/1159
f 3476/4359/1142 3475/4355/1138 3488/4375/1158 3489/4364/1147
f 3469/4361/1144 3468/4357/1140 3481/4376/1159 3482/4366/1149
f 3479/4372/1155 3478/4370/1153 3491/4377/1160 3492/4378/1161
f 3487/4373/1156 3486/4371/1154 3499/4379/1162 3500/4380/1163
f 3480/4374/1157 3479/4372/1155 3492/4378/1161 3493/4381/1164
f 3488/4375/1158 3487/4373/1156 3500/4380/1163 3501/4382/1165
f 3481/4376/1159 3480/4374/1157 3493/4381/1164 3494/4383/1166
f 3489/4364/1147 3488/4375/1158 3501/4382/1165 3502/4384/1167
f 3482/4366/1149 3481/4376/1159 3494/4383/1166 3495/4385/1168
f 4355/4365/1148 3489/4364/1147 3502/4384/1167 4356/4386/1169
f 3483/4367/1150 3482/4366/1149 3495/4385/1168 3496/4387/1170
f 3484/4368/1151 3483/4367/1150 3496/4387/1170 3497/4388/1171
f 3485/4369/1152 3484/4368/1151 3497/4388/1171 3498/4389/1172
f 3478/4370/1153 3712/4344/1127 3491/4377/1160
f 3486/4371/1154 3485/4369/1152 3498/4389/1172 3499/4379/1162
f 3496/4387/1170 3495/4385/1168 3508/4390/1173 3509/4391/1174
f 3497/4388/1171 3496/4387/1170 3509/4391/1174 3510/4392/1175
f 3498/4389/1172 3497/4388/1171 3510/4392/1175 3511/4393/1176
f 3491/4377/1160 3712/4344/1127 3504/4394/1177
f 3499/4379/1162 3498/4389/1172 3511/4393/1176 3512/4395/1178
f 3492/4378/1161 3491/4377/1160 3504/4394/1177 3505/4396/1179
f 3500/4380/1163 3499/4379/1162 3512/4395/1178 3513/4397/1180
f 3493/4381/1164 3492/4378/1161 3505/4396/1179 3506/4398/1181
f 3501/4382/1165 3500/4380/1163 3513/4397/1180 3514/4399/1182
f 3494/4383/1166 3493/4381/1164 3506/4398/1181 3507/4400/1183
f 3502/4384/1167 3501/4382/1165 3514/4399/1182 3515/4401/1184
f 3495/4385/1168 3494/4383/1166 3507/4400/1183 3508/4390/1173
f 4356/4386/1169 3502/4384/1167 3515/4401/1184 4357/4402/1185
f 3513/4397/1180 3512/4395/1178 3525/4403/1186 3526/4404/1187
f 3506/4398/1181 3505/4396/1179 3518/4405/1188 3519/4406/1189
f 3514/4399/1182 3513/4397/1180 3526/4404/1187 3527/4407/1190
f 3507/4400/1183 3506/4398/1181 3519/4406/1189 3520/4408/1191
f 3515/4401/1184 3514/4399/1182 3527/4407/1190 3528/4409/1192
f 3508/4390/1173 3507/4400/1183 3520/4408/1191 3521/4410/1193
f 4357/4402/1185 3515/4401/1184 3528/4409/1192 4358/4411/1194
f 3509/4391/1174 3508/4390/1173 3521/4410/1193 3522/4412/1195
f 3510/4392/1175 3509/4391/1174 3522/4412/1195 3523/4413/1196
f 3511/4393/1176 3510/4392/1175 3523/4413/1196 3524/4414/1197
f 3504/4394/1177 3712/4344/1127 3517/4415/1198
f 3512/4395/1178 3511/4393/1176 3524/4414/1197 3525/4403/1186
f 3505/4396/1179 3504/4394/1177 3517/4415/1198 3518/4405/1188
f 3523/4413/1196 3522/4412/1195 3535/4416/1199 3536/4417/1200
f 3524/4414/1197 3523/4413/1196 3536/4417/1200 3537/4418/1201
f 3517/4415/1198 3712/4344/1127 3530/4419/1202
f 3525/4403/1186 3524/4414/1197 3537/4418/1201 3538/4420/1203
f 3518/4405/1188 3517/4415/1198 3530/4419/1202 3531/4421/1204
f 3526/4404/1187 3525/4403/1186 3538/4420/1203 3539/4422/1205
f 3519/4406/1189 3518/4405/1188 3531/4421/1204 3532/4423/1206
f 3527/4407/1190 3526/4404/1187 3539/4422/1205 3540/4424/1207
f 3520/4408/1191 3519/4406/1189 3532/4423/1206 3533/4425/1208
f 3528/4409/1192 3527/4407/1190 3540/4424/1207 3541/4426/1209
f 3521/4410/1193 3520/4408/1191 3533/4425/1208 3534/4427/1210
f 4358/4411/1194 3528/4409/1192 3541/4426/1209 4359/4428/1211
f 3522/4412/1195 3521/4410/1193 3534/4427/1210 3535/4416/1199
f 3540/4424/1207 3539/4422/1205 3552/4429/1212 3553/4430/1213
f 3533/4425/1208 3532/4423/1206 3545/4431/1214 3546/4432/1215
f 3541/4426/1209 3540/4424/1207 3553/4430/1213 3554/4433/1216
f 3534/4427/1210 3533/4425/1208 3546/4432/1215 3547/4434/1217
f 4359/4428/1211 3541/4426/1209 3554/4433/1216 4360/4435/1218
f 3535/4416/1199 3534/4427/1210 3547/4434/1217 3548/4436/1219
f 3536/4417/1200 3535/4416/1199 3548/4436/1219 3549/4437/1220
f 3537/4418/1201 3536/4417/1200 3549/4437/1220 3550/4438/1221
f 3530/4419/1202 3712/4344/1127 3543/4439/1222
f 3538/4420/1203 3537/4418/1201 3550/4438/1221 3551/4440/1223
f 3531/4421/1204 3530/4419/1202 3543/4439/1222 3544/4441/1224
f 3539/4422/1205 3538/4420/1203 3551/4440/1223 3552/4429/1212
f 3532/4423/1206 3531/4421/1204 3544/4441/1224 3545/4431/1214
f 3550/4438/1221 3549/4437/1220 3562/4442/1225 3563/4443/1226
f 3543/4439/1222 3712/4344/1127 3556/4444/1227
f 3551/4440/1223 3550/4438/1221 3563/4443/1226 3564/4445/1228
f 3544/4441/1224 3543/4439/1222 3556/4444/1227 3557/4446/1229
f 3552/4429/1212 3551/4440/1223 3564/4445/1228 3565/4447/1230
f 3545/4431/1214 3544/4441/1224 3557/4446/1229 3558/4448/1231
f 3553/4430/1213 3552/4429/1212 3565/4447/1230 3566/4449/1232
f 3546/4432/1215 3545/4431/1214 3558/4448/1231 3559/4450/1233
f 3554/4433/1216 3553/4430/1213 3566/4449/1232 3567/4451/1234
f 3547/4434/1217 3546/4432/1215 3559/4450/1233 3560/4452/1235
f 4360/4435/1218 3554/4433/1216 3567/4451/1234 4361/4453/1236
f 3548/4436/1219 3547/4434/1217 3560/4452/1235 3561/4454/1237
f 3549/4437/1220 3548/4436/1219 3561/4454/1237 3562/4442/1225
f 3559/4450/1233 3558/4448/1231 3571/4455/1238 3572/4456/1239
f 3567/4451/1234 3566/4449/1232 3579/4457/1240 3580/4458/1241
f 3560/4452/1235 3559/4450/1233 3572/4456/1239 3573/4459/1242
f 4361/4453/1236 3567/4451/1234 3580/4458/1241 4362/4460/1243
f 3561/4454/1237 3560/4452/1235 3573/4459/1242 3574/4461/1244
f 3562/4442/1225 3561/4454/1237 3574/4461/1244 3575/4462/1245
f 3563/4443/1226 3562/4442/1225 3575/4462/1245 3576/4463/1246
f 3556/4444/1227 3712/4344/1127 3569/4464/1247
f 3564/4445/1228 3563/4443/1226 3576/4463/1246 3577/4465/1248
f 3557/4446/1229 3556/4444/1227 3569/4464/1247 3570/4466/1249
f 3565/4447/1230 3564/4445/1228 3577/4465/1248 3578/4467/1250
f 3558/4448/1231 3557/4446/1229 3570/4466/1249 3571/4455/1238
f 3566/4449/1232 3565/4447/1230 3578/4467/1250 3579/4457/1240
f 3576/4463/1246 3575/4462/1245 3588/4468/1251 3589/4469/1252
f 3569/4464/1247 3712/4344/1127 3582/4470/1253
f 3577/4465/1248 3576/4463/1246 3589/4469/1252 3590/4471/1254
f 3570/4466/1249 3569/4464/1247 3582/4470/1253 3583/4472/1255
f 3578/4467/1250 3577/4465/1248 3590/4471/1254 3591/4473/1256
f 3571/4455/1238 3570/4466/1249 3583/4472/1255 3584/4474/1257
f 3579/4457/1240 3578/4467/1250 3591/4473/1256 3592/4475/1258
f 3572/4456/1239 3571/4455/1238 3584/4474/1257 3585/4476/1259
f 3580/4458/1241 3579/4457/1240 3592/4475/1258 3593/4477/1260
f 3573/4459/1242 3572/4456/1239 3585/4476/1259 3586/4478/1261
f 4362/4460/1243 3580/4458/1241 3593/4477/1260 4363/4479/1262
f 3574/4461/1244 3573/4459/1242 3586/4478/1261 3587/4480/1263
f 3575/4462/1245 3574/4461/1244 3587/4480/1263 3588/4468/1251
f 3593/4477/1260 3592/4475/1258 3605/4481/1264 3606/4482/1265
f 3586/4478/1261 3585/4476/1259 3598/4483/1266 3599/4484/1267
f 4363/4479/1262 3593/4477/1260 3606/4482/1265 4364/4485/1268
f 3587/4480/1263 3586/4478/1261 3599/4484/1267 3600/4486/1269
f 3588/4468/1251 3587/4480/1263 3600/4486/1269 3601/4487/1270
f 3589/4469/1252 3588/4468/1251 3601/4487/1270 3602/4488/1271
f 3582/4470/1253 3712/4344/1127 3595/4489/1272
f 3590/4471/1254 3589/4469/1252 3602/4488/1271 3603/4490/1273
f 3583/4472/1255 3582/4470/1253 3595/4489/1272 3596/4491/1274
f 3591/4473/1256 3590/4471/1254 3603/4490/1273 3604/4492/1275
f 3584/4474/1257 3583/4472/1255 3596/4491/1274 3597/4493/1276
f 3592/4475/1258 3591/4473/1256 3604/4492/1275 3605/4481/1264
f 3585/4476/1259 3584/4474/1257 3597/4493/1276 3598/4483/1266
f 3595/4489/1272 3712/4344/1127 3608/4494/1277
f 3603/4490/1273 3602/4488/1271 3615/4495/1278 3616/4496/1279
f 3596/4491/1274 3595/4489/1272 3608/4494/1277 3609/4497/1280
f 3604/4492/1275 3603/4490/1273 3616/4496/1279 3617/4498/1281
f 3597/4493/1276 3596/4491/1274 3609/4497/1280 3610/4499/1282
f 3605/4481/1264 3604/4492/1275 3617/4498/1281 3618/4500/1283
f 3598/4483/1266 3597/4493/1276 3610/4499/1282 3611/4501/1284
f 3606/4482/1265 3605/4481/1264 3618/4500/1283 3619/4502/1285
f 3599/4484/1267 3598/4483/1266 3611/4501/1284 3612/4503/1286
f 4364/4485/1268 3606/4482/1265 3619/4502/1285 4365/4504/1287
f 3600/4486/1269 3599/4484/1267 3612/4503/1286 3613/4505/1288
f 3601/4487/1270 3600/4486/1269 3613/4505/1288 3614/4506/1289
f 3602/4488/1271 3601/4487/1270 3614/4506/1289 3615/4495/1278
f 3612/4503/1286 3611/4501/1284 3624/4507/1290 3625/4508/1291
f 4365/4504/1287 3619/4502/1285 3632/4509/1292 4366/4510/1293
f 3613/4505/1288 3612/4503/1286 3625/4508/1291 3626/4511/1294
f 3614/4506/1289 3613/4505/1288 3626/4511/1294 3627/4512/1295
f 3615/4495/1278 3614/4506/1289 3627/4512/1295 3628/4513/1296
f 3608/4494/1277 3712/4344/1127 3621/4514/1297
f 3616/4496/1279 3615/4495/1278 3628/4513/1296 3629/4515/1298
f 3609/4497/1280 3608/4494/1277 3621/4514/1297 3622/4516/1299
f 3617/4498/1281 3616/4496/1279 3629/4515/1298 3630/4517/1300
f 3610/4499/1282 3609/4497/1280 3622/4516/1299 3623/4518/1301
f 3618/4500/1283 3617/4498/1281 3630/4517/1300 3631/4519/1302
f 3611/4501/1284 3610/4499/1282 3623/4518/1301 3624/4507/1290
f 3619/4502/1285 3618/4500/1283 3631/4519/1302 3632/4509/1292
f 3629/4515/1298 3628/4513/1296 3641/4520/1303 3642/4521/1304
f 3622/4516/1299 3621/4514/1297 3634/4522/1305 3635/4523/1306
f 3630/4517/1300 3629/4515/1298 3642/4521/1304 3643/4524/1307
f 3623/4518/1301 3622/4516/1299 3635/4523/1306 3636/4525/1308
f 3631/4519/1302 3630/4517/1300 3643/4524/1307 3644/4526/1309
f 3624/4507/1290 3623/4518/1301 3636/4525/1308 3637/4527/1310
f 3632/4509/1292 3631/4519/1302 3644/4526/1309 3645/4528/1311
f 3625/4508/1291 3624/4507/1290 3637/4527/1310 3638/4529/1312
f 4366/4510/1293 3632/4509/1292 3645/4528/1311 4367/4530/1313
f 3626/4511/1294 3625/4508/1291 3638/4529/1312 3639/4531/1314
f 3627/4512/1295 3626/4511/1294 3639/4531/1314 3640/4532/1315
f 3628/4513/1296 3627/4512/1295 3640/4532/1315 3641/4520/1303
f 3621/4514/1297 3712/4344/1127 3634/4522/1305
f 4367/4530/1313 3645/4528/1311 3658/4533/1316 4368/4534/1317
f 3639/4531/1314 3638/4529/1312 3651/4535/1318 3652/4536/1319
f 3640/4532/1315 3639/4531/1314 3652/4536/1319 3653/4537/1320
f 3641/4520/1303 3640/4532/1315 3653/4537/1320 3654/4538/1321
f 3634/4522/1305 3712/4344/1127 3647/4539/1322
f 3642/4521/1304 3641/4520/1303 3654/4538/1321 3655/4540/1323
f 3635/4523/1306 3634/4522/1305 3647/4539/1322 3648/4541/1324
f 3643/4524/1307 3642/4521/1304 3655/4540/1323 3656/4542/1325
f 3636/4525/1308 3635/4523/1306 3648/4541/1324 3649/4543/1326
f 3644/4526/1309 3643/4524/1307 3656/4542/1325 3657/4544/1327
f 3637/4527/1310 3636/4525/1308 3649/4543/1326 3650/4545/1328
f 3645/4528/1311 3644/4526/1309 3657/4544/1327 3658/4533/1316
f 3638/4529/1312 3637/4527/1310 3650/4545/1328 3651/4535/1318
f 3656/4542/1325 3655/4540/1323 3668/4546/1329 3669/4547/1330
f 3649/4543/1326 3648/4541/1324 3661/4548/1331 3662/4549/1332
f 3657/4544/1327 3656/4542/1325 3669/4547/1330 3670/4550/1333
f 3650/4545/1328 3649/4543/1326 3662/4549/1332 3663/4551/1334
f 3658/4533/1316 3657/4544/1327 3670/4550/1333 3671/4552/1335
f 3651/4535/1318 3650/4545/1328 3663/4551/1334 3664/4553/1336
f 4368/4534/1317 3658/4533/1316 3671/4552/1335 4369/4554/1337
f 3652/4536/1319 3651/4535/1318 3664/4553/1336 3665/4555/1338
f 3653/4537/1320 3652/4536/1319 3665/4555/1338 3666/4556/1339
f 3654/4538/1321 3653/4537/1320 3666/4556/1339 3667/4557/1340
f 3647/4539/1322 3712/4344/1127 3660/4558/1341
f 3655/4540/1323 3654/4538/1321 3667/4557/1340 3668/4546/1329
f 3648/4541/1324 3647/4539/1322 3660/4558/1341 3661/4548/1331
f 3666/4556/1339 3665/4555/1338 3678/4559/1342 3679/4560/1343
f 3667/4557/1340 3666/4556/1339 3679/4560/1343 3680/4561/1344
f 3660/4558/1341 3712/4344/1127 3673/4562/1345
f 3668/4546/1329 3667/4557/1340 3680/4561/1344 3681/4563/1346
f 3661/4548/1331 3660/4558/1341 3673/4562/1345 3674/4564/1347
f 3669/4547/1330 3668/4546/1329 3681/4563/1346 3682/4565/1348
f 3662/4549/1332 3661/4548/1331 3674/4564/1347 3675/4566/1349
f 3670/4550/1333 3669/4547/1330 3682/4565/1348 3683/4567/1350
f 3663/4551/1334 3662/4549/1332 3675/4566/1349 3676/4568/1351
f 3671/4552/1335 3670/4550/1333 3683/4567/1350 3684/4569/1352
f 3664/4553/1336 3663/4551/1334 3676/4568/1351 3677/4570/1353
f 4369/4554/1337 3671/4552/1335 3684/4569/1352 4370/4571/1354
f 3665/4555/1338 3664/4553/1336 3677/4570/1353 3678/4559/1342
f 3675/4566/1349 3674/4564/1347 3687/4572/1355 3688/4573/1356
f 3683/4567/1350 3682/4565/1348 3695/4574/1357 3696/4575/1358
f 3676/4568/1351 3675/4566/1349 3688/4573/1356 3689/4576/1359
f 3684/4569/1352 3683/4567/1350 3696/4575/1358 3697/4577/1360
f 3677/4570/1353 3676/4568/1351 3689/4576/1359 3690/4578/1361
f 4370/4571/1354 3684/4569/1352 3697/4577/1360 4371/4579/1362
f 3678/4559/1342 3677/4570/1353 3690/4578/1361 3691/4580/1363
f 3679/4560/1343 3678/4559/1342 3691/4580/1363 3692/4581/1364
f 3680/4561/1344 3679/4560/1343 3692/4581/1364 3693/4582/1365
f 3673/4562/1345 3712/4344/1127 3686/4583/1366
f 3681/4563/1346 3680/4561/1344 3693/4582/1365 3694/4584/1367
f 3674/4564/1347 3673/4562/1345 3686/4583/1366 3687/4572/1355
f 3682/4565/1348 3681/4563/1346 3694/4584/1367 3695/4574/1357
f 3692/4581/1364 3691/4580/1363 3704/4585/1368 3705/4586/1369
f 3693/4582/1365 3692/4581/1364 3705/4586/1369 3706/4587/1370
f 3686/4583/1366 3712/4344/1127 3699/4588/1371
f 3694/4584/1367 3693/4582/1365 3706/4587/1370 3707/4589/1372
f 3687/4572/1355 3686/4583/1366 3699/4588/1371 3700/4590/1373
f 3695/4574/1357 3694/4584/1367 3707/4589/1372 3708/4591/1374
f 3688/4573/1356 3687/4572/1355 3700/4590/1373 3701/4592/1375
f 3696/4575/1358 3695/4574/1357 3708/4591/1374 3709/4593/1376
f 3689/4576/1359 3688/4573/1356 3701/4592/1375 3702/4594/1377
f 3697/4577/1360 3696/4575/1358 3709/4593/1376 3710/4595/1378
f 3690/4578/1361 3689/4576/1359 3702/4594/1377 3703/4596/1379
f 4371/4579/1362 3697/4577/1360 3710/4595/1378 4372/4597/1380
f 3691/4580/1363 3690/4578/1361 3703/4596/1379 3704/4585/1368
f 3709/4593/1376 3708/4591/1374 3722/4598/1381 3723/4599/1382
f 3702/4594/1377 3701/4592/1375 3715/4600/1383 3716/4601/1384
f 3710/4595/1378 3709/4593/1376 3723/4599/1382 3724/4602/1385
f 3703/4596/1379 3702/4594/1377 3716/4601/1384 3717/4603/1386
f 4372/4597/1380 3710/4595/1378 3724/4602/1385 4373/4604/1387
f 3704/4585/1368 3703/4596/1379 3717/4603/1386 3718/4605/1388
f 3705/4586/1369 3704/4585/1368 3718/4605/1388 3719/4606/1389
f 3706/4587/1370 3705/4586/1369 3719/4606/1389 3720/4607/1390
f 3699/4588/1371 3712/4344/1127 3713/4608/1391
f 3707/4589/1372 3706/4587/1370 3720/4607/1390 3721/4609/1392
f 3700/4590/1373 3699/4588/1371 3713/4608/1391 3714/4610/1393
f 3708/4591/1374 3707/4589/1372 3721/4609/1392 3722/4598/1381
f 3701/4592/1375 3700/4590/1373 3714/4610/1393 3715/4600/1383
f 3720/4607/1390 3719/4606/1389 3732/4611/1394 3733/4612/1395
f 3713/4608/1391 3712/4344/1127 3726/4613/1396
f 3721/4609/1392 3720/4607/1390 3733/4612/1395 3734/4614/1397
f 3714/4610/1393 3713/4608/1391 3726/4613/1396 3727/4615/1398
f 3722/4598/1381 3721/4609/1392 3734/4614/1397 3735/4616/1399
f 3715/4600/1383 3714/4610/1393 3727/4615/1398 3728/4617/1400
f 3723/4599/1382 3722/4598/1381 3735/4616/1399 3736/4618/1401
f 3716/4601/1384 3715/4600/1383 3728/4617/1400 3729/4619/1402
f 3724/4602/1385 3723/4599/1382 3736/4618/1401 3737/4620/1403
f 3717/4603/1386 3716/4601/1384 3729/4619/1402 3730/4621/1404
f 4373/4604/1387 3724/4602/1385 3737/4620/1403 4374/4622/1405
f 3718/4605/1388 3717/4603/1386 3730/4621/1404 3731/4623/1406
f 3719/4606/1389 3718/4605/1388 3731/4623/1406 3732/4611/1394
f 3729/4619/1402 3728/4617/1400 3741/4624/1407 3742/4625/1408
f 3737/4620/1403 3736/4618/1401 3749/4626/1409 3750/4627/1410
f 3730/4621/1404 3729/4619/1402 3742/4625/1408 3743/4628/1411
f 4374/4622/1405 3737/4620/1403 3750/4627/1410 4375/4629/1412
f 3731/4623/1406 3730/4621/1404 3743/4628/1411 3744/4630/1413
f 3732/4611/1394 3731/4623/1406 3744/4630/1413 3745/4631/1414
f 3607/4632/1271 3620/4633/1278 3884/4634/1278 3883/4635/1271
f 3733/4612/1395 3732/4611/1394 3745/4631/1414 3746/4636/1415
f 3726/4613/1396 3712/4344/1127 3739/4637/1416
f 3855/4638/1417 3868/4639/1418 3903/4640/1418 3902/4641/1417
f 3734/4614/1397 3733/4612/1395 3746/4636/1415 3747/4642/1419
f 3727/4615/1398 3726/4613/1396 3739/4637/1416 3740/4643/1420
f 3735/4616/1399 3734/4614/1397 3747/4642/1419 3748/4644/1421
f 3728/4617/1400 3727/4615/1398 3740/4643/1420 3741/4624/1407
f 3736/4618/1401 3735/4616/1399 3748/4644/1421 3749/4626/1409
f 3746/4636/1415 3745/4631/1414 3758/4645/1422 3759/4646/1423
f 3739/4637/1416 3712/4344/1127 3752/4647/1424
f 3542/4648/1201 3555/4649/1221 3879/4650/1221 3878/4651/1201
f 3747/4642/1419 3746/4636/1415 3759/4646/1423 3760/4652/1425
f 3740/4643/1420 3739/4637/1416 3752/4647/1424 3753/4653/1426
f 3748/4644/1421 3747/4642/1419 3760/4652/1425 3761/4654/1427
f 3741/4624/1407 3740/4643/1420 3753/4653/1426 3754/4655/1428
f 3749/4626/1409 3748/4644/1421 3761/4654/1427 3762/4656/1429
f 3742/4625/1408 3741/4624/1407 3754/4655/1428 3755/4657/1430
f 3750/4627/1410 3749/4626/1409 3762/4656/1429 3763/4658/1431
f 3743/4628/1411 3742/4625/1408 3755/4657/1430 3756/4659/1432
f 4375/4629/1412 3750/4627/1410 3763/4658/1431 4376/4660/1433
f 3744/4630/1413 3743/4628/1411 3756/4659/1432 3757/4661/1434
f 3725/4662/1390 3738/4663/1395 3893/4664/1395 3892/4665/1390
f 3745/4631/1414 3744/4630/1413 3757/4661/1434 3758/4645/1422
f 3685/4666/1344 3698/4667/1365 3890/4668/1365 3889/4669/1344
f 3763/4658/1431 3762/4656/1429 3775/4670/1435 3776/4671/1436
f 3756/4659/1432 3755/4657/1430 3768/4672/1437 3769/4673/1438
f 4376/4660/1433 3763/4658/1431 3776/4671/1436 4377/4674/1439
f 3757/4661/1434 3756/4659/1432 3769/4673/1438 3770/4675/1440
f 3646/4676/1303 3659/4677/1321 3887/4678/1321 3886/4679/1303
f 3758/4645/1422 3757/4661/1434 3770/4675/1440 3771/4680/1441
f 3464/4681/1124 3477/4682/1125 3872/4683/1125 3873/4684/1124
f 3759/4646/1423 3758/4645/1422 3771/4680/1441 3772/4685/1442
f 3752/4647/1424 3712/4344/1127 3765/4686/1443
f 3581/4687/1246 3594/4688/1252 3882/4689/1252 3881/4690/1246
f 3760/4652/1425 3759/4646/1423 3772/4685/1442 3773/4691/1444
f 3753/4653/1426 3752/4647/1424 3765/4686/1443 3766/4692/1445
f 3761/4654/1427 3760/4652/1425 3773/4691/1444 3774/4693/1446
f 3754/4655/1428 3753/4653/1426 3766/4692/1445 3767/4694/1447
f 3762/4656/1429 3761/4654/1427 3774/4693/1446 3775/4670/1435
f 3755/4657/1430 3754/4655/1428 3767/4694/1447 3768/4672/1437
f 3829/4695/1448 3842/4696/1449 3901/4697/1449 3900/4698/1448
f 3773/4691/1444 3772/4685/1442 3785/4699/1450 3786/4700/1451
f 3766/4692/1445 3765/4686/1443 3778/4701/1452 3779/4702/1453
f 3774/4693/1446 3773/4691/1444 3786/4700/1451 3787/4703/1454
f 3767/4694/1447 3766/4692/1445 3779/4702/1453 3780/4704/1455
f 3775/4670/1435 3774/4693/1446 3787/4703/1454 3788/4705/1456
f 3768/4672/1437 3767/4694/1447 3780/4704/1455 3781/4706/1457
f 3776/4671/1436 3775/4670/1435 3788/4705/1456 3789/4707/1458
f 3769/4673/1438 3768/4672/1437 3781/4706/1457 3782/4708/1459
f 4377/4674/1439 3776/4671/1436 3789/4707/1458 4378/4709/1460
f 3770/4675/1440 3769/4673/1438 3782/4708/1459 3783/4710/1461
f 3790/4711/1450 3803/4712/1462 3898/4713/1462 3897/4714/1450
f 3771/4680/1441 3770/4675/1440 3783/4710/1461 3784/4715/1463
f 3516/4716/1176 3529/4717/1197 3877/4718/1197 3876/4719/1176
f 3772/4685/1442 3771/4680/1441 3784/4715/1463 3785/4699/1450
f 3765/4686/1443 3712/4344/1127 3778/4701/1452
f 4378/4709/1460 3789/4707/1458 3802/4720/1464 4379/4721/1465
f 3783/4710/1461 3782/4708/1459 3795/4722/1466 3796/4723/1467
f 3764/4724/1423 3777/4725/1442 3896/4726/1442 3895/4727/1423
f 3784/4715/1463 3783/4710/1461 3796/4723/1467 3797/4728/1468
f 3620/4633/1278 3633/4729/1296 3885/4730/1296 3884/4634/1278
f 3785/4699/1450 3784/4715/1463 3797/4728/1468 3798/4731/1462
f 3778/4701/1452 3712/4344/1127 3791/4732/1469
f 3477/4682/1125 3490/4733/1152 3874/4734/1152 3872/4683/1125
f 3786/4700/1451 3785/4699/1450 3798/4731/1462 3799/4735/1470
f 3779/4702/1453 3778/4701/1452 3791/4732/1469 3792/4736/1471
f 3787/4703/1454 3786/4700/1451 3799/4735/1470 3800/4737/1472
f 3780/4704/1455 3779/4702/1453 3792/4736/1471 3793/4738/1473
f 3788/4705/1456 3787/4703/1454 3800/4737/1472 3801/4739/1474
f 3781/4706/1457 3780/4704/1455 3793/4738/1473 3794/4740/1475
f 3789/4707/1458 3788/4705/1456 3801/4739/1474 3802/4720/1464
f 3782/4708/1459 3781/4706/1457 3794/4740/1475 3795/4722/1466
f 3792/4736/1471 3791/4732/1469 3804/4741/1476 3805/4742/1477
f 3800/4737/1472 3799/4735/1470 3812/4743/1478 3813/4744/1479
f 3793/4738/1473 3792/4736/1471 3805/4742/1477 3806/4745/1480
f 3801/4739/1474 3800/4737/1472 3813/4744/1479 3814/4746/1481
f 3794/4740/1475 3793/4738/1473 3806/4745/1480 3807/4747/1482
f 3802/4720/1464 3801/4739/1474 3814/4746/1481 3815/4748/1483
f 3795/4722/1466 3794/4740/1475 3807/4747/1482 3808/4749/1484
f 4379/4721/1465 3802/4720/1464 3815/4748/1483 4380/4750/1485
f 3796/4723/1467 3795/4722/1466 3808/4749/1484 3809/4751/1486
f 3659/4677/1321 3672/4752/1340 3888/4753/1340 3887/4678/1321
f 3797/4728/1468 3796/4723/1467 3809/4751/1486 3810/4754/1487
f 3555/4649/1221 3568/4755/1226 3880/4756/1226 3879/4650/1221
f 3798/4731/1462 3797/4728/1468 3810/4754/1487 3811/4757/1488
f 3791/4732/1469 3712/4344/1127 3804/4741/1476
f 3803/4712/1462 3816/4758/1488 3899/4759/1488 3898/4713/1462
f 3799/4735/1470 3798/4731/1462 3811/4757/1488 3812/4743/1478
f 3809/4751/1486 3808/4749/1484 3821/4760/1489 3822/4761/1490
f 3698/4667/1365 3711/4762/1370 3891/4763/1370 3890/4668/1365
f 3810/4754/1487 3809/4751/1486 3822/4761/1490 3823/4764/1491
f 3490/4733/1152 3503/4765/1172 3875/4766/1172 3874/4734/1152
f 3811/4757/1488 3810/4754/1487 3823/4764/1491 3824/4767/1448
f 3804/4741/1476 3712/4344/1127 3817/4768/1492
f 3842/4696/1449 3855/4638/1417 3902/4641/1417 3901/4697/1449
f 3812/4743/1478 3811/4757/1488 3824/4767/1448 3825/4769/1493
f 3805/4742/1477 3804/4741/1476 3817/4768/1492 3818/4770/1494
f 3813/4744/1479 3812/4743/1478 3825/4769/1493 3826/4771/1495
f 3806/4745/1480 3805/4742/1477 3818/4770/1494 3819/4772/1496
f 3814/4746/1481 3813/4744/1479 3826/4771/1495 3827/4773/1497
f 3807/4747/1482 3806/4745/1480 3819/4772/1496 3820/4774/1498
f 3815/4748/1483 3814/4746/1481 3827/4773/1497 3828/4775/1499
f 3808/4749/1484 3807/4747/1482 3820/4774/1498 3821/4760/1489
f 4380/4750/1485 3815/4748/1483 3828/4775/1499 4381/4776/1500
f 3826/4771/1495 3825/4769/1493 3838/4777/1501 3839/4778/1502
f 3819/4772/1496 3818/4770/1494 3831/4779/1503 3832/4780/1504
f 3827/4773/1497 3826/4771/1495 3839/4778/1502 3840/4781/1505
f 3820/4774/1498 3819/4772/1496 3832/4780/1504 3833/4782/1506
f 3828/4775/1499 3827/4773/1497 3840/4781/1505 3841/4783/1507
f 3821/4760/1489 3820/4774/1498 3833/4782/1506 3834/4784/1508
f 4381/4776/1500 3828/4775/1499 3841/4783/1507 4382/4785/1509
f 3822/4761/1490 3821/4760/1489 3834/4784/1508 3835/4786/1510
f 3738/4663/1395 3751/4787/1415 3894/4788/1415 3893/4664/1395
f 3823/4764/1491 3822/4761/1490 3835/4786/1510 3836/4789/1511
f 3633/4729/1296 3646/4676/1303 3886/4679/1303 3885/4730/1296
f 3824/4767/1448 3823/4764/1491 3836/4789/1511 3837/4790/1449
f 3817/4768/1492 3712/4344/1127 3830/4791/1512
f 3594/4688/1252 3607/4632/1271 3883/4635/1271 3882/4689/1252
f 3825/4769/1493 3824/4767/1448 3837/4790/1449 3838/4777/1501
f 3818/4770/1494 3817/4768/1492 3830/4791/1512 3831/4779/1503
f 3777/4725/1442 3790/4711/1450 3897/4714/1450 3896/4726/1442
f 3836/4789/1511 3835/4786/1510 3848/4792/1513 3849/4793/1514
f 3529/4717/1197 3542/4648/1201 3878/4651/1201 3877/4718/1197
f 3837/4790/1449 3836/4789/1511 3849/4793/1514 3850/4794/1417
f 3830/4791/1512 3712/4344/1127 3843/4795/1515
f 3816/4758/1488 3829/4695/1448 3900/4698/1448 3899/4759/1488
f 3838/4777/1501 3837/4790/1449 3850/4794/1417 3851/4796/1516
f 3831/4779/1503 3830/4791/1512 3843/4795/1515 3844/4797/1517
f 3839/4778/1502 3838/4777/1501 3851/4796/1516 3852/4798/1518
f 3832/4780/1504 3831/4779/1503 3844/4797/1517 3845/4799/1519
f 3840/4781/1505 3839/4778/1502 3852/4798/1518 3853/4800/1520
f 3833/4782/1506 3832/4780/1504 3845/4799/1519 3846/4801/1521
f 3841/4783/1507 3840/4781/1505 3853/4800/1520 3854/4802/1522
f 3834/4784/1508 3833/4782/1506 3846/4801/1521 3847/4803/1523
f 4382/4785/1509 3841/4783/1507 3854/4802/1522 4383/4804/1524
f 3835/4786/1510 3834/4784/1508 3847/4803/1523 3848/4792/1513
f 3845/4799/1519 3844/4797/1517 3857/4805/1525 3858/4806/1526
f 3853/4800/1520 3852/4798/1518 3865/4807/1527 3866/4808/1528
f 3846/4801/1521 3845/4799/1519 3858/4806/1526 3859/4809/1529
f 3854/4802/1522 3853/4800/1520 3866/4808/1528 3867/4810/1530
f 3847/4803/1523 3846/4801/1521 3859/4809/1529 3860/4811/1531
f 4383/4804/1524 3854/4802/1522 3867/4810/1530 4384/4812/1532
f 3848/4792/1513 3847/4803/1523 3860/4811/1531 3861/4813/1533
f 3672/4752/1340 3685/4666/1344 3889/4669/1344 3888/4753/1340
f 3849/4793/1514 3848/4792/1513 3861/4813/1533 3862/4814/1534
f 3503/4765/1172 3516/4716/1176 3876/4719/1176 3875/4766/1172
f 3850/4794/1417 3849/4793/1514 3862/4814/1534 3863/4815/1418
f 3843/4795/1515 3712/4344/1127 3856/4816/1535
f 3711/4762/1370 3725/4662/1390 3892/4665/1390 3891/4763/1370
f 3851/4796/1516 3850/4794/1417 3863/4815/1418 3864/4817/1536
f 3844/4797/1517 3843/4795/1515 3856/4816/1535 3857/4805/1525
f 3852/4798/1518 3851/4796/1516 3864/4817/1536 3865/4807/1527
f 3862/4814/1534 3861/4813/1533 3460/4338/1121 3461/4337/1120
f 3568/4755/1226 3581/4687/1246 3881/4690/1246 3880/4756/1226
f 3863/4815/1418 3862/4814/1534 3461/4337/1120 3462/4341/1124
f 3856/4816/1535 3712/4344/1127 3455/4343/1126
f 3868/4639/1418 3464/4681/1124 3873/4684/1124 3903/4640/1418
f 3864/4817/1536 3863/4815/1418 3462/4341/1124 3463/4346/1129
f 3857/4805/1525 3856/4816/1535 3455/4343/1126 3456/4348/1131
f 3865/4807/1527 3864/4817/1536 3463/4346/1129 3869/4350/1133
f 3858/4806/1526 3857/4805/1525 3456/4348/1131 3457/4352/1135
f 3866/4808/1528 3865/4807/1527 3869/4350/1133 3870/4354/1137
f 3859/4809/1529 3858/4806/1526 3457/4352/1135 3458/4356/1139
f 3867/4810/1530 3866/4808/1528 3870/4354/1137 3871/4358/1141
f 3860/4811/1531 3859/4809/1529 3458/4356/1139 3459/4360/1143
f 4384/4812/1532 3867/4810/1530 3871/4358/1141 4353/4362/1145
f 3861/4813/1533 3860/4811/1531 3459/4360/1143 3460/4338/1121
f 3751/4787/1415 3764/4724/1423 3895/4727/1423 3894/4788/1415
f 3910/4818/1120 3920/4819/1534 3919/4820/1533 3909/4821/1121
f 3911/4822/1124 3921/4823/1418 3920/4819/1534 3910/4818/1120
f 3904/4824/1126 3914/4825/1535 4161/4826/1127
f 3912/4827/1129 3922/4828/1536 3921/4823/1418 3911/4822/1124
f 3905/4829/1131 3915/4830/1525 3914/4825/1535 3904/4824/1126
f 4318/4831/1133 3923/4832/1527 3922/4828/1536 3912/4827/1129
f 3906/4833/1135 3916/4834/1526 3915/4830/1525 3905/4829/1131
f 4319/4835/1137 3924/4836/1528 3923/4832/1527 4318/4831/1133
f 3907/4837/1139 3917/4838/1529 3916/4834/1526 3906/4833/1135
f 4320/4839/1141 3925/4840/1530 3924/4836/1528 4319/4835/1137
f 3908/4841/1143 3918/4842/1531 3917/4838/1529 3907/4837/1139
f 4385/4843/1145 4386/4844/1532 3925/4840/1530 4320/4839/1141
f 3909/4821/1121 3919/4820/1533 3918/4842/1531 3908/4841/1143
f 4386/4844/1532 4387/4845/1524 3938/4846/1522 3925/4840/1530
f 3919/4820/1533 3932/4847/1513 3931/4848/1523 3918/4842/1531
f 3920/4819/1534 3933/4849/1514 3932/4847/1513 3919/4820/1533
f 3921/4823/1418 3934/4850/1417 3933/4849/1514 3920/4819/1534
f 3914/4825/1535 3927/4851/1515 4161/4826/1127
f 3922/4828/1536 3935/4852/1516 3934/4850/1417 3921/4823/1418
f 3915/4830/1525 3928/4853/1517 3927/4851/1515 3914/4825/1535
f 3923/4832/1527 3936/4854/1518 3935/4852/1516 3922/4828/1536
f 3916/4834/1526 3929/4855/1519 3928/4853/1517 3915/4830/1525
f 3924/4836/1528 3937/4856/1520 3936/4854/1518 3923/4832/1527
f 3917/4838/1529 3930/4857/1521 3929/4855/1519 3916/4834/1526
f 3925/4840/1530 3938/4846/1522 3937/4856/1520 3924/4836/1528
f 3918/4842/1531 3931/4848/1523 3930/4857/1521 3917/4838/1529
f 3928/4853/1517 3941/4858/1503 3940/4859/1537 3927/4851/1515
f 3936/4854/1518 3949/4860/1502 3948/4861/1501 3935/4852/1516
f 3929/4855/1519 3942/4862/1504 3941/4858/1503 3928/4853/1517
f 3937/4856/1520 3950/4863/1505 3949/4860/1502 3936/4854/1518
f 3930/4857/1521 3943/4864/1506 3942/4862/1504 3929/4855/1519
f 3938/4846/1522 3951/4865/1507 3950/4863/1505 3937/4856/1520
f 3931/4848/1523 3944/4866/1508 3943/4864/1506 3930/4857/1521
f 4387/4845/1524 4388/4867/1509 3951/4865/1507 3938/4846/1522
f 3932/4847/1513 3945/4868/1510 3944/4866/1508 3931/4848/1523
f 3933/4849/1514 3946/4869/1511 3945/4868/1510 3932/4847/1513
f 3934/4850/1417 3947/4870/1449 3946/4869/1511 3933/4849/1514
f 3927/4851/1515 3940/4859/1537 4161/4826/1127
f 3935/4852/1516 3948/4861/1501 3947/4870/1449 3934/4850/1417
f 3945/4868/1510 3958/4871/1490 3957/4872/1489 3944/4866/1508
f 3946/4869/1511 3959/4873/1491 3958/4871/1490 3945/4868/1510
f 3947/4870/1449 3960/4874/1448 3959/4873/1491 3946/4869/1511
f 3940/4859/1537 3953/4875/1492 4161/4826/1127
f 3948/4861/1501 3961/4876/1493 3960/4874/1448 3947/4870/1449
f 3941/4858/1503 3954/4877/1494 3953/4875/1492 3940/4859/1537
f 3949/4860/1502 3962/4878/1495 3961/4876/1493 3948/4861/1501
f 3942/4862/1504 3955/4879/1496 3954/4877/1494 3941/4858/1503
f 3950/4863/1505 3963/4880/1497 3962/4878/1495 3949/4860/1502
f 3943/4864/1506 3956/4881/1498 3955/4879/1496 3942/4862/1504
f 3951/4865/1507 3964/4882/1499 3963/4880/1497 3950/4863/1505
f 3944/4866/1508 3957/4872/1489 3956/4881/1498 3943/4864/1506
f 4388/4867/1509 4389/4883/1500 3964/4882/1499 3951/4865/1507
f 3962/4878/1495 3975/4884/1479 3974/4885/1478 3961/4876/1493
f 3955/4879/1496 3968/4886/1480 3967/4887/1477 3954/4877/1494
f 3963/4880/1497 3976/4888/1481 3975/4884/1479 3962/4878/1495
f 3956/4881/1498 3969/4889/1482 3968/4886/1480 3955/4879/1496
f 3964/4882/1499 3977/4890/1483 3976/4888/1481 3963/4880/1497
f 3957/4872/1489 3970/4891/1484 3969/4889/1482 3956/4881/1498
f 4389/4883/1500 4390/4892/1485 3977/4890/1483 3964/4882/1499
f 3958/4871/1490 3971/4893/1486 3970/4891/1484 3957/4872/1489
f 3959/4873/1491 3972/4894/1487 3971/4893/1486 3958/4871/1490
f 3960/4874/1448 3973/4895/1488 3972/4894/1487 3959/4873/1491
f 3953/4875/1492 3966/4896/1476 4161/4826/1127
f 3961/4876/1493 3974/4885/1478 3973/4895/1488 3960/4874/1448
f 3954/4877/1494 3967/4887/1477 3966/4896/1476 3953/4875/1492
f 3972/4894/1487 3985/4897/1468 3984/4898/1467 3971/4893/1486
f 3973/4895/1488 3986/4899/1462 3985/4897/1468 3972/4894/1487
f 3966/4896/1476 3979/4900/1469 4161/4826/1127
f 3974/4885/1478 3987/4901/1470 3986/4899/1462 3973/4895/1488
f 3967/4887/1477 3980/4902/1471 3979/4900/1469 3966/4896/1476
f 3975/4884/1479 3988/4903/1472 3987/4901/1470 3974/4885/1478
f 3968/4886/1480 3981/4904/1473 3980/4902/1471 3967/4887/1477
f 3976/4888/1481 3989/4905/1474 3988/4903/1472 3975/4884/1479
f 3969/4889/1482 3982/4906/1475 3981/4904/1473 3968/4886/1480
f 3977/4890/1483 3990/4907/1464 3989/4905/1474 3976/4888/1481
f 3970/4891/1484 3983/4908/1466 3982/4906/1475 3969/4889/1482
f 4390/4892/1485 4391/4909/1538 3990/4907/1464 3977/4890/1483
f 3971/4893/1486 3984/4898/1467 3983/4908/1466 3970/4891/1484
f 3989/4905/1474 4002/4910/1456 4001/4911/1454 3988/4903/1472
f 3982/4906/1475 3995/4912/1457 3994/4913/1455 3981/4904/1473
f 3990/4907/1464 4003/4914/1458 4002/4910/1456 3989/4905/1474
f 3983/4908/1466 3996/4915/1459 3995/4912/1457 3982/4906/1475
f 4391/4909/1538 4392/4916/1460 4003/4914/1458 3990/4907/1464
f 3984/4898/1467 3997/4917/1461 3996/4915/1459 3983/4908/1466
f 3985/4897/1468 3998/4918/1463 3997/4917/1461 3984/4898/1467
f 3986/4899/1462 3999/4919/1450 3998/4918/1463 3985/4897/1468
f 3979/4900/1469 3992/4920/1452 4161/4826/1127
f 3987/4901/1470 4000/4921/1451 3999/4919/1450 3986/4899/1462
f 3980/4902/1471 3993/4922/1453 3992/4920/1452 3979/4900/1469
f 3988/4903/1472 4001/4911/1454 4000/4921/1451 3987/4901/1470
f 3981/4904/1473 3994/4913/1455 3993/4922/1453 3980/4902/1471
f 3999/4919/1450 4012/4923/1442 4011/4924/1441 3998/4918/1463
f 3992/4920/1452 4005/4925/1443 4161/4826/1127
f 4000/4921/1451 4013/4926/1444 4012/4923/1442 3999/4919/1450
f 3993/4922/1453 4006/4927/1445 4005/4925/1443 3992/4920/1452
f 4001/4911/1454 4014/4928/1446 4013/4926/1444 4000/4921/1451
f 3994/4913/1455 4007/4929/1447 4006/4927/1445 3993/4922/1453
f 4002/4910/1456 4015/4930/1435 4014/4928/1446 4001/4911/1454
f 3995/4912/1457 4008/4931/1437 4007/4929/1447 3994/4913/1455
f 4003/4914/1458 4016/4932/1436 4015/4930/1435 4002/4910/1456
f 3996/4915/1459 4009/4933/1438 4008/4931/1437 3995/4912/1457
f 4392/4916/1460 4393/4934/1439 4016/4932/1436 4003/4914/1458
f 3997/4917/1461 4010/4935/1440 4009/4933/1438 3996/4915/1459
f 3998/4918/1463 4011/4924/1441 4010/4935/1440 3997/4917/1461
f 4008/4931/1437 4021/4936/1430 4020/4937/1428 4007/4929/1447
f 4016/4932/1436 4029/4938/1431 4028/4939/1429 4015/4930/1435
f 4009/4933/1438 4022/4940/1432 4021/4936/1430 4008/4931/1437
f 4393/4934/1439 4394/4941/1433 4029/4938/1431 4016/4932/1436
f 4010/4935/1440 4023/4942/1434 4022/4940/1432 4009/4933/1438
f 4011/4924/1441 4024/4943/1422 4023/4942/1434 4010/4935/1440
f 4012/4923/1442 4025/4944/1423 4024/4943/1422 4011/4924/1441
f 4005/4925/1443 4018/4945/1424 4161/4826/1127
f 4013/4926/1444 4026/4946/1425 4025/4944/1423 4012/4923/1442
f 4006/4927/1445 4019/4947/1426 4018/4945/1424 4005/4925/1443
f 4014/4928/1446 4027/4948/1427 4026/4946/1425 4013/4926/1444
f 4007/4929/1447 4020/4937/1428 4019/4947/1426 4006/4927/1445
f 4015/4930/1435 4028/4939/1429 4027/4948/1427 4014/4928/1446
f 4025/4944/1423 4038/4949/1415 4037/4950/1414 4024/4943/1422
f 4018/4945/1424 4031/4951/1416 4161/4826/1127
f 4026/4946/1425 4039/4952/1419 4038/4949/1415 4025/4944/1423
f 4019/4947/1426 4032/4953/1420 4031/4951/1416 4018/4945/1424
f 4027/4948/1427 4040/4954/1421 4039/4952/1419 4026/4946/1425
f 4020/4937/1428 4033/4955/1407 4032/4953/1420 4019/4947/1426
f 4028/4939/1429 4041/4956/1409 4040/4954/1421 4027/4948/1427
f 4021/4936/1430 4034/4957/1408 4033/4955/1407 4020/4937/1428
f 4029/4938/1431 4042/4958/1410 4041/4956/1409 4028/4939/1429
f 4022/4940/1432 4035/4959/1411 4034/4957/1408 4021/4936/1430
f 4394/4941/1433 4395/4960/1412 4042/4958/1410 4029/4938/1431
f 4023/4942/1434 4036/4961/1413 4035/4959/1411 4022/4940/1432
f 4024/4943/1422 4037/4950/1414 4036/4961/1413 4023/4942/1434
f 4042/4958/1410 4055/4962/1403 4054/4963/1401 4041/4956/1409
f 4035/4959/1411 4048/4964/1404 4047/4965/1402 4034/4957/1408
f 4395/4960/1412 4396/4966/1405 4055/4962/1403 4042/4958/1410
f 4036/4961/1413 4049/4967/1406 4048/4964/1404 4035/4959/1411
f 4037/4950/1414 4050/4968/1394 4049/4967/1406 4036/4961/1413
f 4038/4949/1415 4051/4969/1395 4050/4968/1394 4037/4950/1414
f 4031/4951/1416 4044/4970/1396 4161/4826/1127
f 4039/4952/1419 4052/4971/1397 4051/4969/1395 4038/4949/1415
f 4032/4953/1420 4045/4972/1398 4044/4970/1396 4031/4951/1416
f 4040/4954/1421 4053/4973/1399 4052/4971/1397 4039/4952/1419
f 4033/4955/1407 4046/4974/1400 4045/4972/1398 4032/4953/1420
f 4041/4956/1409 4054/4963/1401 4053/4973/1399 4040/4954/1421
f 4034/4957/1408 4047/4965/1402 4046/4974/1400 4033/4955/1407
f 4044/4970/1396 4057/4975/1391 4161/4826/1127
f 4052/4971/1397 4065/4976/1392 4064/4977/1390 4051/4969/1395
f 4045/4972/1398 4058/4978/1393 4057/4975/1391 4044/4970/1396
f 4053/4973/1399 4066/4979/1381 4065/4976/1392 4052/4971/1397
f 4046/4974/1400 4059/4980/1383 4058/4978/1393 4045/4972/1398
f 4054/4963/1401 4067/4981/1382 4066/4979/1381 4053/4973/1399
f 4047/4965/1402 4060/4982/1384 4059/4980/1383 4046/4974/1400
f 4055/4962/1403 4068/4983/1385 4067/4981/1382 4054/4963/1401
f 4048/4964/1404 4061/4984/1386 4060/4982/1384 4047/4965/1402
f 4396/4966/1405 4397/4985/1387 4068/4983/1385 4055/4962/1403
f 4049/4967/1406 4062/4986/1388 4061/4984/1386 4048/4964/1404
f 4050/4968/1394 4063/4987/1389 4062/4986/1388 4049/4967/1406
f 4051/4969/1395 4064/4977/1390 4063/4987/1389 4050/4968/1394
f 4061/4984/1386 4074/4988/1379 4073/4989/1377 4060/4982/1384
f 4397/4985/1387 4398/4990/1380 4081/4991/1378 4068/4983/1385
f 4062/4986/1388 4075/4992/1368 4074/4988/1379 4061/4984/1386
f 4063/4987/1389 4076/4993/1369 4075/4992/1368 4062/4986/1388
f 4064/4977/1390 4077/4994/1370 4076/4993/1369 4063/4987/1389
f 4057/4975/1391 4070/4995/1539 4161/4826/1127
f 4065/4976/1392 4078/4996/1372 4077/4994/1370 4064/4977/1390
f 4058/4978/1393 4071/4997/1373 4070/4995/1539 4057/4975/1391
f 4066/4979/1381 4079/4998/1374 4078/4996/1372 4065/4976/1392
f 4059/4980/1383 4072/4999/1375 4071/4997/1373 4058/4978/1393
f 4067/4981/1382 4080/5000/1376 4079/4998/1374 4066/4979/1381
f 4060/4982/1384 4073/4989/1377 4072/4999/1375 4059/4980/1383
f 4068/4983/1385 4081/4991/1378 4080/5000/1376 4067/4981/1382
f 4078/4996/1372 4091/5001/1367 4090/5002/1365 4077/4994/1370
f 4071/4997/1373 4084/5003/1355 4083/5004/1366 4070/4995/1539
f 4079/4998/1374 4092/5005/1357 4091/5001/1367 4078/4996/1372
f 4072/4999/1375 4085/5006/1356 4084/5003/1355 4071/4997/1373
f 4080/5000/1376 4093/5007/1358 4092/5005/1357 4079/4998/1374
f 4073/4989/1377 4086/5008/1359 4085/5006/1356 4072/4999/1375
f 4081/4991/1378 4094/5009/1360 4093/5007/1358 4080/5000/1376
f 4074/4988/1379 4087/5010/1361 4086/5008/1359 4073/4989/1377
f 4398/4990/1380 4399/5011/1362 4094/5009/1360 4081/4991/1378
f 4075/4992/1368 4088/5012/1363 4087/5010/1361 4074/4988/1379
f 4076/4993/1369 4089/5013/1364 4088/5012/1363 4075/4992/1368
f 4077/4994/1370 4090/5002/1365 4089/5013/1364 4076/4993/1369
f 4070/4995/1539 4083/5004/1366 4161/4826/1127
f 4399/5011/1362 4400/5014/1354 4107/5015/1352 4094/5009/1360
f 4088/5012/1363 4101/5016/1342 4100/5017/1353 4087/5010/1361
f 4089/5013/1364 4102/5018/1343 4101/5016/1342 4088/5012/1363
f 4090/5002/1365 4103/5019/1344 4102/5018/1343 4089/5013/1364
f 4083/5004/1366 4096/5020/1345 4161/4826/1127
f 4091/5001/1367 4104/5021/1346 4103/5019/1344 4090/5002/1365
f 4084/5003/1355 4097/5022/1347 4096/5020/1345 4083/5004/1366
f 4092/5005/1357 4105/5023/1348 4104/5021/1346 4091/5001/1367
f 4085/5006/1356 4098/5024/1349 4097/5022/1347 4084/5003/1355
f 4093/5007/1358 4106/5025/1350 4105/5023/1348 4092/5005/1357
f 4086/5008/1359 4099/5026/1351 4098/5024/1349 4085/5006/1356
f 4094/5009/1360 4107/5015/1352 4106/5025/1350 4093/5007/1358
f 4087/5010/1361 4100/5017/1353 4099/5026/1351 4086/5008/1359
f 4105/5023/1348 4118/5027/1330 4117/5028/1329 4104/5021/1346
f 4098/5024/1349 4111/5029/1332 4110/5030/1331 4097/5022/1347
f 4106/5025/1350 4119/5031/1333 4118/5027/1330 4105/5023/1348
f 4099/5026/1351 4112/5032/1334 4111/5029/1332 4098/5024/1349
f 4107/5015/1352 4120/5033/1335 4119/5031/1333 4106/5025/1350
f 4100/5017/1353 4113/5034/1336 4112/5032/1334 4099/5026/1351
f 4400/5014/1354 4401/5035/1337 4120/5033/1335 4107/5015/1352
f 4101/5016/1342 4114/5036/1338 4113/5034/1336 4100/5017/1353
f 4102/5018/1343 4115/5037/1339 4114/5036/1338 4101/5016/1342
f 4103/5019/1344 4116/5038/1340 4115/5037/1339 4102/5018/1343
f 4096/5020/1345 4109/5039/1341 4161/4826/1127
f 4104/5021/1346 4117/5028/1329 4116/5038/1340 4103/5019/1344
f 4097/5022/1347 4110/5030/1331 4109/5039/1341 4096/5020/1345
f 4115/5037/1339 4128/5040/1320 4127/5041/1319 4114/5036/1338
f 4116/5038/1340 4129/5042/1321 4128/5040/1320 4115/5037/1339
f 4109/5039/1341 4122/5043/1322 4161/4826/1127
f 4117/5028/1329 4130/5044/1323 4129/5042/1321 4116/5038/1340
f 4110/5030/1331 4123/5045/1324 4122/5043/1322 4109/5039/1341
f 4118/5027/1330 4131/5046/1325 4130/5044/1323 4117/5028/1329
f 4111/5029/1332 4124/5047/1326 4123/5045/1324 4110/5030/1331
f 4119/5031/1333 4132/5048/1327 4131/5046/1325 4118/5027/1330
f 4112/5032/1334 4125/5049/1328 4124/5047/1326 4111/5029/1332
f 4120/5033/1335 4133/5050/1316 4132/5048/1327 4119/5031/1333
f 4113/5034/1336 4126/5051/1318 4125/5049/1328 4112/5032/1334
f 4401/5035/1337 4402/5052/1317 4133/5050/1316 4120/5033/1335
f 4114/5036/1338 4127/5041/1319 4126/5051/1318 4113/5034/1336
f 4124/5047/1326 4137/5053/1308 4136/5054/1306 4123/5045/1324
f 4132/5048/1327 4145/5055/1309 4144/5056/1307 4131/5046/1325
f 4125/5049/1328 4138/5057/1310 4137/5053/1308 4124/5047/1326
f 4133/5050/1316 4146/5058/1311 4145/5055/1309 4132/5048/1327
f 4126/5051/1318 4139/5059/1312 4138/5057/1310 4125/5049/1328
f 4402/5052/1317 4403/5060/1313 4146/5058/1311 4133/5050/1316
f 4127/5041/1319 4140/5061/1314 4139/5059/1312 4126/5051/1318
f 4128/5040/1320 4141/5062/1315 4140/5061/1314 4127/5041/1319
f 4129/5042/1321 4142/5063/1303 4141/5062/1315 4128/5040/1320
f 4122/5043/1322 4135/5064/1305 4161/4826/1127
f 4130/5044/1323 4143/5065/1304 4142/5063/1303 4129/5042/1321
f 4123/5045/1324 4136/5054/1306 4135/5064/1305 4122/5043/1322
f 4131/5046/1325 4144/5056/1307 4143/5065/1304 4130/5044/1323
f 4141/5062/1315 4154/5066/1295 4153/5067/1294 4140/5061/1314
f 4142/5063/1303 4155/5068/1296 4154/5066/1295 4141/5062/1315
f 4135/5064/1305 4148/5069/1540 4161/4826/1127
f 4143/5065/1304 4156/5070/1298 4155/5068/1296 4142/5063/1303
f 4136/5054/1306 4149/5071/1299 4148/5069/1540 4135/5064/1305
f 4144/5056/1307 4157/5072/1300 4156/5070/1298 4143/5065/1304
f 4137/5053/1308 4150/5073/1301 4149/5071/1299 4136/5054/1306
f 4145/5055/1309 4158/5074/1302 4157/5072/1300 4144/5056/1307
f 4138/5057/1310 4151/5075/1290 4150/5073/1301 4137/5053/1308
f 4146/5058/1311 4159/5076/1292 4158/5074/1302 4145/5055/1309
f 4139/5059/1312 4152/5077/1291 4151/5075/1290 4138/5057/1310
f 4403/5060/1313 4404/5078/1293 4159/5076/1292 4146/5058/1311
f 4140/5061/1314 4153/5067/1294 4152/5077/1291 4139/5059/1312
f 4158/5074/1302 4172/5079/1283 4171/5080/1281 4157/5072/1300
f 4151/5075/1290 4165/5081/1284 4164/5082/1282 4150/5073/1301
f 4159/5076/1292 4173/5083/1285 4172/5079/1283 4158/5074/1302
f 4152/5077/1291 4166/5084/1286 4165/5081/1284 4151/5075/1290
f 4404/5078/1293 4405/5085/1287 4173/5083/1285 4159/5076/1292
f 4153/5067/1294 4167/5086/1288 4166/5084/1286 4152/5077/1291
f 4154/5066/1295 4168/5087/1289 4167/5086/1288 4153/5067/1294
f 4155/5068/1296 4169/5088/1278 4168/5087/1289 4154/5066/1295
f 4148/5069/1540 4162/5089/1277 4161/4826/1127
f 4156/5070/1298 4170/5090/1279 4169/5088/1278 4155/5068/1296
f 4149/5071/1299 4163/5091/1280 4162/5089/1277 4148/5069/1540
f 4157/5072/1300 4171/5080/1281 4170/5090/1279 4156/5070/1298
f 4150/5073/1301 4164/5082/1282 4163/5091/1280 4149/5071/1299
f 4169/5088/1278 4182/5092/1271 4181/5093/1270 4168/5087/1289
f 4162/5089/1277 4175/5094/1272 4161/4826/1127
f 4170/5090/1279 4183/5095/1273 4182/5092/1271 4169/5088/1278
f 4163/5091/1280 4176/5096/1274 4175/5094/1272 4162/5089/1277
f 4171/5080/1281 4184/5097/1275 4183/5095/1273 4170/5090/1279
f 4164/5082/1282 4177/5098/1276 4176/5096/1274 4163/5091/1280
f 4172/5079/1283 4185/5099/1264 4184/5097/1275 4171/5080/1281
f 4165/5081/1284 4178/5100/1266 4177/5098/1276 4164/5082/1282
f 4173/5083/1285 4186/5101/1265 4185/5099/1264 4172/5079/1283
f 4166/5084/1286 4179/5102/1267 4178/5100/1266 4165/5081/1284
f 4405/5085/1287 4406/5103/1268 4186/5101/1265 4173/5083/1285
f 4167/5086/1288 4180/5104/1269 4179/5102/1267 4166/5084/1286
f 4168/5087/1289 4181/5093/1270 4180/5104/1269 4167/5086/1288
f 4178/5100/1266 4191/5105/1259 4190/5106/1257 4177/5098/1276
f 4186/5101/1265 4199/5107/1260 4198/5108/1258 4185/5099/1264
f 4179/5102/1267 4192/5109/1261 4191/5105/1259 4178/5100/1266
f 4406/5103/1268 4407/5110/1262 4199/5107/1260 4186/5101/1265
f 4180/5104/1269 4193/5111/1263 4192/5109/1261 4179/5102/1267
f 4181/5093/1270 4194/5112/1251 4193/5111/1263 4180/5104/1269
f 4056/5113/1395 4332/5114/1395 4333/5115/1390 4069/5116/1390
f 4182/5092/1271 4195/5117/1252 4194/5112/1251 4181/5093/1270
f 4175/5094/1272 4188/5118/1541 4161/4826/1127
f 4304/5119/1152 4351/5120/1152 4352/5121/1125 4317/5122/1125
f 4183/5095/1273 4196/5123/1254 4195/5117/1252 4182/5092/1271
f 4176/5096/1274 4189/5124/1255 4188/5118/1541 4175/5094/1272
f 4184/5097/1275 4197/5125/1256 4196/5123/1254 4183/5095/1273
f 4177/5098/1276 4190/5106/1257 4189/5124/1255 4176/5096/1274
f 4185/5099/1264 4198/5108/1258 4197/5125/1256 4184/5097/1275
f 4195/5117/1252 4208/5126/1246 4207/5127/1245 4194/5112/1251
f 4188/5118/1541 4201/5128/1247 4161/4826/1127
f 3991/5129/1462 4327/5130/1462 4328/5131/1450 4004/5132/1450
f 4196/5123/1254 4209/5133/1248 4208/5126/1246 4195/5117/1252
f 4189/5124/1255 4202/5134/1249 4201/5128/1247 4188/5118/1541
f 4197/5125/1256 4210/5135/1250 4209/5133/1248 4196/5123/1254
f 4190/5106/1257 4203/5136/1238 4202/5134/1249 4189/5124/1255
f 4198/5108/1258 4211/5137/1240 4210/5135/1250 4197/5125/1256
f 4191/5105/1259 4204/5138/1239 4203/5136/1238 4190/5106/1257
f 4199/5107/1260 4212/5139/1241 4211/5137/1240 4198/5108/1258
f 4192/5109/1261 4205/5140/1242 4204/5138/1239 4191/5105/1259
f 4407/5110/1262 4408/5141/1243 4212/5139/1241 4199/5107/1260
f 4193/5111/1263 4206/5142/1244 4205/5140/1242 4192/5109/1261
f 4174/5143/1278 4341/5144/1278 4342/5145/1271 4187/5146/1271
f 4194/5112/1251 4207/5127/1245 4206/5142/1244 4193/5111/1263
f 4134/5147/1321 4338/5148/1321 4339/5149/1303 4147/5150/1303
f 4212/5139/1241 4225/5151/1234 4224/5152/1232 4211/5137/1240
f 4205/5140/1242 4218/5153/1235 4217/5154/1233 4204/5138/1239
f 4408/5141/1243 4409/5155/1236 4225/5151/1234 4212/5139/1241
f 4206/5142/1244 4219/5156/1237 4218/5153/1235 4205/5140/1242
f 4095/5157/1365 4335/5158/1365 4336/5159/1344 4108/5160/1344
f 4207/5127/1245 4220/5161/1225 4219/5156/1237 4206/5142/1244
f 3913/5162/1124 4322/5163/1124 4321/5164/1418 3926/5165/1418
f 4208/5126/1246 4221/5166/1226 4220/5161/1225 4207/5127/1245
f 4201/5128/1247 4214/5167/1227 4161/4826/1127
f 4030/5168/1423 4330/5169/1423 4331/5170/1415 4043/5171/1415
f 4209/5133/1248 4222/5172/1228 4221/5166/1226 4208/5126/1246
f 4202/5134/1249 4215/5173/1229 4214/5167/1227 4201/5128/1247
f 4210/5135/1250 4223/5174/1230 4222/5172/1228 4209/5133/1248
f 4203/5136/1238 4216/5175/1231 4215/5173/1229 4202/5134/1249
f 4211/5137/1240 4224/5152/1232 4223/5174/1230 4210/5135/1250
f 4204/5138/1239 4217/5154/1233 4216/5175/1231 4203/5136/1238
f 4278/5176/1176 4349/5177/1176 4350/5178/1172 4291/5179/1172
f 4222/5172/1228 4235/5180/1223 4234/5181/1221 4221/5166/1226
f 4215/5173/1229 4228/5182/1224 4227/5183/1222 4214/5167/1227
f 4223/5174/1230 4236/5184/1212 4235/5180/1223 4222/5172/1228
f 4216/5175/1231 4229/5185/1214 4228/5182/1224 4215/5173/1229
f 4224/5152/1232 4237/5186/1213 4236/5184/1212 4223/5174/1230
f 4217/5154/1233 4230/5187/1215 4229/5185/1214 4216/5175/1231
f 4225/5151/1234 4238/5188/1216 4237/5186/1213 4224/5152/1232
f 4218/5153/1235 4231/5189/1217 4230/5187/1215 4217/5154/1233
f 4409/5155/1236 4410/5190/1218 4238/5188/1216 4225/5151/1234
f 4219/5156/1237 4232/5191/1219 4231/5189/1217 4218/5153/1235
f 4239/5192/1221 4346/5193/1221 4347/5194/1201 4252/5195/1201
f 4220/5161/1225 4233/5196/1220 4232/5191/1219 4219/5156/1237
f 3965/5197/1448 4325/5198/1448 4326/5199/1488 3978/5200/1488
f 4221/5166/1226 4234/5181/1221 4233/5196/1220 4220/5161/1225
f 4214/5167/1227 4227/5183/1222 4161/4826/1127
f 4410/5190/1218 4411/5201/1211 4251/5202/1209 4238/5188/1216
f 4232/5191/1219 4245/5203/1199 4244/5204/1210 4231/5189/1217
f 4213/5205/1246 4344/5206/1246 4345/5207/1226 4226/5208/1226
f 4233/5196/1220 4246/5209/1200 4245/5203/1199 4232/5191/1219
f 4069/5116/1390 4333/5115/1390 4334/5210/1370 4082/5211/1370
f 4234/5181/1221 4247/5212/1201 4246/5209/1200 4233/5196/1220
f 4227/5183/1222 4240/5213/1202 4161/4826/1127
f 3926/5165/1418 4321/5164/1418 4323/5214/1417 3939/5215/1417
f 4235/5180/1223 4248/5216/1203 4247/5212/1201 4234/5181/1221
f 4228/5182/1224 4241/5217/1204 4240/5213/1202 4227/5183/1222
f 4236/5184/1212 4249/5218/1205 4248/5216/1203 4235/5180/1223
f 4229/5185/1214 4242/5219/1206 4241/5217/1204 4228/5182/1224
f 4237/5186/1213 4250/5220/1207 4249/5218/1205 4236/5184/1212
f 4230/5187/1215 4243/5221/1208 4242/5219/1206 4229/5185/1214
f 4238/5188/1216 4251/5202/1209 4250/5220/1207 4237/5186/1213
f 4231/5189/1217 4244/5204/1210 4243/5221/1208 4230/5187/1215
f 4241/5217/1204 4254/5222/1188 4253/5223/1198 4240/5213/1202
f 4249/5218/1205 4262/5224/1187 4261/5225/1186 4248/5216/1203
f 4242/5219/1206 4255/5226/1189 4254/5222/1188 4241/5217/1204
f 4250/5220/1207 4263/5227/1190 4262/5224/1187 4249/5218/1205
f 4243/5221/1208 4256/5228/1191 4255/5226/1189 4242/5219/1206
f 4251/5202/1209 4264/5229/1192 4263/5227/1190 4250/5220/1207
f 4244/5204/1210 4257/5230/1193 4256/5228/1191 4243/5221/1208
f 4411/5201/1211 4412/5231/1194 4264/5229/1192 4251/5202/1209
f 4245/5203/1199 4258/5232/1195 4257/5230/1193 4244/5204/1210
f 4108/5160/1344 4336/5159/1344 4337/5233/1340 4121/5234/1340
f 4246/5209/1200 4259/5235/1196 4258/5232/1195 4245/5203/1199
f 4004/5132/1450 4328/5131/1450 4329/5236/1442 4017/5237/1442
f 4247/5212/1201 4260/5238/1197 4259/5235/1196 4246/5209/1200
f 4240/5213/1202 4253/5223/1198 4161/4826/1127
f 4252/5195/1201 4347/5194/1201 4348/5239/1197 4265/5240/1197
f 4248/5216/1203 4261/5225/1186 4260/5238/1197 4247/5212/1201
f 4258/5232/1195 4271/5241/1174 4270/5242/1173 4257/5230/1193
f 4147/5150/1303 4339/5149/1303 4340/5243/1296 4160/5244/1296
f 4259/5235/1196 4272/5245/1175 4271/5241/1174 4258/5232/1195
f 3939/5215/1417 4323/5214/1417 4324/5246/1449 3952/5247/1449
f 4260/5238/1197 4273/5248/1176 4272/5245/1175 4259/5235/1196
f 4253/5223/1198 4266/5249/1177 4161/4826/1127
f 4291/5179/1172 4350/5178/1172 4351/5120/1152 4304/5119/1152
f 4261/5225/1186 4274/5250/1178 4273/5248/1176 4260/5238/1197
f 4254/5222/1188 4267/5251/1179 4266/5249/1177 4253/5223/1198
f 4262/5224/1187 4275/5252/1180 4274/5250/1178 4261/5225/1186
f 4255/5226/1189 4268/5253/1181 4267/5251/1179 4254/5222/1188
f 4263/5227/1190 4276/5254/1182 4275/5252/1180 4262/5224/1187
f 4256/5228/1191 4269/5255/1183 4268/5253/1181 4255/5226/1189
f 4264/5229/1192 4277/5256/1184 4276/5254/1182 4263/5227/1190
f 4257/5230/1193 4270/5242/1173 4269/5255/1183 4256/5228/1191
f 4412/5231/1194 4413/5257/1185 4277/5256/1184 4264/5229/1192
f 4275/5252/1180 4288/5258/1163 4287/5259/1162 4274/5250/1178
f 4268/5253/1181 4281/5260/1164 4280/5261/1161 4267/5251/1179
f 4276/5254/1182 4289/5262/1165 4288/5258/1163 4275/5252/1180
f 4269/5255/1183 4282/5263/1166 4281/5260/1164 4268/5253/1181
f 4277/5256/1184 4290/5264/1167 4289/5262/1165 4276/5254/1182
f 4270/5242/1173 4283/5265/1168 4282/5263/1166 4269/5255/1183
f 4413/5257/1185 4414/5266/1169 4290/5264/1167 4277/5256/1184
f 4271/5241/1174 4284/5267/1170 4283/5265/1168 4270/5242/1173
f 4187/5146/1271 4342/5145/1271 4343/5268/1252 4200/5269/1252
f 4272/5245/1175 4285/5270/1171 4284/5267/1170 4271/5241/1174
f 4082/5211/1370 4334/5210/1370 4335/5158/1365 4095/5157/1365
f 4273/5248/1176 4286/5271/1172 4285/5270/1171 4272/5245/1175
f 4266/5249/1177 4279/5272/1160 4161/4826/1127
f 4043/5171/1415 4331/5170/1415 4332/5114/1395 4056/5113/1395
f 4274/5250/1178 4287/5259/1162 4286/5271/1172 4273/5248/1176
f 4267/5251/1179 4280/5261/1161 4279/5272/1160 4266/5249/1177
f 4226/5208/1226 4345/5207/1226 4346/5193/1221 4239/5192/1221
f 4285/5270/1171 4298/5273/1151 4297/5274/1150 4284/5267/1170
f 3978/5200/1488 4326/5199/1488 4327/5130/1462 3991/5129/1462
f 4286/5271/1172 4299/5275/1152 4298/5273/1151 4285/5270/1171
f 4279/5272/1160 4292/5276/1153 4161/4826/1127
f 4265/5240/1197 4348/5239/1197 4349/5177/1176 4278/5176/1176
f 4287/5259/1162 4300/5277/1154 4299/5275/1152 4286/5271/1172
f 4280/5261/1161 4293/5278/1155 4292/5276/1153 4279/5272/1160
f 4288/5258/1163 4301/5279/1156 4300/5277/1154 4287/5259/1162
f 4281/5260/1164 4294/5280/1157 4293/5278/1155 4280/5261/1161
f 4289/5262/1165 4302/5281/1158 4301/5279/1156 4288/5258/1163
f 4282/5263/1166 4295/5282/1159 4294/5280/1157 4281/5260/1164
f 4290/5264/1167 4303/5283/1147 4302/5281/1158 4289/5262/1165
f 4283/5265/1168 4296/5284/1149 4295/5282/1159 4282/5263/1166
f 4414/5266/1169 4415/5285/1148 4303/5283/1147 4290/5264/1167
f 4284/5267/1170 4297/5274/1150 4296/5284/1149 4283/5265/1168
f 4294/5280/1157 4307/5286/1136 4306/5287/1132 4293/5278/1155
f 4302/5281/1158 4315/5288/1138 4314/5289/1134 4301/5279/1156
f 4295/5282/1159 4308/5290/1140 4307/5286/1136 4294/5280/1157
f 4303/5283/1147 4316/5291/1142 4315/5288/1138 4302/5281/1158
f 4296/5284/1149 4309/5292/1144 4308/5290/1140 4295/5282/1159
f 4415/5285/1148 4416/5293/1146 4316/5291/1142 4303/5283/1147
f 4297/5274/1150 4310/5294/1122 4309/5292/1144 4296/5284/1149
f 4121/5234/1340 4337/5233/1340 4338/5148/1321 4134/5147/1321
f 4298/5273/1151 4311/5295/1123 4310/5294/1122 4297/5274/1150
f 3952/5247/1449 4324/5246/1449 4325/5198/1448 3965/5197/1448
f 4299/5275/1152 4312/5296/1125 4311/5295/1123 4298/5273/1151
f 4292/5276/1153 4305/5297/1128 4161/4826/1127
f 4160/5244/1296 4340/5243/1296 4341/5144/1278 4174/5143/1278
f 4300/5277/1154 4313/5298/1130 4312/5296/1125 4299/5275/1152
f 4293/5278/1155 4306/5287/1132 4305/5297/1128 4292/5276/1153
f 4301/5279/1156 4314/5289/1134 4313/5298/1130 4300/5277/1154
f 4311/5295/1123 3910/4818/1120 3909/4821/1121 4310/5294/1122
f 4017/5237/1442 4329/5236/1442 4330/5169/1423 4030/5168/1423
f 4312/5296/1125 3911/4822/1124 3910/4818/1120 4311/5295/1123
f 4305/5297/1128 3904/4824/1126 4161/4826/1127
f 4317/5122/1125 4352/5121/1125 4322/5163/1124 3913/5162/1124
f 4313/5298/1130 3912/4827/1129 3911/4822/1124 4312/5296/1125
f 4306/5287/1132 3905/4829/1131 3904/4824/1126 4305/5297/1128
f 4314/5289/1134 4318/4831/1133 3912/4827/1129 4313/5298/1130
f 4307/5286/1136 3906/4833/1135 3905/4829/1131 4306/5287/1132
f 4315/5288/1138 4319/4835/1137 4318/4831/1133 4314/5289/1134
f 4308/5290/1140 3907/4837/1139 3906/4833/1135 4307/5286/1136
f 4316/5291/1142 4320/4839/1141 4319/4835/1137 4315/5288/1138
f 4309/5292/1144 3908/4841/1143 3907/4837/1139 4308/5290/1140
f 4416/5293/1146 4385/4843/1145 4320/4839/1141 4316/5291/1142
f 4310/5294/1122 3909/4821/1121 3908/4841/1143 4309/5292/1144
f 4200/5269/1252 4343/5268/1252 4344/5206/1246 4213/5205/1246
o Cube.004_Cube.007
v 0.712692 1.381288 0.069724
v 0.712692 1.409482 0.069724
v 0.712692 1.381288 -0.224399
v 0.712692 1.409482 -0.224399
v 1.193563 1.381288 0.069724
v 1.193563 1.409482 0.069724
v 1.193563 1.381288 -0.224399
v 1.193563 1.409482 -0.224399
v 0.712692 1.871863 0.069724
v 0.712692 1.900057 0.069724
v 0.712692 1.871863 -0.224399
v 0.712692 1.900057 -0.224399
v 1.193563 1.871863 0.069724
v 1.193563 1.900057 0.069724
v 1.193563 1.871863 -0.224399
v 1.193563 1.900057 -0.224399
v -0.712692 1.381288 0.069724
v -0.712692 1.409482 0.069724
v -0.712692 1.381288 -0.224399
v -0.712692 1.409482 -0.224399
v -1.193563 1.381288 0.069724
v -1.193563 1.409482 0.069724
v -1.193563 1.381288 -0.224399
v -1.193563 1.409482 -0.224399
v -0.712692 1.871863 0.069724
v -0.712692 1.900057 0.069724
v -0.712692 1.871863 -0.224399
v -0.712692 1.900057 -0.224399
v -1.193563 1.871863 0.069724
v -1.193563 1.900057 0.069724
v -1.193563 1.871863 -0.224399
v -1.193563 1.900057 -0.224399
vt 0.187120 0.908343
vt 0.187120 0.914276
vt 0.085926 0.914276
vt 0.085926 0.908343
vt 0.085926 0.846447
vt 0.187120 0.846447
vt 0.187120 0.976171
vt 0.085926 0.976171
vt 0.187120 0.908343
vt 0.187120 0.914276
vt 0.085926 0.914276
vt 0.085926 0.908343
vt 0.085926 0.846447
vt 0.187120 0.846447
vt 0.187120 0.976171
vt 0.085926 0.976171
vt 0.187120 0.908343
vt 0.085926 0.908343
vt 0.085926 0.914276
vt 0.187120 0.914276
vt 0.085926 0.846447
vt 0.187120 0.846447
vt 0.187120 0.976171
vt 0.085926 0.976171
vt 0.187120 0.908343
vt 0.085926 0.908343
vt 0.085926 0.914276
vt 0.187120 0.914276
vt 0.085926 0.846447
vt 0.187120 0.846447
vt 0.187120 0.976171
vt 0.085926 0.976171
vn 0.0000 0.0000 1.0000
vn 0.0000 -1.0000 0.0000
vn 0.0000 1.0000 0.0000
usemtl None
s off
f 4421/5299/1542 4422/5300/1542 4418/5301/1542 4417/5302/1542
f 4419/5303/1543 4423/5304/1543 4421/5299/1543 4417/5302/1543
f 4424/5305/1544 4420/5306/1544 4418/5301/1544 4422/5300/1544
f 4429/5307/1542 4430/5308/1542 4426/5309/1542 4425/5310/1542
f 4427/5311/1543 4431/5312/1543 4429/5307/1543 4425/5310/1543
f 4432/5313/1544 4428/5314/1544 4426/5309/1544 4430/5308/1544
f 4437/5315/1542 4433/5316/1542 4434/5317/1542 4438/5318/1542
f 4435/5319/1543 4433/5316/1543 4437/5315/1543 4439/5320/1543
f 4440/5321/1544 4438/5318/1544 4434/5317/1544 4436/5322/1544
f 4445/5323/1542 4441/5324/1542 4442/5325/1542 4446/5326/1542
f 4443/5327/1543 4441/5324/1543 4445/5323/1543 4447/5328/1543
f 4448/5329/1544 4446/5326/1544 4442/5325/1544 4444/5330/1544
o Cube.005_Cube.008
v 0.727361 0.918775 0.115393
v 0.727361 1.381472 0.115393
v 1.180233 1.381472 0.115393
v 1.180233 0.918775 0.115393
v 0.727361 1.381472 0.085085
v 0.727361 0.918775 0.085085
v 1.180233 0.918775 0.085085
v 1.180233 1.381472 0.085085
v 0.727361 1.410271 0.115393
v 0.727361 1.872968 0.115393
v 1.180233 1.872968 0.115393
v 1.180233 1.410271 0.115393
v 0.727361 1.872968 0.085085
v 0.727361 1.410271 0.085085
v 1.180233 1.410271 0.085085
v 1.180233 1.872968 0.085085
v 0.727361 1.901767 0.115393
v 0.727361 2.364464 0.115393
v 1.180233 2.364464 0.115393
v 1.180233 1.901767 0.115393
v 0.727361 2.364464 0.085085
v 0.727361 1.901767 0.085085
v 1.180233 1.901767 0.085085
v 1.180233 2.364464 0.085085
v 1.131829 1.699845 0.115393
v 1.131829 1.583394 0.115393
v 1.158247 1.583394 0.115393
v 1.158247 1.699845 0.115393
v -0.727361 0.918775 0.115393
v -0.727361 1.381472 0.115393
v -1.180233 1.381472 0.115393
v -1.180233 0.918775 0.115393
v -0.727361 1.381472 0.085085
v -0.727361 0.918775 0.085085
v -1.180233 0.918775 0.085085
v -1.180233 1.381472 0.085085
v -0.727361 1.410271 0.115393
v -0.727361 1.872968 0.115393
v -1.180233 1.872968 0.115393
v -1.180233 1.410271 0.115393
v -0.727361 1.872968 0.085085
v -0.727361 1.410271 0.085085
v -1.180233 1.410271 0.085085
v -1.180233 1.872968 0.085085
v -0.727361 1.901767 0.115393
v -0.727361 2.364464 0.115393
v -1.180233 2.364464 0.115393
v -1.180233 1.901767 0.115393
v -0.727361 2.364464 0.085085
v -0.727361 1.901767 0.085085
v -1.180233 1.901767 0.085085
v -1.180233 2.364464 0.085085
v -1.131829 1.699845 0.115393
v -1.131829 1.583394 0.115393
v -1.158247 1.583394 0.115393
v -1.158247 1.699845 0.115393
v 1.191526 0.907237 0.115393
v 1.191640 0.904375 0.112393
v 1.194327 0.907375 0.112393
v 0.713267 0.907375 0.112393
v 0.715955 0.904375 0.112393
v 0.716068 0.907237 0.115393
v 0.716068 0.907237 0.085085
v 0.715955 0.904375 0.088085
v 0.713267 0.907375 0.088085
v 1.191640 0.904375 0.088085
v 1.191526 0.907237 0.085085
v 1.194327 0.907375 0.088085
v 0.716068 1.393010 0.115393
v 0.715955 1.395871 0.112393
v 0.713267 1.392871 0.112393
v 0.713267 1.392871 0.088085
v 0.715955 1.395871 0.088085
v 0.716068 1.393010 0.085085
v 1.194327 1.392871 0.112393
v 1.191640 1.395871 0.112393
v 1.191526 1.393010 0.115393
v 1.191526 1.393010 0.085085
v 1.191640 1.395871 0.088085
v 1.194327 1.392871 0.088085
v 0.920941 1.148243 0.112393
v 0.926933 1.150260 0.115393
v 0.920940 1.152272 0.112393
v 0.953772 1.121500 0.085085
v 0.955766 1.115445 0.088085
v 0.951778 1.115445 0.088085
v 0.920941 1.148243 0.088085
v 0.920940 1.152272 0.088085
v 0.926933 1.150260 0.085085
v 0.951778 1.115445 0.112393
v 0.955766 1.115445 0.112393
v 0.953772 1.121500 0.115393
v 0.951675 1.184967 0.112393
v 0.953667 1.178914 0.115393
v 0.955664 1.184965 0.112393
v 0.986501 1.148140 0.088085
v 0.980505 1.150154 0.085085
v 0.986501 1.152167 0.088085
v 0.986501 1.152167 0.112393
v 0.980505 1.150154 0.115393
v 0.986501 1.148140 0.112393
v 0.951675 1.184967 0.088085
v 0.955664 1.184965 0.088085
v 0.953667 1.178914 0.085085
v 0.751337 0.976525 0.112393
v 0.749347 0.977510 0.112393
v 0.746660 0.967739 0.115393
v 0.781144 0.943249 0.112393
v 0.772170 0.938238 0.115393
v 0.781837 0.941238 0.112393
v 0.781144 1.356998 0.112393
v 0.781837 1.359009 0.112393
v 0.772168 1.362009 0.115393
v 0.751339 1.323723 0.112393
v 0.746660 1.332501 0.115393
v 0.749347 1.322737 0.112393
v 1.156255 1.323724 0.112393
v 1.158247 1.322737 0.112393
v 1.160935 1.332499 0.115393
v 1.126449 1.357000 0.112393
v 1.135434 1.362009 0.115393
v 1.125757 1.359009 0.112393
v 1.126450 0.943249 0.112393
v 1.125757 0.941238 0.112393
v 1.135426 0.938238 0.115393
v 1.156255 0.976524 0.112393
v 1.160935 0.967746 0.115393
v 1.158247 0.977510 0.112393
v 0.751339 1.323723 0.088085
v 0.749347 1.322737 0.088085
v 0.746660 1.332501 0.085085
v 0.781144 1.356998 0.088085
v 0.772168 1.362009 0.085085
v 0.781837 1.359009 0.088085
v 0.781144 0.943249 0.088085
v 0.781837 0.941238 0.088085
v 0.772170 0.938238 0.085085
v 0.751337 0.976525 0.088085
v 0.746660 0.967739 0.085085
v 0.749347 0.977510 0.088085
v 1.156255 0.976524 0.088085
v 1.158247 0.977510 0.088085
v 1.160935 0.967746 0.085085
v 1.126450 0.943249 0.088085
v 1.135426 0.938238 0.085085
v 1.125757 0.941238 0.088085
v 1.126449 1.357000 0.088085
v 1.125757 1.359009 0.088085
v 1.135434 1.362009 0.085085
v 1.156255 1.323724 0.088085
v 1.160935 1.332499 0.085085
v 1.158247 1.322737 0.088085
v 1.194327 1.398871 0.112393
v 1.191550 1.398708 0.115393
v 1.191640 1.395871 0.112393
v 0.713267 1.398871 0.112393
v 0.715955 1.395871 0.112393
v 0.716046 1.398710 0.115393
v 0.716032 1.398696 0.085085
v 0.715955 1.395871 0.088085
v 0.713267 1.398871 0.088085
v 1.194327 1.398871 0.088085
v 1.191640 1.395871 0.088085
v 1.191565 1.398693 0.085085
v 0.716046 1.884529 0.115393
v 0.715955 1.887367 0.112393
v 0.713267 1.884367 0.112393
v 0.713267 1.884367 0.088085
v 0.715955 1.887367 0.088085
v 0.716032 1.884543 0.085085
v 1.194327 1.884367 0.112393
v 1.191640 1.887367 0.112393
v 1.191550 1.884531 0.115393
v 1.194327 1.884367 0.088085
v 1.191565 1.884546 0.085085
v 1.191640 1.887367 0.088085
v 0.920941 1.639739 0.112393
v 0.926933 1.641756 0.115393
v 0.920940 1.643768 0.112393
v 0.953772 1.612996 0.085085
v 0.955766 1.606941 0.088085
v 0.951778 1.606941 0.088085
v 0.920941 1.639739 0.088085
v 0.920940 1.643768 0.088085
v 0.926933 1.641756 0.085085
v 0.951778 1.606941 0.112393
v 0.955766 1.606941 0.112393
v 0.953772 1.612996 0.115393
v 0.951675 1.676463 0.112393
v 0.953667 1.670410 0.115393
v 0.955664 1.676461 0.112393
v 0.986501 1.639636 0.088085
v 0.980505 1.641650 0.085085
v 0.986501 1.643663 0.088085
v 0.986501 1.643663 0.112393
v 0.980505 1.641650 0.115393
v 0.986501 1.639636 0.112393
v 0.951675 1.676463 0.088085
v 0.955664 1.676461 0.088085
v 0.953667 1.670410 0.085085
v 0.751337 1.468021 0.112393
v 0.749347 1.469006 0.112393
v 0.746660 1.459235 0.115393
v 0.781144 1.434745 0.112393
v 0.772170 1.429734 0.115393
v 0.781837 1.432734 0.112393
v 0.781144 1.848494 0.112393
v 0.781837 1.850505 0.112393
v 0.772168 1.853505 0.115393
v 0.751339 1.815219 0.112393
v 0.746660 1.823997 0.115393
v 0.749347 1.814233 0.112393
v 1.156255 1.815220 0.112393
v 1.158247 1.814233 0.112393
v 1.160935 1.823995 0.115393
v 1.126449 1.848495 0.112393
v 1.135434 1.853505 0.115393
v 1.125757 1.850505 0.112393
v 1.126450 1.434745 0.112393
v 1.125757 1.432734 0.112393
v 1.135426 1.429734 0.115393
v 1.158247 1.469006 0.112393
v 1.156255 1.468020 0.112393
v 1.160935 1.459242 0.115393
v 0.751339 1.815219 0.088085
v 0.749347 1.814233 0.088085
v 0.746660 1.823997 0.085085
v 0.781144 1.848494 0.088085
v 0.772168 1.853505 0.085085
v 0.781837 1.850505 0.088085
v 0.781144 1.434745 0.088085
v 0.781837 1.432734 0.088085
v 0.772170 1.429734 0.085085
v 0.751337 1.468021 0.088085
v 0.746660 1.459235 0.085085
v 0.749347 1.469006 0.088085
v 1.158247 1.469006 0.088085
v 1.160935 1.459242 0.085085
v 1.156255 1.468020 0.088085
v 1.126450 1.434745 0.088085
v 1.135426 1.429734 0.085085
v 1.125757 1.432734 0.088085
v 1.126449 1.848495 0.088085
v 1.125757 1.850505 0.088085
v 1.135434 1.853505 0.085085
v 1.156255 1.815220 0.088085
v 1.160935 1.823995 0.085085
v 1.158247 1.814233 0.088085
v 1.191526 1.890229 0.115393
v 1.191640 1.887367 0.112393
v 1.194327 1.890368 0.112393
v 0.713267 1.890368 0.112393
v 0.715955 1.887367 0.112393
v 0.716068 1.890229 0.115393
v 0.716068 1.890229 0.085085
v 0.715955 1.887367 0.088085
v 0.713267 1.890368 0.088085
v 1.191640 1.887367 0.088085
v 1.191526 1.890229 0.085085
v 1.194327 1.890368 0.088085
v 0.716068 2.376002 0.115393
v 0.715955 2.378863 0.112393
v 0.713267 2.375864 0.112393
v 0.713267 2.375864 0.088085
v 0.715955 2.378863 0.088085
v 0.716068 2.376002 0.085085
v 1.194327 2.375864 0.112393
v 1.191640 2.378863 0.112393
v 1.191526 2.376002 0.115393
v 1.191526 2.376002 0.085085
v 1.191640 2.378863 0.088085
v 1.194327 2.375864 0.088085
v 0.920941 2.131235 0.112393
v 0.926933 2.133252 0.115393
v 0.920940 2.135264 0.112393
v 0.953772 2.104492 0.085085
v 0.955766 2.098437 0.088085
v 0.951778 2.098437 0.088085
v 0.920941 2.131235 0.088085
v 0.920940 2.135264 0.088085
v 0.926933 2.133252 0.085085
v 0.951778 2.098437 0.112393
v 0.955766 2.098437 0.112393
v 0.953772 2.104492 0.115393
v 0.951675 2.167959 0.112393
v 0.953667 2.161906 0.115393
v 0.955664 2.167958 0.112393
v 0.986501 2.131132 0.088085
v 0.980505 2.133146 0.085085
v 0.986501 2.135159 0.088085
v 0.986501 2.135159 0.112393
v 0.980505 2.133146 0.115393
v 0.986501 2.131132 0.112393
v 0.951675 2.167959 0.088085
v 0.955664 2.167958 0.088085
v 0.953667 2.161906 0.085085
v 0.751337 1.959517 0.112393
v 0.749347 1.960502 0.112393
v 0.746660 1.950731 0.115393
v 0.781144 1.926241 0.112393
v 0.772170 1.921230 0.115393
v 0.781837 1.924230 0.112393
v 0.781144 2.339990 0.112393
v 0.781837 2.342001 0.112393
v 0.772168 2.345001 0.115393
v 0.751339 2.306715 0.112393
v 0.746660 2.315493 0.115393
v 0.749347 2.305729 0.112393
v 1.156255 2.306715 0.112393
v 1.158247 2.305729 0.112393
v 1.160935 2.315491 0.115393
v 1.126449 2.339992 0.112393
v 1.135434 2.345001 0.115393
v 1.125757 2.342001 0.112393
v 1.126450 1.926241 0.112393
v 1.125757 1.924230 0.112393
v 1.135426 1.921230 0.115393
v 1.156255 1.959516 0.112393
v 1.160935 1.950738 0.115393
v 1.158247 1.960502 0.112393
v 0.751339 2.306715 0.088085
v 0.749347 2.305729 0.088085
v 0.746660 2.315493 0.085085
v 0.781144 2.339990 0.088085
v 0.772168 2.345001 0.085085
v 0.781837 2.342001 0.088085
v 0.781144 1.926241 0.088085
v 0.781837 1.924230 0.088085
v 0.772170 1.921230 0.085085
v 0.751337 1.959517 0.088085
v 0.746660 1.950731 0.085085
v 0.749347 1.960502 0.088085
v 1.156255 1.959516 0.088085
v 1.158247 1.960502 0.088085
v 1.160935 1.950738 0.085085
v 1.126450 1.926241 0.088085
v 1.135426 1.921230 0.085085
v 1.125757 1.924230 0.088085
v 1.126449 2.339992 0.088085
v 1.125757 2.342001 0.088085
v 1.135434 2.345001 0.085085
v 1.156255 2.306715 0.088085
v 1.160935 2.315491 0.085085
v 1.158247 2.305729 0.088085
v 1.126729 1.705537 0.085085
v 1.124042 1.705537 0.088085
v 1.126729 1.708537 0.088085
v 1.124042 1.577701 0.088085
v 1.126729 1.577701 0.085085
v 1.126729 1.574701 0.088085
v 1.160935 1.577701 0.085085
v 1.158247 1.571701 0.088085
v 1.155560 1.574701 0.088085
v 1.155560 1.708537 0.088085
v 1.158247 1.711537 0.088085
v 1.160935 1.705537 0.085085
v 1.191571 1.708537 0.085085
v 1.194327 1.708537 0.088085
v 1.194327 1.574701 0.088085
v 1.191571 1.574701 0.085085
v 1.126729 1.708537 0.112393
v 1.124042 1.705537 0.112393
v 1.126729 1.705537 0.115393
v 1.160935 1.705537 0.115393
v 1.158247 1.711537 0.112393
v 1.155560 1.708537 0.112393
v 1.155560 1.574701 0.112393
v 1.158247 1.571701 0.112393
v 1.160935 1.577701 0.115393
v 1.124042 1.577701 0.112393
v 1.126729 1.574701 0.112393
v 1.126729 1.577701 0.115393
v 1.191554 1.574701 0.115393
v 1.194327 1.574701 0.112393
v 1.194327 1.708537 0.112393
v 1.191554 1.708537 0.115393
v -1.194327 0.907375 0.112393
v -1.191640 0.904375 0.112393
v -1.191526 0.907237 0.115393
v -0.716068 0.907237 0.115393
v -0.715954 0.904375 0.112393
v -0.713267 0.907375 0.112393
v -0.713267 0.907375 0.088085
v -0.715954 0.904375 0.088085
v -0.716068 0.907237 0.085085
v -1.191640 0.904375 0.088085
v -1.194327 0.907375 0.088085
v -1.191526 0.907237 0.085085
v -0.713267 1.392871 0.112393
v -0.715954 1.395871 0.112393
v -0.716068 1.393010 0.115393
v -0.716068 1.393010 0.085085
v -0.715954 1.395871 0.088085
v -0.713267 1.392871 0.088085
v -1.191526 1.393010 0.115393
v -1.191640 1.395871 0.112393
v -1.194327 1.392871 0.112393
v -1.194327 1.392871 0.088085
v -1.191640 1.395871 0.088085
v -1.191526 1.393010 0.085085
v -0.920941 1.148243 0.112393
v -0.920940 1.152272 0.112393
v -0.926933 1.150260 0.115393
v -0.951778 1.115445 0.088085
v -0.955766 1.115445 0.088085
v -0.953772 1.121500 0.085085
v -0.920941 1.148243 0.088085
v -0.926933 1.150260 0.085085
v -0.920940 1.152272 0.088085
v -0.951778 1.115445 0.112393
v -0.953772 1.121500 0.115393
v -0.955766 1.115445 0.112393
v -0.951675 1.184967 0.112393
v -0.955664 1.184965 0.112393
v -0.953667 1.178914 0.115393
v -0.986501 1.148140 0.088085
v -0.986501 1.152167 0.088085
v -0.980505 1.150154 0.085085
v -0.986501 1.152167 0.112393
v -0.986501 1.148140 0.112393
v -0.980505 1.150154 0.115393
v -0.951675 1.184967 0.088085
v -0.953667 1.178914 0.085085
v -0.955664 1.184965 0.088085
v -0.751337 0.976525 0.112393
v -0.746659 0.967739 0.115393
v -0.749347 0.977510 0.112393
v -0.781144 0.943249 0.112393
v -0.781837 0.941238 0.112393
v -0.772170 0.938238 0.115393
v -0.781144 1.356998 0.112393
v -0.772168 1.362009 0.115393
v -0.781837 1.359009 0.112393
v -0.751339 1.323723 0.112393
v -0.749347 1.322737 0.112393
v -0.746659 1.332501 0.115393
v -1.156255 1.323724 0.112393
v -1.160935 1.332500 0.115393
v -1.158247 1.322737 0.112393
v -1.126449 1.357000 0.112393
v -1.125757 1.359009 0.112393
v -1.135433 1.362009 0.115393
v -1.126450 0.943249 0.112393
v -1.135426 0.938238 0.115393
v -1.125757 0.941238 0.112393
v -1.156255 0.976524 0.112393
v -1.158247 0.977510 0.112393
v -1.160935 0.967746 0.115393
v -0.751339 1.323723 0.088085
v -0.746659 1.332501 0.085085
v -0.749347 1.322737 0.088085
v -0.781144 1.356998 0.088085
v -0.781837 1.359009 0.088085
v -0.772168 1.362009 0.085085
v -0.781144 0.943249 0.088085
v -0.772170 0.938238 0.085085
v -0.781837 0.941238 0.088085
v -0.751337 0.976525 0.088085
v -0.749347 0.977510 0.088085
v -0.746659 0.967739 0.085085
v -1.156255 0.976524 0.088085
v -1.160935 0.967746 0.085085
v -1.158247 0.977510 0.088085
v -1.126450 0.943249 0.088085
v -1.125757 0.941238 0.088085
v -1.135426 0.938238 0.085085
v -1.126449 1.357000 0.088085
v -1.135433 1.362009 0.085085
v -1.125757 1.359009 0.088085
v -1.156255 1.323724 0.088085
v -1.158247 1.322737 0.088085
v -1.160935 1.332500 0.085085
v -1.194327 1.398871 0.112393
v -1.191640 1.395871 0.112393
v -1.191550 1.398708 0.115393
v -0.716046 1.398710 0.115393
v -0.715954 1.395871 0.112393
v -0.713267 1.398871 0.112393
v -0.713267 1.398871 0.088085
v -0.715954 1.395871 0.088085
v -0.716032 1.398696 0.085085
v -1.194327 1.398871 0.088085
v -1.191565 1.398693 0.085085
v -1.191640 1.395871 0.088085
v -0.713267 1.884367 0.112393
v -0.715954 1.887367 0.112393
v -0.716046 1.884529 0.115393
v -0.716032 1.884543 0.085085
v -0.715954 1.887367 0.088085
v -0.713267 1.884367 0.088085
v -1.194327 1.884367 0.112393
v -1.191550 1.884531 0.115393
v -1.191640 1.887367 0.112393
v -1.194327 1.884367 0.088085
v -1.191640 1.887367 0.088085
v -1.191565 1.884546 0.085085
v -0.920941 1.639739 0.112393
v -0.920940 1.643768 0.112393
v -0.926933 1.641756 0.115393
v -0.951778 1.606941 0.088085
v -0.955766 1.606941 0.088085
v -0.953772 1.612996 0.085085
v -0.920941 1.639739 0.088085
v -0.926933 1.641756 0.085085
v -0.920940 1.643768 0.088085
v -0.951778 1.606941 0.112393
v -0.953772 1.612996 0.115393
v -0.955766 1.606941 0.112393
v -0.951675 1.676463 0.112393
v -0.955664 1.676461 0.112393
v -0.953667 1.670410 0.115393
v -0.986501 1.639636 0.088085
v -0.986501 1.643663 0.088085
v -0.980505 1.641650 0.085085
v -0.986501 1.643663 0.112393
v -0.986501 1.639636 0.112393
v -0.980505 1.641650 0.115393
v -0.951675 1.676463 0.088085
v -0.953667 1.670410 0.085085
v -0.955664 1.676461 0.088085
v -0.751337 1.468021 0.112393
v -0.746659 1.459235 0.115393
v -0.749347 1.469006 0.112393
v -0.781144 1.434745 0.112393
v -0.781837 1.432734 0.112393
v -0.772170 1.429734 0.115393
v -0.781144 1.848494 0.112393
v -0.772168 1.853505 0.115393
v -0.781837 1.850505 0.112393
v -0.751339 1.815219 0.112393
v -0.749347 1.814233 0.112393
v -0.746659 1.823997 0.115393
v -1.156255 1.815220 0.112393
v -1.160935 1.823996 0.115393
v -1.158247 1.814233 0.112393
v -1.126449 1.848495 0.112393
v -1.125757 1.850505 0.112393
v -1.135433 1.853505 0.115393
v -1.126450 1.434745 0.112393
v -1.135426 1.429734 0.115393
v -1.125757 1.432734 0.112393
v -1.158247 1.469006 0.112393
v -1.160935 1.459242 0.115393
v -1.156255 1.468020 0.112393
v -0.751339 1.815219 0.088085
v -0.746659 1.823997 0.085085
v -0.749347 1.814233 0.088085
v -0.781144 1.848494 0.088085
v -0.781837 1.850505 0.088085
v -0.772168 1.853505 0.085085
v -0.781144 1.434745 0.088085
v -0.772170 1.429734 0.085085
v -0.781837 1.432734 0.088085
v -0.751337 1.468021 0.088085
v -0.749347 1.469006 0.088085
v -0.746659 1.459235 0.085085
v -1.158247 1.469006 0.088085
v -1.156255 1.468020 0.088085
v -1.160935 1.459242 0.085085
v -1.126450 1.434745 0.088085
v -1.125757 1.432734 0.088085
v -1.135426 1.429734 0.085085
v -1.126449 1.848495 0.088085
v -1.135433 1.853505 0.085085
v -1.125757 1.850505 0.088085
v -1.156255 1.815220 0.088085
v -1.158247 1.814233 0.088085
v -1.160935 1.823996 0.085085
v -1.194327 1.890368 0.112393
v -1.191640 1.887367 0.112393
v -1.191526 1.890229 0.115393
v -0.716068 1.890229 0.115393
v -0.715954 1.887367 0.112393
v -0.713267 1.890368 0.112393
v -0.713267 1.890368 0.088085
v -0.715954 1.887367 0.088085
v -0.716068 1.890229 0.085085
v -1.191640 1.887367 0.088085
v -1.194327 1.890368 0.088085
v -1.191526 1.890229 0.085085
v -0.713267 2.375864 0.112393
v -0.715954 2.378863 0.112393
v -0.716068 2.376002 0.115393
v -0.716068 2.376002 0.085085
v -0.715954 2.378863 0.088085
v -0.713267 2.375864 0.088085
v -1.191526 2.376002 0.115393
v -1.191640 2.378863 0.112393
v -1.194327 2.375864 0.112393
v -1.194327 2.375864 0.088085
v -1.191640 2.378863 0.088085
v -1.191526 2.376002 0.085085
v -0.920941 2.131235 0.112393
v -0.920940 2.135264 0.112393
v -0.926933 2.133252 0.115393
v -0.951778 2.098437 0.088085
v -0.955766 2.098437 0.088085
v -0.953772 2.104492 0.085085
v -0.920941 2.131235 0.088085
v -0.926933 2.133252 0.085085
v -0.920940 2.135264 0.088085
v -0.951778 2.098437 0.112393
v -0.953772 2.104492 0.115393
v -0.955766 2.098437 0.112393
v -0.951675 2.167959 0.112393
v -0.955664 2.167958 0.112393
v -0.953667 2.161906 0.115393
v -0.986501 2.131132 0.088085
v -0.986501 2.135159 0.088085
v -0.980505 2.133146 0.085085
v -0.986501 2.135159 0.112393
v -0.986501 2.131132 0.112393
v -0.980505 2.133146 0.115393
v -0.951675 2.167959 0.088085
v -0.953667 2.161906 0.085085
v -0.955664 2.167958 0.088085
v -0.751337 1.959517 0.112393
v -0.746659 1.950731 0.115393
v -0.749347 1.960502 0.112393
v -0.781144 1.926241 0.112393
v -0.781837 1.924230 0.112393
v -0.772170 1.921230 0.115393
v -0.781144 2.339990 0.112393
v -0.772168 2.345001 0.115393
v -0.781837 2.342001 0.112393
v -0.751339 2.306715 0.112393
v -0.749347 2.305729 0.112393
v -0.746659 2.315493 0.115393
v -1.156255 2.306715 0.112393
v -1.160935 2.315491 0.115393
v -1.158247 2.305729 0.112393
v -1.126449 2.339992 0.112393
v -1.125757 2.342001 0.112393
v -1.135433 2.345001 0.115393
v -1.126450 1.926241 0.112393
v -1.135426 1.921230 0.115393
v -1.125757 1.924230 0.112393
v -1.156255 1.959516 0.112393
v -1.158247 1.960502 0.112393
v -1.160935 1.950738 0.115393
v -0.751339 2.306715 0.088085
v -0.746659 2.315493 0.085085
v -0.749347 2.305729 0.088085
v -0.781144 2.339990 0.088085
v -0.781837 2.342001 0.088085
v -0.772168 2.345001 0.085085
v -0.781144 1.926241 0.088085
v -0.772170 1.921230 0.085085
v -0.781837 1.924230 0.088085
v -0.751337 1.959517 0.088085
v -0.749347 1.960502 0.088085
v -0.746659 1.950731 0.085085
v -1.156255 1.959516 0.088085
v -1.160935 1.950738 0.085085
v -1.158247 1.960502 0.088085
v -1.126450 1.926241 0.088085
v -1.125757 1.924230 0.088085
v -1.135426 1.921230 0.085085
v -1.126449 2.339992 0.088085
v -1.135433 2.345001 0.085085
v -1.125757 2.342001 0.088085
v -1.156255 2.306715 0.088085
v -1.158247 2.305729 0.088085
v -1.160935 2.315491 0.085085
v -1.126729 1.705537 0.085085
v -1.126729 1.708537 0.088085
v -1.124042 1.705537 0.088085
v -1.124042 1.577701 0.088085
v -1.126729 1.574701 0.088085
v -1.126729 1.577701 0.085085
v -1.155560 1.574701 0.088085
v -1.158247 1.571701 0.088085
v -1.160935 1.577701 0.085085
v -1.155560 1.708537 0.088085
v -1.160935 1.705537 0.085085
v -1.158247 1.711537 0.088085
v -1.194327 1.708537 0.088085
v -1.191571 1.708537 0.085085
v -1.191571 1.574701 0.085085
v -1.194327 1.574701 0.088085
v -1.126729 1.705537 0.115393
v -1.124042 1.705537 0.112393
v -1.126729 1.708537 0.112393
v -1.155560 1.708537 0.112393
v -1.158247 1.711537 0.112393
v -1.160935 1.705537 0.115393
v -1.160935 1.577701 0.115393
v -1.158247 1.571701 0.112393
v -1.155560 1.574701 0.112393
v -1.124042 1.577701 0.112393
v -1.126729 1.577701 0.115393
v -1.126729 1.574701 0.112393
v -1.194327 1.574701 0.112393
v -1.191554 1.574701 0.115393
v -1.191554 1.708537 0.115393
v -1.194327 1.708537 0.112393
vt 0.389593 0.627376
vt 0.387210 0.624773
vt 0.377098 0.620324
vt 0.301775 0.620324
vt 0.291664 0.624773
vt 0.289282 0.627376
vt 0.280206 0.508737
vt 0.280206 0.503717
vt 0.170545 0.503717
vt 0.170545 0.508737
vt 0.170571 0.402196
vt 0.173175 0.404578
vt 0.183504 0.408597
vt 0.267249 0.408597
vt 0.277577 0.404578
vt 0.280180 0.402196
vt 0.280180 0.502507
vt 0.277577 0.500124
vt 0.267247 0.496105
vt 0.183505 0.496105
vt 0.173175 0.500124
vt 0.170572 0.502507
vt 0.177624 0.414691
vt 0.295683 0.614443
vt 0.295683 0.530701
vt 0.291664 0.520371
vt 0.289282 0.517768
vt 0.389593 0.517768
vt 0.387211 0.520371
vt 0.383191 0.530699
vt 0.383191 0.614443
vt 0.177624 0.490013
vt 0.993172 0.977820
vt 0.993172 0.925074
vt 0.988153 0.925074
vt 0.988152 0.977820
vt 0.225346 0.446406
vt 0.219183 0.452323
vt 0.225370 0.458262
vt 0.231533 0.452345
vt 0.273128 0.414691
vt 0.883795 0.857861
vt 0.883795 0.937145
vt 0.888814 0.937145
vt 0.888814 0.857861
vt 0.301777 0.524820
vt 0.377098 0.524820
vt 0.273128 0.490012
vt 0.170545 0.395966
vt 0.170545 0.400985
vt 0.280206 0.400985
vt 0.280206 0.395966
vt 0.281445 0.502478
vt 0.286465 0.502478
vt 0.286465 0.402224
vt 0.281445 0.402224
vt 0.993172 0.923835
vt 0.993172 0.852546
vt 0.988153 0.852546
vt 0.988153 0.923835
vt 0.908285 0.857431
vt 0.908285 0.936715
vt 0.913304 0.936715
vt 0.913304 0.857431
vt 0.920680 0.928521
vt 0.920680 0.857233
vt 0.915661 0.857233
vt 0.915661 0.928521
vt 0.039870 0.518110
vt 0.034783 0.518061
vt 0.034432 0.554865
vt 0.039462 0.554838
vt 0.339466 0.578765
vt 0.345383 0.572602
vt 0.339444 0.566415
vt 0.333527 0.572578
vt 0.169306 0.402224
vt 0.164287 0.402224
vt 0.164287 0.502478
vt 0.169306 0.502478
vt 0.888814 0.991410
vt 0.888814 0.938384
vt 0.883795 0.938384
vt 0.883795 0.991410
vt 0.908285 0.937954
vt 0.908285 0.990984
vt 0.913304 0.990984
vt 0.913304 0.937954
vt 0.908285 0.803207
vt 0.908285 0.856192
vt 0.913304 0.856192
vt 0.913304 0.803207
vt 0.915661 0.929760
vt 0.915661 0.982556
vt 0.920680 0.982556
vt 0.920680 0.929760
vt 0.988153 0.798524
vt 0.988153 0.851307
vt 0.993172 0.851307
vt 0.993172 0.798524
vt 0.888814 0.856622
vt 0.888814 0.803587
vt 0.883795 0.803587
vt 0.883795 0.856622
vt 0.920680 0.855994
vt 0.920680 0.803207
vt 0.915661 0.803207
vt 0.915661 0.855994
vt 0.293446 0.503469
vt 0.296057 0.501079
vt 0.300506 0.490966
vt 0.300506 0.415644
vt 0.296057 0.405533
vt 0.293446 0.403142
vt 0.396010 0.466505
vt 0.396010 0.490966
vt 0.400459 0.501079
vt 0.403071 0.503469
vt 0.403073 0.467124
vt 0.152145 0.618790
vt 0.149522 0.616384
vt 0.139146 0.612331
vt 0.054635 0.612208
vt 0.044461 0.616235
vt 0.041894 0.618612
vt 0.041146 0.518077
vt 0.043760 0.520476
vt 0.054073 0.524511
vt 0.139099 0.524368
vt 0.149513 0.520290
vt 0.152143 0.517874
vt 0.145055 0.606218
vt 0.306387 0.409552
vt 0.390129 0.409552
vt 0.400459 0.405533
vt 0.403071 0.403142
vt 0.390131 0.497060
vt 0.306387 0.497060
vt 0.048367 0.556087
vt 0.048216 0.530627
vt 0.040771 0.554886
vt 0.923036 0.803207
vt 0.923036 0.855953
vt 0.928056 0.855953
vt 0.928056 0.803207
vt 0.035018 0.582463
vt 0.035630 0.618672
vt 0.040636 0.618587
vt 0.040030 0.582366
vt 0.048816 0.606171
vt 0.965905 0.852797
vt 0.965905 0.932081
vt 0.970925 0.932081
vt 0.970925 0.852797
vt 0.396010 0.415645
vt 0.396010 0.440107
vt 0.403073 0.439487
vt 0.048714 0.580963
vt 0.041319 0.582290
vt 0.145041 0.530489
vt 0.923036 0.857192
vt 0.923036 0.928481
vt 0.928056 0.928480
vt 0.928056 0.857192
vt 0.891171 0.857811
vt 0.891171 0.937096
vt 0.896190 0.937095
vt 0.896190 0.857811
vt 0.767255 0.944885
vt 0.767255 0.923679
vt 0.762235 0.923679
vt 0.762235 0.944885
vt 0.752707 0.924117
vt 0.752707 0.945324
vt 0.757726 0.945324
vt 0.757726 0.924117
vt 0.238630 0.270568
vt 0.241233 0.268185
vt 0.245682 0.258072
vt 0.245682 0.182752
vt 0.241233 0.172639
vt 0.238630 0.170257
vt 0.091032 0.568545
vt 0.097190 0.562552
vt 0.054037 0.524508
vt 0.342065 0.453334
vt 0.348228 0.459251
vt 0.097227 0.574487
vt 0.103410 0.568521
vt 0.354415 0.453312
vt 0.348252 0.447395
vt 0.153413 0.618757
vt 0.158462 0.618757
vt 0.158462 0.517904
vt 0.153412 0.517904
vt 0.970925 0.986347
vt 0.970925 0.933320
vt 0.965905 0.933320
vt 0.965905 0.986347
vt 0.891171 0.938334
vt 0.891171 0.991364
vt 0.896190 0.991364
vt 0.896190 0.938334
vt 0.891171 0.803587
vt 0.891171 0.856572
vt 0.896190 0.856572
vt 0.896190 0.803587
vt 0.757726 0.922878
vt 0.757726 0.870083
vt 0.752707 0.870083
vt 0.752707 0.922878
vt 0.928056 0.982503
vt 0.928056 0.929719
vt 0.923036 0.929719
vt 0.923036 0.982503
vt 0.970925 0.851558
vt 0.970925 0.798524
vt 0.965905 0.798524
vt 0.965905 0.851558
vt 0.767255 0.922440
vt 0.767255 0.869653
vt 0.762235 0.869653
vt 0.762235 0.922440
vt 0.232890 0.384102
vt 0.235493 0.381720
vt 0.239942 0.371607
vt 0.239942 0.296284
vt 0.235493 0.286173
vt 0.232890 0.283791
vt 0.238604 0.164027
vt 0.238604 0.169046
vt 0.348264 0.169046
vt 0.348264 0.164027
vt 0.348238 0.270568
vt 0.345635 0.268185
vt 0.335306 0.264166
vt 0.251561 0.264166
vt 0.251563 0.176658
vt 0.335305 0.176658
vt 0.345635 0.172639
vt 0.348238 0.170257
vt 0.341186 0.258073
vt 0.245823 0.290193
vt 0.329565 0.290192
vt 0.339895 0.286173
vt 0.342498 0.283791
vt 0.342498 0.384102
vt 0.339895 0.381720
vt 0.329567 0.377701
vt 0.245823 0.377701
vt 0.341186 0.182750
vt 0.940074 0.807204
vt 0.940074 0.859951
vt 0.945094 0.859951
vt 0.945094 0.807204
vt 0.293464 0.226357
vt 0.299627 0.220440
vt 0.293440 0.214502
vt 0.287277 0.220418
vt 0.958529 0.852797
vt 0.958529 0.932081
vt 0.963549 0.932081
vt 0.963549 0.852797
vt 0.335446 0.296286
vt 0.335446 0.371607
vt 0.348265 0.276798
vt 0.348265 0.271778
vt 0.238604 0.271778
vt 0.238604 0.276798
vt 0.237365 0.170285
vt 0.232345 0.170285
vt 0.232345 0.270539
vt 0.237365 0.270539
vt 0.940074 0.861190
vt 0.940074 0.932478
vt 0.945094 0.932478
vt 0.945094 0.861190
vt 0.973281 0.852748
vt 0.973281 0.932032
vt 0.978301 0.932032
vt 0.978301 0.852748
vt 0.898546 0.857622
vt 0.898546 0.928911
vt 0.903566 0.928910
vt 0.903566 0.857622
vt 0.781287 0.914460
vt 0.781287 0.907814
vt 0.776267 0.907814
vt 0.776268 0.914460
vt 0.281501 0.333975
vt 0.287664 0.339892
vt 0.293851 0.333953
vt 0.287688 0.328036
vt 0.349504 0.270539
vt 0.354523 0.270539
vt 0.354523 0.170285
vt 0.349503 0.170285
vt 0.963549 0.986347
vt 0.963549 0.933320
vt 0.958529 0.933320
vt 0.958529 0.986347
vt 0.973281 0.933271
vt 0.973281 0.986301
vt 0.978301 0.986301
vt 0.978301 0.933271
vt 0.973281 0.798524
vt 0.973281 0.851509
vt 0.978301 0.851509
vt 0.978301 0.798524
vt 0.903566 0.856383
vt 0.903566 0.803587
vt 0.898547 0.803587
vt 0.898547 0.856383
vt 0.945094 0.986501
vt 0.945094 0.933717
vt 0.940074 0.933717
vt 0.940074 0.986501
vt 0.963549 0.851558
vt 0.963549 0.798524
vt 0.958529 0.798524
vt 0.958529 0.851558
vt 0.898547 0.930150
vt 0.898546 0.982936
vt 0.903566 0.982936
vt 0.903566 0.930150
vt 0.041121 0.511778
vt 0.041130 0.516860
vt 0.152161 0.516654
vt 0.152152 0.511572
vt 0.364964 0.190680
vt 0.372850 0.190680
vt 0.372850 0.164282
vt 0.364964 0.164282
vt 0.152157 0.625051
vt 0.152165 0.620003
vt 0.041886 0.619819
vt 0.041877 0.624867
vt 0.048813 0.579642
vt 0.048687 0.581152
vt 0.054751 0.577552
vt 0.053926 0.577085
vt 0.776268 0.872292
vt 0.776267 0.878938
vt 0.781287 0.878938
vt 0.781287 0.872292
vt 0.776268 0.880177
vt 0.776268 0.906575
vt 0.781287 0.906575
vt 0.781287 0.880177
vt 0.054794 0.559727
vt 0.053855 0.560229
vt 0.048451 0.557467
vt 0.048168 0.556131
vt 0.048528 0.580939
vt 0.280180 0.402196
vt 0.280180 0.502507
vt 0.277577 0.500124
vt 0.273128 0.490012
vt 0.273128 0.414691
vt 0.277577 0.404578
vt 0.048312 0.555886
vt 0.040724 0.554904
vt 0.389593 0.627376
vt 0.289282 0.627376
vt 0.291664 0.624773
vt 0.301775 0.620324
vt 0.377098 0.620324
vt 0.387210 0.624773
vt 0.280206 0.508737
vt 0.170545 0.508737
vt 0.170545 0.503717
vt 0.280206 0.503717
vt 0.170571 0.402196
vt 0.267249 0.408597
vt 0.183504 0.408597
vt 0.173175 0.404578
vt 0.170572 0.502507
vt 0.173175 0.500124
vt 0.183505 0.496105
vt 0.267247 0.496105
vt 0.177624 0.414691
vt 0.289282 0.517768
vt 0.291664 0.520371
vt 0.295683 0.530701
vt 0.295683 0.614443
vt 0.389593 0.517768
vt 0.383191 0.614443
vt 0.383191 0.530699
vt 0.387211 0.520371
vt 0.177624 0.490013
vt 0.219183 0.452323
vt 0.225370 0.458262
vt 0.225346 0.446406
vt 0.231533 0.452345
vt 0.883795 0.857861
vt 0.888814 0.857861
vt 0.888814 0.937145
vt 0.883795 0.937145
vt 0.377098 0.524820
vt 0.301777 0.524820
vt 0.170545 0.395966
vt 0.280206 0.395966
vt 0.280206 0.400985
vt 0.170545 0.400985
vt 0.281445 0.502478
vt 0.281445 0.402224
vt 0.286465 0.402224
vt 0.286465 0.502478
vt 0.993172 0.923835
vt 0.988153 0.923835
vt 0.988153 0.852546
vt 0.993172 0.852546
vt 0.908285 0.857431
vt 0.913304 0.857431
vt 0.913304 0.936715
vt 0.908285 0.936715
vt 0.920680 0.928521
vt 0.915661 0.928521
vt 0.915661 0.857233
vt 0.920680 0.857233
vt 0.039870 0.518110
vt 0.039462 0.554838
vt 0.034432 0.554865
vt 0.034783 0.518061
vt 0.339444 0.566415
vt 0.333527 0.572578
vt 0.888814 0.856622
vt 0.883795 0.856622
vt 0.883795 0.803587
vt 0.888814 0.803587
vt 0.169306 0.402224
vt 0.169306 0.502478
vt 0.164287 0.502478
vt 0.164287 0.402224
vt 0.993172 0.977820
vt 0.988152 0.977820
vt 0.988153 0.925074
vt 0.993172 0.925074
vt 0.908284 0.937954
vt 0.913304 0.937954
vt 0.913304 0.990984
vt 0.908285 0.990984
vt 0.888814 0.991410
vt 0.883795 0.991410
vt 0.883795 0.938384
vt 0.888814 0.938384
vt 0.908285 0.803207
vt 0.913304 0.803207
vt 0.913304 0.856192
vt 0.908285 0.856192
vt 0.915661 0.929760
vt 0.920680 0.929760
vt 0.920680 0.982556
vt 0.915661 0.982556
vt 0.345383 0.572602
vt 0.988153 0.798524
vt 0.993172 0.798524
vt 0.993172 0.851307
vt 0.988153 0.851308
vt 0.339466 0.578765
vt 0.920680 0.855994
vt 0.915661 0.855994
vt 0.915661 0.803207
vt 0.920680 0.803207
vt 0.293446 0.503469
vt 0.293446 0.403142
vt 0.296057 0.405533
vt 0.300506 0.415644
vt 0.300506 0.490966
vt 0.296057 0.501079
vt 0.396010 0.466505
vt 0.403073 0.467124
vt 0.403071 0.503469
vt 0.400459 0.501079
vt 0.396010 0.490966
vt 0.152145 0.618790
vt 0.041894 0.618612
vt 0.044461 0.616235
vt 0.054635 0.612208
vt 0.139146 0.612331
vt 0.149522 0.616384
vt 0.041146 0.518077
vt 0.152143 0.517874
vt 0.149513 0.520290
vt 0.139099 0.524368
vt 0.054073 0.524511
vt 0.043760 0.520476
vt 0.145055 0.606218
vt 0.403071 0.403142
vt 0.400459 0.405533
vt 0.390129 0.409552
vt 0.306387 0.409552
vt 0.306387 0.497060
vt 0.390131 0.497060
vt 0.048367 0.556087
vt 0.040771 0.554886
vt 0.048216 0.530627
vt 0.103408 0.568520
vt 0.097178 0.562550
vt 0.145034 0.530490
vt 0.035018 0.582463
vt 0.040030 0.582366
vt 0.040636 0.618587
vt 0.035630 0.618672
vt 0.048816 0.606171
vt 0.965905 0.852797
vt 0.970925 0.852797
vt 0.970925 0.932081
vt 0.965905 0.932081
vt 0.403073 0.439487
vt 0.396010 0.440107
vt 0.396010 0.415645
vt 0.041319 0.582290
vt 0.048714 0.580963
vt 0.923036 0.857192
vt 0.928056 0.857192
vt 0.928056 0.928480
vt 0.923036 0.928480
vt 0.891171 0.857811
vt 0.896190 0.857811
vt 0.896190 0.937095
vt 0.891171 0.937095
vt 0.767255 0.944885
vt 0.762235 0.944885
vt 0.762235 0.923679
vt 0.767255 0.923679
vt 0.752707 0.924117
vt 0.757726 0.924117
vt 0.757726 0.945324
vt 0.752707 0.945324
vt 0.238630 0.270568
vt 0.238630 0.170257
vt 0.241233 0.172639
vt 0.245682 0.182752
vt 0.245682 0.258072
vt 0.241233 0.268185
vt 0.054037 0.524508
vt 0.091032 0.568545
vt 0.354415 0.453312
vt 0.348252 0.447395
vt 0.097227 0.574487
vt 0.970925 0.851558
vt 0.965905 0.851558
vt 0.965905 0.798524
vt 0.970925 0.798524
vt 0.153413 0.618757
vt 0.153412 0.517904
vt 0.158462 0.517904
vt 0.158462 0.618757
vt 0.923036 0.803207
vt 0.928056 0.803207
vt 0.928056 0.855953
vt 0.923036 0.855953
vt 0.891171 0.938334
vt 0.896190 0.938334
vt 0.896190 0.991364
vt 0.891171 0.991364
vt 0.970925 0.986347
vt 0.965905 0.986347
vt 0.965905 0.933320
vt 0.970925 0.933320
vt 0.891171 0.803587
vt 0.896190 0.803587
vt 0.896190 0.856572
vt 0.891171 0.856572
vt 0.757726 0.922878
vt 0.752707 0.922878
vt 0.752707 0.870083
vt 0.757726 0.870083
vt 0.348228 0.459251
vt 0.928056 0.982503
vt 0.923036 0.982503
vt 0.923036 0.929719
vt 0.928056 0.929719
vt 0.342065 0.453334
vt 0.767255 0.922440
vt 0.762235 0.922440
vt 0.762235 0.869653
vt 0.767255 0.869653
vt 0.232890 0.384102
vt 0.232890 0.283791
vt 0.235493 0.286173
vt 0.239942 0.296284
vt 0.239942 0.371607
vt 0.235493 0.381720
vt 0.238604 0.164027
vt 0.348265 0.164027
vt 0.348264 0.169046
vt 0.238604 0.169046
vt 0.348238 0.270568
vt 0.251561 0.264166
vt 0.335305 0.264166
vt 0.345635 0.268185
vt 0.348238 0.170257
vt 0.345635 0.172639
vt 0.335305 0.176658
vt 0.251563 0.176658
vt 0.341186 0.258073
vt 0.342498 0.283791
vt 0.339895 0.286173
vt 0.329565 0.290193
vt 0.245823 0.290193
vt 0.342498 0.384102
vt 0.245823 0.377701
vt 0.329567 0.377701
vt 0.339895 0.381720
vt 0.341186 0.182750
vt 0.299627 0.220440
vt 0.293440 0.214502
vt 0.293464 0.226357
vt 0.287277 0.220418
vt 0.958529 0.852797
vt 0.963549 0.852797
vt 0.963549 0.932081
vt 0.958529 0.932081
vt 0.335446 0.371607
vt 0.335446 0.296286
vt 0.348265 0.276798
vt 0.238604 0.276798
vt 0.238604 0.271778
vt 0.348265 0.271778
vt 0.237365 0.170285
vt 0.237365 0.270539
vt 0.232345 0.270539
vt 0.232345 0.170285
vt 0.940074 0.861190
vt 0.945094 0.861190
vt 0.945094 0.932478
vt 0.940074 0.932478
vt 0.973281 0.852748
vt 0.978301 0.852748
vt 0.978301 0.932032
vt 0.973281 0.932032
vt 0.898546 0.857622
vt 0.903566 0.857622
vt 0.903566 0.928910
vt 0.898547 0.928911
vt 0.781287 0.914460
vt 0.776268 0.914460
vt 0.776268 0.907814
vt 0.781287 0.907814
vt 0.293851 0.333953
vt 0.287688 0.328036
vt 0.963549 0.851558
vt 0.958529 0.851558
vt 0.958529 0.798524
vt 0.963549 0.798524
vt 0.349504 0.270539
vt 0.349503 0.170285
vt 0.354523 0.170285
vt 0.354523 0.270539
vt 0.940074 0.807204
vt 0.945094 0.807204
vt 0.945094 0.859951
vt 0.940074 0.859951
vt 0.973281 0.933271
vt 0.978301 0.933271
vt 0.978301 0.986301
vt 0.973281 0.986301
vt 0.963549 0.986347
vt 0.958529 0.986347
vt 0.958529 0.933320
vt 0.963549 0.933320
vt 0.973281 0.798524
vt 0.978301 0.798524
vt 0.978301 0.851509
vt 0.973281 0.851509
vt 0.903566 0.856383
vt 0.898547 0.856383
vt 0.898547 0.803587
vt 0.903566 0.803587
vt 0.287664 0.339892
vt 0.945094 0.986501
vt 0.940074 0.986501
vt 0.940074 0.933717
vt 0.945094 0.933717
vt 0.281501 0.333975
vt 0.898547 0.930150
vt 0.903566 0.930150
vt 0.903566 0.982936
vt 0.898547 0.982936
vt 0.041121 0.511778
vt 0.152152 0.511572
vt 0.152161 0.516654
vt 0.041130 0.516860
vt 0.364964 0.190680
vt 0.364964 0.164282
vt 0.372850 0.164282
vt 0.372850 0.190680
vt 0.152157 0.625051
vt 0.041877 0.624867
vt 0.041886 0.619819
vt 0.152165 0.620003
vt 0.048813 0.579642
vt 0.053926 0.577085
vt 0.054751 0.577552
vt 0.048687 0.581152
vt 0.776268 0.872292
vt 0.781287 0.872292
vt 0.781287 0.878938
vt 0.776268 0.878938
vt 0.776268 0.880177
vt 0.781287 0.880177
vt 0.781287 0.906575
vt 0.776268 0.906575
vt 0.053855 0.560229
vt 0.054794 0.559727
vt 0.048451 0.557467
vt 0.048168 0.556131
vt 0.048528 0.580939
vt 0.048312 0.555886
vt 0.040724 0.554904
vt 0.280180 0.503098
vt 0.280206 0.503098
vt 0.280826 0.503717
vt 0.169306 0.503098
vt 0.169926 0.502507
vt 0.170572 0.509356
vt 0.169926 0.508737
vt 0.169926 0.508737
vt 0.280180 0.509356
vt 0.280826 0.508737
vt 0.170545 0.401605
vt 0.170234 0.401887
vt 0.164287 0.401605
vt 0.163667 0.402196
vt 0.280826 0.402224
vt 0.280489 0.401913
vt 0.280180 0.395346
vt 0.280206 0.395346
vt 0.280826 0.395966
vt 0.217801 0.452739
vt 0.218744 0.452784
vt 0.218215 0.452364
vt 0.883175 0.802408
vt 0.883795 0.802968
vt 0.883795 0.802968
vt 0.988153 0.797904
vt 0.987533 0.797904
vt 0.888814 0.992030
vt 0.889434 0.992030
vt 0.224886 0.445156
vt 0.224929 0.445969
vt 0.225346 0.445571
vt 0.339028 0.565033
vt 0.338983 0.565976
vt 0.339403 0.565446
vt 0.232915 0.451929
vt 0.231972 0.451884
vt 0.232501 0.452304
vt 0.908285 0.802587
vt 0.907665 0.802587
vt 0.993172 0.851927
vt 0.993792 0.851927
vt 0.185574 0.495070
vt 0.184619 0.494991
vt 0.185455 0.495178
vt 0.913304 0.856811
vt 0.913924 0.856811
vt 0.178703 0.416503
vt 0.178632 0.415699
vt 0.178552 0.416366
vt 0.920680 0.857029
vt 0.921300 0.857233
vt 0.921300 0.856613
vt 0.265178 0.409632
vt 0.266133 0.409713
vt 0.265296 0.409525
vt 0.888814 0.857701
vt 0.889434 0.857861
vt 0.889434 0.857241
vt 0.272049 0.488199
vt 0.272120 0.489004
vt 0.272200 0.488336
vt 0.988153 0.924039
vt 0.987533 0.923835
vt 0.987533 0.924455
vt 0.382157 0.612374
vt 0.382077 0.613329
vt 0.382264 0.612493
vt 0.883795 0.937305
vt 0.883795 0.937764
vt 0.883175 0.937764
vt 0.303590 0.619245
vt 0.302784 0.619315
vt 0.303453 0.619396
vt 0.915661 0.929141
vt 0.915041 0.929141
vt 0.883175 0.857241
vt 0.883795 0.857241
vt 0.908285 0.937334
vt 0.907665 0.937334
vt 0.375286 0.525899
vt 0.376090 0.525828
vt 0.375422 0.525748
vt 0.040497 0.518081
vt 0.039876 0.517482
vt 0.153412 0.517280
vt 0.152789 0.517870
vt 0.152132 0.510945
vt 0.152779 0.511571
vt 0.152779 0.511571
vt 0.040494 0.511779
vt 0.041120 0.511150
vt 0.041137 0.511150
vt 0.152166 0.619380
vt 0.152479 0.619096
vt 0.158462 0.619381
vt 0.159085 0.618794
vt 0.040646 0.619205
vt 0.041254 0.618610
vt 0.035013 0.618719
vt 0.035640 0.619290
vt 0.104794 0.568098
vt 0.103848 0.568055
vt 0.104380 0.568477
vt 0.965286 0.797345
vt 0.965286 0.798524
vt 0.965905 0.797904
vt 0.928056 0.983123
vt 0.928676 0.983123
vt 0.970925 0.986966
vt 0.971544 0.986966
vt 0.097686 0.575742
vt 0.097644 0.574925
vt 0.097226 0.575326
vt 0.355797 0.452896
vt 0.354855 0.452851
vt 0.355384 0.453271
vt 0.089629 0.568963
vt 0.090581 0.569009
vt 0.090049 0.568589
vt 0.891171 0.802968
vt 0.890551 0.802968
vt 0.923036 0.929100
vt 0.922417 0.929100
vt 0.137017 0.525415
vt 0.137977 0.525493
vt 0.137135 0.525307
vt 0.896190 0.857192
vt 0.896810 0.857192
vt 0.143973 0.604397
vt 0.144043 0.605203
vt 0.144125 0.604534
vt 0.767255 0.923059
vt 0.767874 0.923059
vt 0.056690 0.611174
vt 0.055731 0.611096
vt 0.056570 0.611280
vt 0.970925 0.852637
vt 0.971544 0.852797
vt 0.971544 0.852178
vt 0.752707 0.923498
vt 0.752087 0.923498
vt 0.928056 0.856988
vt 0.928676 0.857192
vt 0.928676 0.856572
vt 0.308456 0.496025
vt 0.307501 0.495945
vt 0.308337 0.496132
vt 0.965905 0.932241
vt 0.965905 0.932701
vt 0.965286 0.932701
vt 0.301585 0.417458
vt 0.301515 0.416652
vt 0.301434 0.417321
vt 0.395391 0.417661
vt 0.395391 0.417458
vt 0.965286 0.852178
vt 0.965905 0.852178
vt 0.891171 0.937715
vt 0.890551 0.937715
vt 0.394931 0.489154
vt 0.395002 0.489958
vt 0.395082 0.489290
vt 0.238630 0.169666
vt 0.238604 0.169666
vt 0.237984 0.169046
vt 0.349503 0.169666
vt 0.348884 0.170257
vt 0.348238 0.163407
vt 0.348884 0.164027
vt 0.348884 0.164027
vt 0.238630 0.163407
vt 0.237984 0.164027
vt 0.348265 0.271159
vt 0.348576 0.270876
vt 0.354523 0.271159
vt 0.355143 0.270568
vt 0.237984 0.270539
vt 0.238321 0.270850
vt 0.238630 0.277417
vt 0.238604 0.277417
vt 0.237984 0.276798
vt 0.301009 0.220024
vt 0.300066 0.219980
vt 0.300595 0.220399
vt 0.957910 0.797345
vt 0.957910 0.798524
vt 0.958529 0.797904
vt 0.945094 0.987120
vt 0.945713 0.987120
vt 0.963549 0.986966
vt 0.964168 0.986966
vt 0.293923 0.227607
vt 0.293881 0.226795
vt 0.293464 0.227192
vt 0.295233 0.333537
vt 0.294290 0.333492
vt 0.294820 0.333912
vt 0.285895 0.220834
vt 0.286838 0.220879
vt 0.286309 0.220460
vt 0.973281 0.797904
vt 0.972662 0.797904
vt 0.940074 0.933098
vt 0.939455 0.933098
vt 0.333236 0.177693
vt 0.334191 0.177773
vt 0.333355 0.177586
vt 0.978301 0.852129
vt 0.978920 0.852129
vt 0.340107 0.256260
vt 0.340178 0.257064
vt 0.340258 0.256397
vt 0.898547 0.929114
vt 0.897927 0.928911
vt 0.897927 0.929530
vt 0.253632 0.263132
vt 0.252677 0.263051
vt 0.253514 0.263239
vt 0.963549 0.852637
vt 0.964168 0.852797
vt 0.964168 0.852178
vt 0.246761 0.184564
vt 0.246690 0.183760
vt 0.246610 0.184428
vt 0.945094 0.860986
vt 0.945713 0.861190
vt 0.945713 0.860570
vt 0.247892 0.376666
vt 0.246937 0.376586
vt 0.247773 0.376773
vt 0.958529 0.932241
vt 0.958529 0.932701
vt 0.957910 0.932701
vt 0.241020 0.298099
vt 0.240951 0.297293
vt 0.240870 0.297962
vt 0.903566 0.857002
vt 0.904186 0.857002
vt 0.957910 0.852178
vt 0.958529 0.852178
vt 0.973281 0.932652
vt 0.972662 0.932652
vt 0.334367 0.369794
vt 0.334438 0.370599
vt 0.334518 0.369931
vt 0.781907 0.906575
vt 0.781287 0.907194
vt 0.781287 0.907194
vt 0.781907 0.880177
vt 0.781287 0.879557
vt 0.395391 0.438868
vt 0.395391 0.439487
vt 0.762235 0.945505
vt 0.762235 0.945505
vt 0.761616 0.945505
vt 0.054729 0.578091
vt 0.054968 0.577675
vt 0.049372 0.582170
vt 0.049371 0.581528
vt 0.049528 0.555813
vt 0.049037 0.555502
vt 0.048835 0.556180
vt 0.776268 0.879557
vt 0.775648 0.878938
vt 0.775648 0.878938
vt 0.281445 0.503098
vt 0.280826 0.502507
vt 0.170572 0.503098
vt 0.170545 0.503098
vt 0.169926 0.503717
vt 0.164287 0.503098
vt 0.163667 0.502507
vt 0.280826 0.508737
vt 0.280180 0.509356
vt 0.169926 0.402224
vt 0.170263 0.401913
vt 0.170571 0.395346
vt 0.170545 0.395346
vt 0.169926 0.395966
vt 0.280206 0.401605
vt 0.280517 0.401887
vt 0.286465 0.401605
vt 0.287084 0.402196
vt 0.993172 0.797904
vt 0.993792 0.797904
vt 0.883795 0.992030
vt 0.883175 0.992030
vt 0.339049 0.580146
vt 0.339005 0.579204
vt 0.339425 0.579733
vt 0.224910 0.459512
vt 0.224953 0.458699
vt 0.225370 0.459097
vt 0.913304 0.991666
vt 0.913304 0.991603
vt 0.913924 0.991603
vt 0.915661 0.983175
vt 0.915041 0.983175
vt 0.920680 0.983114
vt 0.921300 0.982556
vt 0.921300 0.983175
vt 0.346633 0.573061
vt 0.345820 0.573019
vt 0.346217 0.572602
vt 0.178702 0.488199
vt 0.178633 0.489004
vt 0.178552 0.488335
vt 0.888814 0.937305
vt 0.889434 0.937145
vt 0.889434 0.937764
vt 0.185574 0.409632
vt 0.184619 0.409712
vt 0.185455 0.409525
vt 0.993172 0.924039
vt 0.993792 0.923835
vt 0.993792 0.924455
vt 0.272049 0.416503
vt 0.272120 0.415699
vt 0.272200 0.416366
vt 0.913304 0.937334
vt 0.913924 0.937334
vt 0.265178 0.495070
vt 0.266133 0.494991
vt 0.265297 0.495177
vt 0.920680 0.929141
vt 0.921300 0.929141
vt 0.375285 0.619245
vt 0.376090 0.619316
vt 0.375422 0.619396
vt 0.908285 0.856811
vt 0.907665 0.856811
vt 0.883175 0.937764
vt 0.883795 0.937764
vt 0.988153 0.851927
vt 0.987533 0.851927
vt 0.303589 0.525899
vt 0.302785 0.525828
vt 0.303453 0.525748
vt 0.883795 0.857701
vt 0.883175 0.857861
vt 0.883175 0.857241
vt 0.382157 0.532770
vt 0.382076 0.531814
vt 0.382264 0.532652
vt 0.915661 0.857029
vt 0.915041 0.857233
vt 0.915041 0.856613
vt 0.040503 0.516861
vt 0.041131 0.517487
vt 0.041152 0.517487
vt 0.152141 0.517282
vt 0.152162 0.517282
vt 0.152788 0.516653
vt 0.158462 0.517280
vt 0.159085 0.517867
vt 0.034156 0.518019
vt 0.034789 0.517434
vt 0.152789 0.618758
vt 0.152450 0.619070
vt 0.152138 0.625674
vt 0.152156 0.625674
vt 0.152780 0.625052
vt 0.041254 0.618610
vt 0.040646 0.619205
vt 0.035640 0.619290
vt 0.035013 0.618719
vt 0.923036 0.983123
vt 0.922417 0.983123
vt 0.965905 0.986966
vt 0.965286 0.986966
vt 0.340684 0.452917
vt 0.341626 0.452873
vt 0.341098 0.453293
vt 0.097636 0.561290
vt 0.097595 0.562109
vt 0.097176 0.561709
vt 0.896190 0.992047
vt 0.896190 0.991984
vt 0.896810 0.991984
vt 0.757726 0.869463
vt 0.758346 0.869463
vt 0.752707 0.869525
vt 0.752087 0.870083
vt 0.752087 0.869463
vt 0.347769 0.460501
vt 0.347812 0.459688
vt 0.348229 0.460085
vt 0.143958 0.532319
vt 0.144025 0.531508
vt 0.144109 0.532181
vt 0.970925 0.932241
vt 0.971544 0.932081
vt 0.971544 0.932701
vt 0.137069 0.611291
vt 0.138026 0.611210
vt 0.137187 0.611398
vt 0.923036 0.856988
vt 0.922417 0.857192
vt 0.922417 0.856572
vt 0.049888 0.604366
vt 0.049807 0.605166
vt 0.049735 0.604502
vt 0.896190 0.937715
vt 0.896810 0.937715
vt 0.056154 0.525550
vt 0.055187 0.525629
vt 0.056032 0.525442
vt 0.048842 0.532677
vt 0.048840 0.532464
vt 0.301585 0.489154
vt 0.301514 0.489958
vt 0.301434 0.489290
vt 0.891171 0.857192
vt 0.890551 0.857192
vt 0.965286 0.932701
vt 0.965905 0.932701
vt 0.928056 0.929100
vt 0.928675 0.929100
vt 0.757726 0.923498
vt 0.758346 0.923498
vt 0.965905 0.852637
vt 0.965286 0.852797
vt 0.965286 0.852178
vt 0.388060 0.496025
vt 0.389016 0.495944
vt 0.388178 0.496132
vt 0.762235 0.923059
vt 0.761616 0.923059
vt 0.237365 0.169666
vt 0.237984 0.170257
vt 0.348238 0.169666
vt 0.348264 0.169666
vt 0.348884 0.169046
vt 0.354523 0.169666
vt 0.355143 0.170257
vt 0.237984 0.164027
vt 0.238630 0.163407
vt 0.348884 0.270539
vt 0.348547 0.270850
vt 0.348238 0.277417
vt 0.348265 0.277417
vt 0.348884 0.276798
vt 0.238604 0.271159
vt 0.238293 0.270876
vt 0.232345 0.271159
vt 0.231726 0.270568
vt 0.940074 0.987120
vt 0.939455 0.987120
vt 0.958529 0.986966
vt 0.957910 0.986966
vt 0.280120 0.333558
vt 0.281062 0.333514
vt 0.280533 0.333933
vt 0.293899 0.213251
vt 0.293857 0.214064
vt 0.293440 0.213666
vt 0.978301 0.986984
vt 0.978301 0.986921
vt 0.978921 0.986921
vt 0.903566 0.802968
vt 0.904186 0.802968
vt 0.898547 0.803029
vt 0.897927 0.803587
vt 0.897927 0.802968
vt 0.287205 0.341142
vt 0.287247 0.340329
vt 0.287664 0.340726
vt 0.340108 0.184565
vt 0.340177 0.183759
vt 0.340258 0.184428
vt 0.963549 0.932241
vt 0.964168 0.932081
vt 0.964168 0.932701
vt 0.333236 0.263131
vt 0.334191 0.263052
vt 0.333355 0.263238
vt 0.940074 0.860986
vt 0.939455 0.861190
vt 0.939455 0.860570
vt 0.246761 0.256260
vt 0.246690 0.257065
vt 0.246610 0.256397
vt 0.978301 0.932652
vt 0.978921 0.932652
vt 0.253632 0.177693
vt 0.252677 0.177773
vt 0.253513 0.177586
vt 0.898547 0.857002
vt 0.897927 0.857002
vt 0.241021 0.369794
vt 0.240950 0.370599
vt 0.240870 0.369931
vt 0.973281 0.852129
vt 0.972662 0.852129
vt 0.957910 0.932701
vt 0.958529 0.932701
vt 0.945094 0.933098
vt 0.945713 0.933098
vt 0.334367 0.298099
vt 0.334438 0.297294
vt 0.334518 0.297962
vt 0.958529 0.852637
vt 0.957910 0.852797
vt 0.957910 0.852178
vt 0.327496 0.376666
vt 0.328452 0.376585
vt 0.327614 0.376773
vt 0.903566 0.929114
vt 0.904186 0.928911
vt 0.904186 0.929530
vt 0.781907 0.907814
vt 0.781907 0.907814
vt 0.781287 0.907194
vt 0.781287 0.879557
vt 0.781907 0.878938
vt 0.781907 0.878938
vt 0.781287 0.871672
vt 0.781907 0.871672
vt 0.781907 0.915080
vt 0.781287 0.915080
vt 0.055188 0.577387
vt 0.054968 0.577675
vt 0.049827 0.581235
vt 0.049371 0.581528
vt 0.049178 0.580877
vt 0.049031 0.554854
vt 0.049037 0.555502
vt 0.055286 0.559874
vt 0.055041 0.559595
vt 0.163667 0.502507
vt 0.169926 0.503717
vt 0.169306 0.401605
vt 0.287084 0.502507
vt 0.287084 0.402196
vt 0.286465 0.401605
vt 0.281445 0.401605
vt 0.170571 0.395346
vt 0.913304 0.802587
vt 0.339049 0.580146
vt 0.225806 0.445156
vt 0.272049 0.416503
vt 0.883175 0.992030
vt 0.178702 0.488199
vt 0.224910 0.459512
vt 0.346632 0.572142
vt 0.382157 0.532770
vt 0.915661 0.983175
vt 0.920680 0.983175
vt 0.339859 0.565033
vt 0.178243 0.487995
vt 0.178243 0.416707
vt 0.375082 0.619704
vt 0.303793 0.619704
vt 0.265018 0.495486
vt 0.185734 0.495486
vt 0.382572 0.532930
vt 0.382572 0.612214
vt 0.185733 0.409217
vt 0.265018 0.409217
vt 0.272508 0.416707
vt 0.272508 0.487995
vt 0.303793 0.525439
vt 0.375082 0.525439
vt 0.883795 0.992030
vt 0.993172 0.797904
vt 0.303589 0.525899
vt 0.339881 0.580147
vt 0.375285 0.619245
vt 0.185574 0.409632
vt 0.346633 0.573061
vt 0.883175 0.802968
vt 0.217801 0.451907
vt 0.225830 0.459512
vt 0.265178 0.495070
vt 0.232915 0.452761
vt 0.159085 0.517867
vt 0.040503 0.516861
vt 0.152788 0.516653
vt 0.153413 0.619381
vt 0.049827 0.581235
vt 0.041894 0.625490
vt 0.152138 0.625674
vt 0.896190 0.802968
vt 0.340684 0.452917
vt 0.096758 0.575740
vt 0.049888 0.604366
vt 0.965286 0.986966
vt 0.143958 0.532319
vt 0.097636 0.561290
vt 0.348688 0.460500
vt 0.388060 0.496025
vt 0.757726 0.869463
vt 0.752707 0.869463
vt 0.355798 0.453728
vt 0.144418 0.532522
vt 0.144433 0.604191
vt 0.301126 0.488950
vt 0.301126 0.417661
vt 0.056310 0.525131
vt 0.136847 0.524997
vt 0.387900 0.496440
vt 0.308616 0.496440
vt 0.136903 0.611706
vt 0.056848 0.611589
vt 0.781907 0.915080
vt 0.781907 0.907814
vt 0.965905 0.986966
vt 0.923036 0.983123
vt 0.394931 0.417458
vt 0.340683 0.453749
vt 0.301585 0.489154
vt 0.137069 0.611291
vt 0.347769 0.460501
vt 0.965286 0.797904
vt 0.104795 0.568934
vt 0.096702 0.561292
vt 0.056154 0.525550
vt 0.049310 0.532447
vt 0.089622 0.568129
vt 0.355143 0.170257
vt 0.348884 0.169046
vt 0.349504 0.271159
vt 0.231726 0.170257
vt 0.231726 0.270568
vt 0.232345 0.271159
vt 0.237365 0.271159
vt 0.348238 0.277417
vt 0.978301 0.797904
vt 0.280120 0.333558
vt 0.293004 0.227607
vt 0.246761 0.256260
vt 0.957910 0.986966
vt 0.340108 0.184565
vt 0.293900 0.213251
vt 0.288124 0.341141
vt 0.327496 0.376666
vt 0.903566 0.802968
vt 0.898547 0.802968
vt 0.295233 0.334368
vt 0.340567 0.184768
vt 0.340567 0.256056
vt 0.240562 0.369591
vt 0.240562 0.298302
vt 0.253792 0.177278
vt 0.333076 0.177278
vt 0.327336 0.377081
vt 0.248052 0.377081
vt 0.333076 0.263547
vt 0.253792 0.263547
vt 0.246302 0.256057
vt 0.246302 0.184768
vt 0.334826 0.298302
vt 0.334826 0.369591
vt 0.958529 0.986966
vt 0.940074 0.987120
vt 0.334367 0.298099
vt 0.280119 0.334390
vt 0.241021 0.369794
vt 0.333236 0.263131
vt 0.287205 0.341142
vt 0.957910 0.797904
vt 0.301009 0.220856
vt 0.292980 0.213251
vt 0.253632 0.177693
vt 0.285895 0.220003
vt 0.054797 0.559151
vt 0.055188 0.577387
vt 0.055286 0.559874
vt 0.781907 0.878938
vt 0.781907 0.871672
vt 0.033811 0.554869
vt 0.034399 0.582475
vt 0.752707 0.945943
vt 0.757726 0.945943
vt 0.767255 0.945505
vt 0.395391 0.467744
vt 0.395391 0.488950
vt 0.049421 0.604139
vt 0.034156 0.518019
vt 0.049031 0.554854
vt 0.048842 0.532677
vt 0.163667 0.402196
vt 0.280826 0.503717
vt 0.169926 0.508737
vt 0.164287 0.401605
vt 0.169306 0.401605
vt 0.287084 0.502507
vt 0.281445 0.401605
vt 0.280180 0.395346
vt 0.170572 0.509356
vt 0.913304 0.991603
vt 0.908285 0.991603
vt 0.303590 0.619245
vt 0.225806 0.445156
vt 0.265178 0.409632
vt 0.232915 0.451929
vt 0.217801 0.452739
vt 0.185574 0.495070
vt 0.346632 0.572142
vt 0.920680 0.983175
vt 0.339859 0.565033
vt 0.375286 0.525899
vt 0.178243 0.416707
vt 0.178243 0.487995
vt 0.303793 0.619704
vt 0.375082 0.619704
vt 0.185734 0.495486
vt 0.265018 0.495486
vt 0.382572 0.612214
vt 0.382572 0.532930
vt 0.265018 0.409217
vt 0.185733 0.409217
vt 0.272508 0.487995
vt 0.272508 0.416707
vt 0.375082 0.525439
vt 0.303793 0.525439
vt 0.883795 0.802968
vt 0.888814 0.802968
vt 0.988153 0.797904
vt 0.339028 0.565033
vt 0.339881 0.580147
vt 0.224886 0.445156
vt 0.382157 0.612374
vt 0.883175 0.802968
vt 0.217801 0.451907
vt 0.178703 0.416503
vt 0.225830 0.459512
vt 0.232915 0.452761
vt 0.272049 0.488199
vt 0.159085 0.618794
vt 0.040494 0.511779
vt 0.152779 0.511571
vt 0.158462 0.619381
vt 0.153413 0.619381
vt 0.054729 0.578091
vt 0.041894 0.625490
vt 0.041137 0.511150
vt 0.152132 0.510945
vt 0.891171 0.991984
vt 0.301585 0.417458
vt 0.096758 0.575740
vt 0.056690 0.611174
vt 0.089629 0.568963
vt 0.104794 0.568098
vt 0.137017 0.525415
vt 0.348688 0.460500
vt 0.355798 0.453728
vt 0.394931 0.489154
vt 0.144433 0.604191
vt 0.144418 0.532522
vt 0.301126 0.417661
vt 0.301126 0.488950
vt 0.136847 0.524997
vt 0.056310 0.525131
vt 0.308616 0.496440
vt 0.387900 0.496440
vt 0.056848 0.611589
vt 0.136903 0.611706
vt 0.965905 0.797904
vt 0.970925 0.797904
vt 0.928056 0.983123
vt 0.394931 0.417458
vt 0.355797 0.452896
vt 0.340683 0.453749
vt 0.097686 0.575742
vt 0.308456 0.496025
vt 0.965286 0.797904
vt 0.104795 0.568934
vt 0.143973 0.604397
vt 0.096702 0.561292
vt 0.089622 0.568129
vt 0.049310 0.532448
vt 0.355143 0.270568
vt 0.237984 0.169046
vt 0.348884 0.164027
vt 0.354523 0.271159
vt 0.349504 0.271159
vt 0.231726 0.170257
vt 0.237365 0.271159
vt 0.238630 0.277417
vt 0.348238 0.163407
vt 0.978301 0.986921
vt 0.973281 0.986921
vt 0.241020 0.298099
vt 0.293004 0.227607
vt 0.253632 0.263132
vt 0.285895 0.220834
vt 0.301008 0.220024
vt 0.333236 0.177693
vt 0.288124 0.341141
vt 0.295233 0.334368
vt 0.334367 0.369794
vt 0.340567 0.256056
vt 0.340567 0.184768
vt 0.240562 0.298302
vt 0.240562 0.369591
vt 0.333076 0.177278
vt 0.253792 0.177278
vt 0.248052 0.377081
vt 0.327336 0.377081
vt 0.253792 0.263547
vt 0.333076 0.263547
vt 0.246302 0.184768
vt 0.246302 0.256057
vt 0.334826 0.369591
vt 0.334826 0.298302
vt 0.958529 0.797904
vt 0.963549 0.797904
vt 0.945094 0.987120
vt 0.295233 0.333537
vt 0.280119 0.334390
vt 0.293923 0.227607
vt 0.247892 0.376666
vt 0.957910 0.797904
vt 0.301009 0.220856
vt 0.340107 0.256260
vt 0.292980 0.213251
vt 0.285895 0.220003
vt 0.246761 0.184564
vt 0.049528 0.555813
vt 0.054797 0.559151
vt 0.781907 0.880177
vt 0.781907 0.906575
vt 0.034399 0.582475
vt 0.033811 0.554869
vt 0.757726 0.945943
vt 0.752707 0.945943
vt 0.767255 0.945505
vt 0.762235 0.945505
vt 0.395391 0.488950
vt 0.395391 0.467744
vt 0.049372 0.582170
vt 0.049421 0.604139
vt 0.395391 0.438868
vt 0.395391 0.417661
vn 0.0000 0.0000 -1.0000
vn 0.0000 -1.0000 0.0000
vn 0.0000 0.0000 1.0000
vn -0.7109 -0.7033 0.0000
vn 0.0000 1.0000 0.0000
vn 1.0000 0.0000 0.0000
vn -1.0000 0.0000 0.0000
vn 0.7103 -0.7039 0.0000
vn -0.7097 0.7045 0.0000
vn 0.7102 0.7040 0.0000
vn 0.7110 0.7032 0.0000
vn -0.7115 0.7027 0.0000
vn -0.7102 -0.7040 0.0000
vn 0.7108 -0.7034 0.0000
vn 0.7102 -0.7040 0.0000
vn 0.7109 -0.7033 0.0000
vn 0.7097 0.7045 0.0000
vn -0.7103 -0.7039 0.0000
vn -0.7102 0.7040 0.0000
vn -0.7110 0.7032 0.0000
vn 0.7115 0.7027 0.0000
vn -0.7108 -0.7034 0.0000
vn 0.6204 -0.5557 0.5535
vn -0.6204 -0.5557 0.5535
vn -0.6204 -0.5557 -0.5535
vn 0.6204 -0.5557 -0.5535
vn -0.6204 0.5557 0.5535
vn -0.6204 0.5557 -0.5535
vn 0.6204 0.5557 0.5535
vn 0.6204 0.5557 -0.5535
vn -0.4476 -0.0002 0.8942
vn 0.0000 -0.4439 -0.8961
vn -0.4476 -0.0002 -0.8942
vn 0.0000 -0.4439 0.8961
vn 0.0002 0.4441 0.8960
vn 0.4475 -0.0001 -0.8943
vn 0.4475 -0.0000 0.8943
vn 0.0002 0.4441 -0.8960
vn 0.1280 0.2588 0.9574
vn 0.2687 0.0927 0.9587
vn 0.2687 -0.0926 0.9587
vn 0.1282 -0.2589 0.9574
vn -0.1282 -0.2589 0.9574
vn -0.2686 -0.0925 0.9588
vn -0.2687 0.0927 0.9587
vn -0.1282 0.2589 0.9574
vn 0.1282 -0.2589 -0.9574
vn 0.2688 -0.0926 -0.9587
vn 0.2687 0.0927 -0.9587
vn 0.1280 0.2588 -0.9574
vn -0.1282 0.2589 -0.9574
vn -0.2687 0.0927 -0.9587
vn -0.2686 -0.0925 -0.9588
vn -0.1282 -0.2589 -0.9574
vn 0.6237 -0.5586 0.5468
vn -0.6234 -0.5584 0.5473
vn -0.6252 -0.5601 -0.5435
vn 0.6257 -0.5604 -0.5426
vn -0.6234 0.5584 0.5474
vn -0.6252 0.5601 -0.5435
vn 0.6237 0.5586 0.5468
vn 0.6257 0.5604 -0.5426
vn -0.4477 -0.0002 0.8942
vn 0.2688 0.0927 0.9587
vn 0.2687 -0.0926 0.9588
vn 0.2687 -0.0926 -0.9588
vn 0.2688 0.0927 -0.9587
vn -0.2688 0.0927 -0.9587
vn -0.6203 0.5557 0.5535
vn -0.6203 0.5557 -0.5535
vn 0.6203 0.5557 0.5535
vn 0.6203 0.5557 -0.5535
vn 0.4474 -0.0000 0.8943
vn 0.1280 0.2587 0.9574
vn 0.2688 -0.0927 0.9587
vn 0.1280 0.2587 -0.9574
vn -0.6196 0.5550 -0.5550
vn -0.6196 -0.5550 -0.5550
vn -0.3329 -0.2982 -0.8946
vn -0.3329 0.2982 -0.8946
vn -0.6196 0.5550 0.5550
vn -0.3329 0.2982 0.8946
vn -0.3329 -0.2982 0.8946
vn -0.6196 -0.5550 0.5550
vn 0.4476 -0.0002 0.8942
vn 0.4476 -0.0002 -0.8942
vn -0.0002 0.4441 0.8960
vn -0.4475 -0.0000 -0.8943
vn -0.4475 -0.0000 0.8943
vn -0.0002 0.4441 -0.8960
vn -0.1280 0.2588 0.9574
vn -0.2687 -0.0927 0.9587
vn 0.2686 -0.0925 0.9588
vn 0.1282 0.2589 0.9574
vn -0.2688 -0.0927 -0.9587
vn -0.1280 0.2588 -0.9574
vn 0.1282 0.2589 -0.9574
vn 0.2686 -0.0925 -0.9588
vn -0.6237 -0.5586 0.5468
vn 0.6234 -0.5584 0.5473
vn 0.6253 -0.5601 -0.5435
vn -0.6257 -0.5604 -0.5426
vn 0.6234 0.5584 0.5473
vn 0.6252 0.5600 -0.5435
vn -0.6237 0.5586 0.5468
vn -0.6256 0.5604 -0.5427
vn 0.4477 -0.0002 0.8942
vn 0.4477 -0.0002 -0.8942
vn -0.2688 0.0927 0.9587
vn -0.2687 -0.0927 -0.9587
vn 0.6203 0.5557 -0.5536
vn -0.0001 -0.4439 0.8961
vn -0.4474 -0.0000 -0.8943
vn -0.4474 -0.0000 0.8943
vn -0.1280 0.2587 0.9574
vn -0.2688 -0.0927 0.9587
vn -0.1280 0.2587 -0.9574
vn 0.2687 0.0927 -0.9588
vn 0.6196 0.5550 -0.5550
vn 0.6196 -0.5550 -0.5550
vn 0.3329 -0.2982 -0.8946
vn 0.3329 0.2982 -0.8946
vn 0.6196 0.5550 0.5550
vn 0.3329 0.2982 0.8946
vn 0.3329 -0.2982 0.8946
vn 0.6196 -0.5550 0.5550
vn -0.7310 0.0000 0.6824
vn 0.7310 0.0000 0.6824
vn -0.7310 0.0000 -0.6824
vn 0.7449 -0.6672 0.0000
vn -0.7449 -0.6672 0.0000
vn -0.7449 0.6672 0.0000
vn 0.7310 0.0000 -0.6824
vn 0.7449 0.6672 0.0000
vn 0.0000 0.7236 0.6902
vn 0.0000 0.7236 -0.6902
vn 0.0000 -0.7236 -0.6902
vn 0.0000 -0.7236 0.6902
vn 0.0004 1.0000 0.0000
vn -0.5162 0.5098 -0.6882
vn -0.5148 0.5110 0.6884
vn 0.5157 -0.5102 0.6883
vn 0.5153 -0.5106 -0.6883
vn -0.5162 0.5098 0.6882
vn 0.5153 -0.5106 0.6883
vn -0.5148 0.5110 -0.6884
vn 1.0000 -0.0001 0.0000
vn 0.5157 -0.5102 -0.6883
vn -0.4437 0.8962 0.0000
vn -0.9454 0.3260 0.0000
vn 0.4434 0.8963 0.0000
vn 0.9454 0.3261 0.0000
vn 0.9454 -0.3259 0.0000
vn 0.4437 -0.8962 0.0000
vn -0.4438 -0.8961 0.0000
vn -0.9455 -0.3256 0.0000
vn 0.7449 0.0000 0.6672
vn 0.7449 0.0000 -0.6672
vn 0.0000 0.7071 -0.7071
vn 0.0000 0.7071 0.7071
vn 0.0000 -0.7071 -0.7071
vn 0.0000 -0.7071 0.7071
vn -0.7449 0.0000 0.6672
vn -0.7449 0.0000 -0.6672
vn 0.0001 -1.0000 0.0000
vn -1.0000 -0.0003 0.0000
vn 0.5158 0.5102 -0.6883
vn -0.5158 -0.5102 -0.6883
vn 0.5152 0.5107 0.6883
vn 0.5152 0.5107 -0.6883
vn -0.5152 -0.5107 -0.6883
vn -0.5158 -0.5102 0.6883
vn -0.5152 -0.5107 0.6883
vn 0.5158 0.5102 0.6883
vn -0.7337 0.0000 0.6795
vn -0.7353 0.0000 -0.6777
vn -0.0000 0.7265 0.6872
vn -0.0000 0.7282 -0.6853
vn -0.0000 -0.7283 -0.6853
vn -0.0000 -0.7265 0.6872
vn -0.5148 0.5111 0.6883
vn -0.5148 0.5111 -0.6883
vn 0.5157 -0.5103 -0.6883
vn 0.4433 0.8964 0.0000
vn 0.9454 0.3260 0.0000
vn -0.5157 -0.5102 -0.6883
vn -0.5157 -0.5102 0.6883
vn -0.7448 0.6672 0.0000
vn 0.7448 0.6672 0.0000
vn 0.5157 -0.5103 0.6883
vn 0.9454 -0.3260 0.0000
vn 0.7343 0.0000 0.6788
vn 0.7364 0.0000 -0.6765
vn 0.7361 0.0000 -0.6769
vn 0.7341 0.0000 0.6790
vn -0.0004 1.0000 0.0000
vn 0.5162 0.5098 -0.6882
vn 0.5148 0.5110 0.6883
vn -0.5157 -0.5103 0.6883
vn -0.5153 -0.5106 -0.6883
vn 0.5162 0.5098 0.6882
vn -0.5153 -0.5106 0.6883
vn 0.5148 0.5111 -0.6883
vn -1.0000 -0.0001 0.0000
vn -0.5157 -0.5103 -0.6883
vn 0.4437 0.8962 0.0000
vn -0.4434 0.8963 0.0000
vn -0.9454 -0.3259 0.0000
vn -0.4437 -0.8962 0.0000
vn 0.4438 -0.8961 0.0000
vn 0.9455 -0.3256 0.0000
vn -0.0001 -1.0000 0.0000
vn 1.0000 -0.0004 0.0000
vn -0.5158 0.5102 -0.6883
vn 0.5158 -0.5102 -0.6883
vn -0.5152 0.5107 0.6883
vn -0.5152 0.5107 -0.6883
vn 0.5152 -0.5107 -0.6883
vn 0.5158 -0.5102 0.6883
vn 0.5152 -0.5107 0.6883
vn -0.5158 0.5102 0.6883
vn 0.7337 0.0000 0.6795
vn 0.7353 0.0000 -0.6777
vn 0.5148 0.5111 0.6883
vn -0.5156 -0.5102 0.6883
vn -0.5156 -0.5102 -0.6883
vn -0.9454 -0.3260 0.0000
vn -0.7343 0.0000 0.6788
vn -0.7364 0.0000 -0.6765
vn 0.7448 -0.6672 0.0000
vn -0.7361 0.0000 -0.6769
vn -0.7341 0.0000 0.6790
usemtl None
s off
f 4522/5331/1545 4453/5332/1545 4579/5333/1545 4587/5334/1545 4454/5335/1545 4511/5336/1545
f 4514/5337/1546 4506/5338/1546 4509/5339/1546 4512/5340/1546
f 4517/5341/1547 4450/5342/1547 4561/5343/1547 4569/5344/1547 4451/5345/1547 4525/5346/1547
f 4505/5347/1547 4452/5348/1547 4573/5349/1547 4557/5350/1547 4449/5351/1547 4510/5352/1547
f 4561/5343/1547 4450/5342/1547 4563/5353/1547
f 4511/5336/1545 4454/5335/1545 4585/5354/1545 4593/5355/1545 4455/5356/1545 4515/5357/1545
f 4526/5358/1545 4456/5359/1545 4597/5360/1545 4581/5361/1545 4453/5332/1545 4522/5331/1545
f 4510/5352/1547 4449/5351/1547 4555/5362/1547 4563/5353/1547 4450/5342/1547 4517/5341/1547
f 4531/5363/1548 4562/5364/1548 4577/5365/1548 4536/5366/1548
f 4542/5367/1547 4530/5368/1547 4540/5369/1547 4548/5370/1547
f 4567/5371/1547 4451/5345/1547 4569/5344/1547
f 4594/5372/1549 4584/5373/1549 4558/5374/1549 4572/5375/1549
f 4515/5357/1545 4455/5356/1545 4591/5376/1545 4599/5377/1545 4456/5359/1545 4526/5358/1545
f 4573/5349/1547 4452/5348/1547 4575/5378/1547
f 4521/5379/1549 4518/5380/1549 4524/5381/1549 4527/5382/1549
f 4507/5383/1550 4516/5384/1550 4528/5385/1550 4523/5386/1550
f 4564/5387/1550 4554/5388/1550 4588/5389/1550 4578/5390/1550
f 4582/5391/1546 4596/5392/1546 4570/5393/1546 4560/5394/1546
f 4576/5395/1551 4566/5396/1551 4600/5397/1551 4590/5398/1551
f 4579/5333/1545 4453/5332/1545 4581/5361/1545
f 4585/5354/1545 4454/5335/1545 4587/5334/1545
f 4591/5376/1545 4455/5356/1545 4593/5355/1545
f 4597/5360/1545 4456/5359/1545 4599/5377/1545
f 4601/5399/1550 4610/5400/1550 4807/5401/1550 4822/5402/1550
f 4575/5378/1547 4548/5370/1547 4540/5369/1547 4573/5349/1547
f 4537/5403/1545 4579/5333/1545 4581/5361/1545 4552/5404/1545
f 4542/5367/1547 4561/5343/1547 4563/5353/1547 4530/5368/1547
f 4545/5405/1545 4532/5406/1545 4537/5403/1545 4552/5404/1545
f 4519/5407/1551 4520/5408/1551 4513/5409/1551 4508/5410/1551
f 4538/5411/1552 4556/5412/1552 4583/5413/1552 4534/5414/1552
f 4595/5415/1553 4551/5416/1553 4543/5417/1553 4568/5418/1553
f 4530/5368/1547 4555/5362/1547 4557/5350/1547 4540/5369/1547
f 4550/5419/1554 4580/5420/1554 4559/5421/1554 4541/5422/1554
f 4555/5362/1547 4449/5351/1547 4557/5350/1547
f 4589/5423/1555 4544/5424/1555 4549/5425/1555 4574/5426/1555
f 4599/5377/1545 4545/5405/1545 4552/5404/1545 4597/5360/1545
f 4535/5427/1556 4586/5428/1556 4553/5429/1556 4529/5430/1556
f 4571/5431/1557 4539/5432/1557 4533/5433/1557 4592/5434/1557
f 4532/5406/1545 4585/5354/1545 4587/5334/1545 4537/5403/1545
f 4593/5355/1545 4532/5406/1545 4545/5405/1545 4591/5376/1545
f 4565/5435/1558 4547/5436/1558 4546/5437/1558 4598/5438/1558
f 4569/5344/1547 4542/5367/1547 4548/5370/1547 4567/5371/1547
f 4618/5439/1545 4461/5440/1545 4675/5441/1545 4683/5442/1545 4462/5443/1545 4607/5444/1545
f 4804/5445/1545 4695/5446/1545 4464/5447/1545 4623/5448/1545 4805/5449/1545
f 4613/5450/1547 4458/5451/1547 4657/5452/1547 4665/5453/1547 4459/5454/1547 4621/5455/1547
f 4602/5456/1547 4460/5457/1547 4669/5458/1547 4653/5459/1547 4457/5460/1547 4606/5461/1547
f 4657/5452/1547 4458/5451/1547 4659/5462/1547
f 4607/5444/1545 4462/5443/1545 4681/5463/1545 4689/5464/1545 4463/5465/1545 4612/5466/1545
f 4623/5448/1545 4464/5447/1545 4693/5467/1545 4677/5468/1545 4461/5440/1545 4618/5439/1545
f 4817/5469/1547 4672/5470/1547 4460/5457/1547 4602/5456/1547 4821/5471/1547
f 4627/5472/1548 4658/5473/1548 4673/5474/1548 4632/5475/1548
f 4806/5476/1550 4622/5477/1550 4619/5478/1550 4823/5479/1550
f 4663/5480/1547 4459/5454/1547 4665/5453/1547
f 4690/5481/1549 4680/5482/1549 4654/5483/1549 4668/5484/1549
f 4612/5466/1545 4463/5465/1545 4686/5485/1545 4799/5486/1545 4808/5487/1545
f 4621/5455/1547 4459/5454/1547 4663/5480/1547 4812/5488/1547 4824/5489/1547
f 4675/5441/1545 4461/5440/1545 4677/5468/1545
f 4606/5461/1547 4457/5460/1547 4651/5490/1547 4659/5462/1547 4458/5451/1547 4613/5450/1547
f 4660/5491/1550 4650/5492/1550 4684/5493/1550 4674/5494/1550
f 4678/5495/1546 4692/5496/1546 4666/5497/1546 4656/5498/1546
f 4813/5499/1551 4662/5500/1551 4696/5501/1551 4803/5502/1551
f 4670/5503/1551 4816/5504/1551 4800/5505/1551 4685/5506/1551
f 4681/5463/1545 4462/5443/1545 4683/5442/1545
f 4686/5485/1545 4463/5465/1545 4689/5464/1545
f 4693/5467/1545 4464/5447/1545 4695/5446/1545
f 4717/5507/1547 4467/5508/1547 4759/5509/1547 4767/5510/1547 4468/5511/1547 4697/5512/1547
f 4672/5470/1547 4644/5513/1547 4636/5514/1547 4669/5515/1547
f 4633/5516/1545 4675/5441/1545 4677/5468/1545 4648/5517/1545
f 4638/5518/1547 4657/5452/1547 4659/5462/1547 4626/5519/1547
f 4641/5520/1545 4628/5521/1545 4633/5516/1545 4648/5517/1545
f 4615/5522/1551 4616/5523/1551 4609/5524/1551 4604/5525/1551
f 4634/5526/1552 4652/5527/1552 4679/5528/1552 4630/5529/1552
f 4691/5530/1553 4647/5531/1553 4639/5532/1553 4664/5533/1553
f 4626/5519/1547 4651/5490/1547 4653/5459/1547 4636/5514/1547
f 4646/5534/1554 4676/5535/1554 4655/5536/1554 4637/5537/1554
f 4651/5490/1547 4457/5460/1547 4653/5459/1547
f 4687/5538/1555 4640/5539/1555 4645/5540/1555 4671/5541/1555
f 4695/5446/1545 4641/5520/1545 4648/5517/1545 4693/5467/1545
f 4631/5542/1556 4682/5543/1556 4649/5544/1556 4625/5545/1556
f 4667/5546/1557 4635/5547/1557 4629/5548/1557 4688/5549/1557
f 4628/5521/1545 4681/5463/1545 4683/5442/1545 4633/5516/1545
f 4689/5464/1545 4628/5521/1545 4641/5520/1545 4686/5485/1545
f 4661/5550/1558 4643/5551/1558 4642/5552/1558 4694/5553/1558
f 4665/5453/1547 4638/5518/1547 4644/5513/1547 4663/5480/1547
f 4714/5554/1545 4469/5555/1545 4771/5556/1545 4779/5557/1545 4470/5558/1545 4703/5559/1545
f 4706/5560/1546 4698/5561/1546 4701/5562/1546 4704/5563/1546
f 4709/5564/1547 4466/5565/1547 4753/5566/1547 4761/5567/1547 4467/5508/1547 4717/5507/1547
f 4697/5512/1547 4468/5511/1547 4765/5568/1547 4749/5569/1547 4465/5570/1547 4702/5571/1547
f 4753/5566/1547 4466/5565/1547 4755/5572/1547
f 4703/5559/1545 4470/5558/1545 4777/5573/1545 4785/5574/1545 4471/5575/1545 4707/5576/1545
f 4718/5577/1545 4472/5578/1545 4789/5579/1545 4773/5580/1545 4469/5555/1545 4714/5554/1545
f 4702/5571/1547 4465/5570/1547 4747/5581/1547 4755/5572/1547 4466/5565/1547 4709/5564/1547
f 4723/5582/1548 4754/5583/1548 4769/5584/1548 4728/5585/1548
f 4734/5586/1547 4722/5587/1547 4732/5588/1547 4740/5589/1547
f 4759/5509/1547 4467/5508/1547 4761/5567/1547
f 4786/5590/1549 4776/5591/1549 4750/5592/1549 4764/5593/1549
f 4707/5576/1545 4471/5575/1545 4783/5594/1545 4791/5595/1545 4472/5578/1545 4718/5577/1545
f 4765/5568/1547 4468/5511/1547 4767/5510/1547
f 4713/5596/1549 4710/5597/1549 4716/5598/1549 4719/5599/1549
f 4699/5600/1550 4708/5601/1550 4720/5602/1550 4715/5603/1550
f 4756/5604/1550 4746/5605/1550 4780/5606/1550 4770/5607/1550
f 4774/5608/1546 4788/5609/1546 4762/5610/1546 4752/5611/1546
f 4768/5612/1551 4758/5613/1551 4792/5614/1551 4782/5615/1551
f 4771/5556/1545 4469/5555/1545 4773/5580/1545
f 4777/5573/1545 4470/5558/1545 4779/5557/1545
f 4783/5594/1545 4471/5575/1545 4785/5574/1545
f 4789/5579/1545 4472/5578/1545 4791/5595/1545
f 4802/5616/1549 4795/5617/1549 4809/5618/1549 4814/5619/1549
f 4767/5510/1547 4740/5589/1547 4732/5588/1547 4765/5568/1547
f 4729/5620/1545 4771/5556/1545 4773/5580/1545 4744/5621/1545
f 4734/5586/1547 4753/5566/1547 4755/5572/1547 4722/5587/1547
f 4737/5622/1545 4724/5623/1545 4729/5620/1545 4744/5621/1545
f 4711/5624/1551 4712/5625/1551 4705/5626/1551 4700/5627/1551
f 4730/5628/1552 4748/5629/1552 4775/5630/1552 4726/5631/1552
f 4787/5632/1553 4743/5633/1553 4735/5634/1553 4760/5635/1553
f 4722/5587/1547 4747/5581/1547 4749/5569/1547 4732/5588/1547
f 4742/5636/1554 4772/5637/1554 4751/5638/1554 4733/5639/1554
f 4747/5581/1547 4465/5570/1547 4749/5569/1547
f 4781/5640/1555 4736/5641/1555 4741/5642/1555 4766/5643/1555
f 4791/5595/1545 4737/5622/1545 4744/5621/1545 4789/5579/1545
f 4727/5644/1556 4778/5645/1556 4745/5646/1556 4721/5647/1556
f 4763/5648/1557 4731/5649/1557 4725/5650/1557 4784/5651/1557
f 4724/5623/1545 4777/5573/1545 4779/5557/1545 4729/5620/1545
f 4785/5574/1545 4724/5623/1545 4737/5622/1545 4783/5594/1545
f 4757/5652/1558 4739/5653/1558 4738/5654/1558 4790/5655/1558
f 4761/5567/1547 4734/5586/1547 4740/5589/1547 4759/5509/1547
f 4611/5656/1546 4603/5657/1546 4605/5658/1546 4608/5659/1546
f 4799/5660/1545 4797/5661/1545 4793/5662/1545 4804/5663/1545
f 4617/5664/1549 4614/5665/1549 4620/5666/1549 4624/5667/1549
f 4669/5458/1547 4460/5457/1547 4672/5470/1547
f 4476/5668/1547 4812/5669/1547 4811/5670/1547 4473/5671/1547
f 4815/5672/1546 4819/5673/1546 4798/5674/1546 4801/5675/1546
f 4823/5479/1550 4822/5402/1550 4807/5401/1550 4806/5476/1550
f 4638/5518/1547 4626/5519/1547 4636/5514/1547 4644/5513/1547
f 4818/5676/1551 4810/5677/1551 4794/5678/1551 4796/5679/1551
f 4799/5486/1545 4804/5445/1545 4805/5449/1545 4808/5487/1545
f 4473/5671/1547 4811/5670/1547 4820/5680/1547 4474/5681/1547
f 4475/5682/1547 4817/5683/1547 4821/5471/1547
f 4476/5668/1547 4824/5489/1547 4812/5684/1547
f 4843/5685/1547 4827/5686/1547 4480/5687/1547 4896/5688/1547 4886/5689/1547 4479/5690/1547
f 4474/5681/1547 4820/5680/1547 4817/5691/1547 4475/5682/1547
f 4475/5682/1547 4821/5692/1547 4824/5489/1547 4476/5668/1547
f 4840/5693/1545 4833/5694/1545 4482/5695/1545 4908/5696/1545 4898/5697/1545 4481/5698/1545
f 4834/5699/1546 4832/5700/1546 4829/5701/1546 4826/5702/1546
f 4839/5703/1547 4843/5685/1547 4479/5690/1547 4890/5704/1547 4880/5705/1547 4478/5706/1547
f 4827/5686/1547 4828/5707/1547 4477/5708/1547 4878/5709/1547 4892/5710/1547 4480/5687/1547
f 4880/5705/1547 4884/5711/1547 4478/5706/1547
f 4833/5694/1545 4836/5712/1545 4483/5713/1545 4914/5714/1545 4904/5715/1545 4482/5695/1545
f 4848/5716/1545 4840/5693/1545 4481/5698/1545 4902/5717/1545 4916/5718/1545 4484/5719/1545
f 4828/5707/1547 4839/5703/1547 4478/5706/1547 4884/5711/1547 4874/5720/1547 4477/5708/1547
f 4851/5721/1547 4859/5722/1547 4878/5709/1547 4874/5720/1547
f 4863/5723/1547 4869/5724/1547 4859/5722/1547 4851/5721/1547
f 4886/5689/1547 4890/5704/1547 4479/5690/1547
f 4913/5725/1549 4893/5726/1549 4877/5727/1549 4905/5728/1549
f 4836/5712/1545 4848/5716/1545 4484/5719/1545 4920/5729/1545 4910/5730/1545 4483/5713/1545
f 4892/5710/1547 4896/5688/1547 4480/5687/1547
f 4841/5731/1549 4847/5732/1549 4844/5733/1549 4838/5734/1549
f 4825/5735/1551 4845/5736/1551 4846/5737/1551 4835/5738/1551
f 4883/5739/1551 4899/5740/1551 4907/5741/1551 4875/5742/1551
f 4901/5743/1546 4881/5744/1546 4889/5745/1546 4917/5746/1546
f 4895/5747/1550 4911/5748/1550 4919/5749/1550 4887/5750/1550
f 4898/5697/1545 4902/5717/1545 4481/5698/1545
f 4904/5715/1545 4908/5696/1545 4482/5695/1545
f 4910/5730/1545 4914/5714/1545 4483/5713/1545
f 4916/5718/1545 4920/5729/1545 4484/5719/1545
f 4921/5751/1551 5141/5752/1551 5128/5753/1551 4930/5754/1551
f 4896/5688/1547 4892/5710/1547 4859/5722/1547 4869/5724/1547
f 4914/5714/1545 4910/5730/1545 4866/5755/1545 4854/5756/1545
f 4863/5723/1547 4851/5721/1547 4884/5711/1547 4880/5705/1547
f 4891/5757/1559 4912/5758/1559 4853/5759/1559 4860/5760/1559
f 4837/5761/1550 4830/5762/1550 4831/5763/1550 4842/5764/1550
f 4850/5765/1560 4857/5766/1560 4897/5767/1560 4882/5768/1560
f 4915/5769/1561 4888/5770/1561 4862/5771/1561 4872/5772/1561
f 4858/5773/1562 4852/5774/1562 4903/5775/1562 4876/5776/1562
f 4870/5777/1563 4861/5778/1563 4879/5779/1563 4900/5780/1563
f 4874/5720/1547 4878/5709/1547 4477/5708/1547
f 4909/5781/1564 4894/5782/1564 4868/5783/1564 4864/5784/1564
f 4920/5729/1545 4916/5718/1545 4871/5785/1545 4866/5755/1545
f 4855/5786/1565 4849/5787/1565 4873/5788/1565 4906/5789/1565
f 4856/5790/1545 4871/5785/1545 4902/5717/1545 4898/5697/1545
f 4866/5755/1545 4871/5785/1545 4856/5790/1545 4854/5756/1545
f 4854/5756/1545 4856/5790/1545 4908/5696/1545 4904/5715/1545
f 4885/5791/1566 4918/5792/1566 4865/5793/1566 4867/5794/1566
f 4890/5704/1547 4886/5689/1547 4869/5724/1547 4863/5723/1547
f 4936/5795/1545 4929/5796/1545 4490/5797/1545 5004/5798/1545 4994/5799/1545 4489/5800/1545
f 5123/5801/1545 5126/5802/1545 4944/5803/1545 4492/5804/1545 5016/5805/1545
f 4935/5806/1547 4940/5807/1547 4487/5808/1547 4986/5809/1547 4976/5810/1547 4486/5811/1547
f 4923/5812/1547 4924/5813/1547 4485/5814/1547 4974/5815/1547 4988/5816/1547 4488/5817/1547
f 4976/5810/1547 4980/5818/1547 4486/5811/1547
f 4929/5796/1545 4931/5819/1545 4491/5820/1545 5010/5821/1545 5000/5822/1545 4490/5797/1545
f 4944/5803/1545 4936/5795/1545 4489/5800/1545 4998/5823/1545 5012/5824/1545 4492/5804/1545
f 5135/5825/1547 5142/5826/1547 4923/5812/1547 4488/5817/1547 4991/5827/1547
f 4947/5828/1547 4955/5829/1547 4974/5815/1547 4970/5830/1547
f 5125/5831/1551 5144/5832/1551 4939/5833/1551 4942/5834/1551
f 4982/5835/1547 4986/5809/1547 4487/5808/1547
f 5009/5836/1549 4989/5837/1549 4973/5838/1549 5001/5839/1549
f 4931/5819/1545 5127/5840/1545 5121/5841/1545 5007/5842/1545 4491/5820/1545
f 4940/5807/1547 5143/5843/1547 5134/5844/1547 4982/5835/1547 4487/5808/1547
f 4994/5799/1545 4998/5823/1545 4489/5800/1545
f 4924/5813/1547 4935/5806/1547 4486/5811/1547 4980/5818/1547 4970/5830/1547 4485/5814/1547
f 4979/5845/1551 4995/5846/1551 5003/5847/1551 4971/5848/1551
f 4997/5849/1546 4977/5850/1546 4985/5851/1546 5013/5852/1546
f 5133/5853/1550 5124/5854/1550 5015/5855/1550 4983/5856/1550
f 4990/5857/1550 5005/5858/1550 5120/5859/1550 5136/5860/1550
f 5000/5822/1545 5004/5798/1545 4490/5797/1545
f 5007/5842/1545 5010/5821/1545 4491/5820/1545
f 5012/5824/1545 5016/5805/1545 4492/5804/1545
f 5035/5861/1547 5019/5862/1547 4496/5863/1547 5088/5864/1547 5078/5865/1547 4495/5866/1547
f 4991/5827/1547 4988/5867/1547 4955/5829/1547 4965/5868/1547
f 5010/5821/1545 5007/5842/1545 4962/5869/1545 4950/5870/1545
f 4959/5871/1547 4947/5828/1547 4980/5818/1547 4976/5810/1547
f 4987/5872/1559 5008/5873/1559 4949/5874/1559 4956/5875/1559
f 4933/5876/1550 4926/5877/1550 4927/5878/1550 4938/5879/1550
f 4946/5880/1560 4953/5881/1560 4993/5882/1560 4978/5883/1560
f 5011/5884/1561 4984/5885/1561 4958/5886/1561 4968/5887/1561
f 4954/5888/1562 4948/5889/1562 4999/5890/1562 4972/5891/1562
f 4966/5892/1563 4957/5893/1563 4975/5894/1563 4996/5895/1563
f 4970/5830/1547 4974/5815/1547 4485/5814/1547
f 5006/5896/1564 4992/5897/1564 4964/5898/1564 4960/5899/1564
f 5016/5805/1545 5012/5824/1545 4967/5900/1545 4962/5869/1545
f 4951/5901/1565 4945/5902/1565 4969/5903/1565 5002/5904/1565
f 4952/5905/1545 4967/5900/1545 4998/5823/1545 4994/5799/1545
f 4962/5869/1545 4967/5900/1545 4952/5905/1545 4950/5870/1545
f 4950/5870/1545 4952/5905/1545 5004/5798/1545 5000/5822/1545
f 4981/5906/1566 5014/5907/1566 4961/5908/1566 4963/5909/1566
f 4986/5809/1547 4982/5835/1547 4965/5868/1547 4959/5871/1547
f 5032/5910/1545 5025/5911/1545 4498/5912/1545 5100/5913/1545 5090/5914/1545 4497/5915/1545
f 5026/5916/1546 5024/5917/1546 5021/5918/1546 5018/5919/1546
f 5031/5920/1547 5035/5861/1547 4495/5866/1547 5082/5921/1547 5072/5922/1547 4494/5923/1547
f 5019/5862/1547 5020/5924/1547 4493/5925/1547 5070/5926/1547 5084/5927/1547 4496/5863/1547
f 5072/5922/1547 5076/5928/1547 4494/5923/1547
f 5025/5911/1545 5028/5929/1545 4499/5930/1545 5106/5931/1545 5096/5932/1545 4498/5912/1545
f 5040/5933/1545 5032/5910/1545 4497/5915/1545 5094/5934/1545 5108/5935/1545 4500/5936/1545
f 5020/5924/1547 5031/5920/1547 4494/5923/1547 5076/5928/1547 5066/5937/1547 4493/5925/1547
f 5043/5938/1547 5051/5939/1547 5070/5926/1547 5066/5937/1547
f 5055/5940/1547 5061/5941/1547 5051/5939/1547 5043/5938/1547
f 5078/5865/1547 5082/5921/1547 4495/5866/1547
f 5105/5942/1549 5085/5943/1549 5069/5944/1549 5097/5945/1549
f 5028/5929/1545 5040/5933/1545 4500/5936/1545 5112/5946/1545 5102/5947/1545 4499/5930/1545
f 5084/5927/1547 5088/5864/1547 4496/5863/1547
f 5033/5948/1549 5039/5949/1549 5036/5950/1549 5030/5951/1549
f 5017/5952/1551 5037/5953/1551 5038/5954/1551 5027/5955/1551
f 5075/5956/1551 5091/5957/1551 5099/5958/1551 5067/5959/1551
f 5093/5960/1546 5073/5961/1546 5081/5962/1546 5109/5963/1546
f 5087/5964/1550 5103/5965/1550 5111/5966/1550 5079/5967/1550
f 5090/5914/1545 5094/5934/1545 4497/5915/1545
f 5096/5932/1545 5100/5913/1545 4498/5912/1545
f 5102/5947/1545 5106/5931/1545 4499/5930/1545
f 5108/5935/1545 5112/5946/1545 4500/5936/1545
f 5122/5968/1549 5132/5969/1549 5131/5970/1549 5114/5971/1549
f 5088/5864/1547 5084/5927/1547 5051/5939/1547 5061/5941/1547
f 5106/5931/1545 5102/5947/1545 5058/5972/1545 5046/5973/1545
f 5055/5940/1547 5043/5938/1547 5076/5928/1547 5072/5922/1547
f 5083/5974/1559 5104/5975/1559 5045/5976/1559 5052/5977/1559
f 5029/5978/1550 5022/5979/1550 5023/5980/1550 5034/5981/1550
f 5042/5982/1560 5049/5983/1560 5089/5984/1560 5074/5985/1560
f 5107/5986/1561 5080/5987/1561 5054/5988/1561 5064/5989/1561
f 5050/5990/1562 5044/5991/1562 5095/5992/1562 5068/5993/1562
f 5062/5994/1563 5053/5995/1563 5071/5996/1563 5092/5997/1563
f 5066/5937/1547 5070/5926/1547 4493/5925/1547
f 5101/5998/1564 5086/5999/1564 5060/6000/1564 5056/6001/1564
f 5112/5946/1545 5108/5935/1545 5063/6002/1545 5058/5972/1545
f 5047/6003/1565 5041/6004/1565 5065/6005/1565 5098/6006/1565
f 5048/6007/1545 5063/6002/1545 5094/5934/1545 5090/5914/1545
f 5058/5972/1545 5063/6002/1545 5048/6007/1545 5046/5973/1545
f 5046/5973/1545 5048/6007/1545 5100/5913/1545 5096/5932/1545
f 5077/6008/1566 5110/6009/1566 5057/6010/1566 5059/6011/1566
f 5082/5921/1547 5078/5865/1547 5061/5941/1547 5055/5940/1547
f 4932/6012/1546 4928/6013/1546 4925/6014/1546 4922/6015/1546
f 5121/6016/1545 5123/6017/1545 5113/6018/1545 5118/6019/1545
f 4937/6020/1549 4943/6021/1549 4941/6022/1549 4934/6023/1549
f 4988/5816/1547 4991/5827/1547 4488/5817/1547
f 4504/6024/1547 4501/6025/1547 5129/6026/1547 5134/6027/1547
f 5137/6028/1546 5119/6029/1546 5117/6030/1546 5140/6031/1546
f 5144/5832/1551 5125/5831/1551 5128/5753/1551 5141/5752/1551
f 4959/5871/1547 4965/5868/1547 4955/5829/1547 4947/5828/1547
f 5138/6032/1550 5116/6033/1550 5115/6034/1550 5130/6035/1550
f 5121/5841/1545 5127/5840/1545 5126/5802/1545 5123/5801/1545
f 4501/6025/1547 4502/6036/1547 5139/6037/1547 5129/6026/1547
f 4503/6038/1547 5142/5826/1547 5135/6039/1547
f 4504/6024/1547 5134/6040/1547 5143/5843/1547
f 4502/6036/1547 4503/6038/1547 5135/6041/1547 5139/6037/1547
f 4503/6038/1547 4504/6024/1547 5143/5843/1547 5142/6042/1547
f 4505/6043/1567 4506/6044/1567 4507/6045/1567
f 4508/5410/1568 4509/6046/1568 4510/6047/1568
f 4511/6048/1569 4512/6049/1569 4513/6050/1569
f 4514/5337/1570 4515/6051/1570 4516/6052/1570
f 4517/5341/1571 4518/6053/1571 4519/6054/1571
f 4520/5408/1572 4521/6055/1572 4522/6056/1572
f 4523/6057/1573 4524/6058/1573 4525/5346/1573
f 4526/6059/1574 4527/6060/1574 4528/6061/1574
f 4529/6062/1575 4530/6063/1575 4531/6064/1575
f 4532/6065/1576 4533/6066/1576 4534/6067/1576
f 4535/5427/1577 4536/6068/1577 4537/6069/1577
f 4538/5411/1578 4539/6070/1578 4540/6071/1578
f 4541/6072/1579 4542/6073/1579 4543/6074/1579
f 4544/6075/1580 4545/6076/1580 4546/6077/1580
f 4547/6078/1581 4548/6079/1581 4549/6080/1581
f 4550/5419/1582 4551/6081/1582 4552/6082/1582
f 4553/5429/1583 4554/6083/1583 4555/6084/1583
f 4556/6085/1584 4557/6086/1584 4558/6087/1584
f 4559/5421/1585 4560/6088/1585 4561/6089/1585
f 4562/6090/1586 4563/6091/1586 4564/6092/1586
f 4565/6093/1587 4566/6094/1587 4567/6095/1587
f 4568/6096/1588 4569/6097/1588 4570/6098/1588
f 4571/6099/1589 4572/6100/1589 4573/6101/1589
f 4574/6102/1590 4575/6103/1590 4576/6104/1590
f 4577/6105/1591 4578/6106/1591 4579/6107/1591
f 4580/6108/1592 4581/6109/1592 4582/6110/1592
f 4583/6111/1593 4584/6112/1593 4585/6113/1593
f 4586/6114/1594 4587/6115/1594 4588/6116/1594
f 4589/5423/1595 4590/6117/1595 4591/6118/1595
f 4592/5434/1596 4593/6119/1596 4594/6120/1596
f 4595/5415/1597 4596/6121/1597 4597/6122/1597
f 4598/6123/1598 4599/6124/1598 4600/6125/1598
f 4601/5399/1599 4602/6126/1599 4603/6127/1599
f 4604/5525/1600 4605/6128/1600 4606/6129/1600
f 4607/6130/1601 4608/6131/1601 4609/6132/1601
f 4610/6133/1602 4611/6134/1602 4612/6135/1602
f 4613/5450/1603 4614/6136/1603 4615/6137/1603
f 4616/5523/1604 4617/6138/1604 4618/6139/1604
f 4619/5478/1605 4620/6140/1605 4621/6141/1605
f 4622/5477/1606 4623/6142/1606 4624/6143/1606
f 4625/6144/1607 4626/6145/1607 4627/6146/1607
f 4628/6147/1576 4629/6148/1576 4630/6149/1576
f 4631/5542/1577 4632/6150/1577 4633/6151/1577
f 4634/5526/1578 4635/6152/1578 4636/6153/1578
f 4637/6154/1579 4638/6155/1579 4639/6156/1579
f 4640/6157/1580 4641/6158/1580 4642/6159/1580
f 4643/6160/1581 4644/6161/1581 4645/6162/1581
f 4646/5534/1582 4647/6163/1582 4648/6164/1582
f 4649/5544/1583 4650/6165/1583 4651/6166/1583
f 4652/6167/1608 4653/6168/1608 4654/6169/1608
f 4655/5536/1609 4656/6170/1609 4657/6171/1609
f 4658/6172/1586 4659/6173/1586 4660/6174/1586
f 4661/5550/1587 4662/6175/1587 4663/6176/1587
f 4664/6177/1588 4665/6178/1588 4666/6179/1588
f 4667/6180/1589 4668/6181/1589 4669/6182/1589
f 4670/5503/1590 4671/6183/1590 4672/6184/1590
f 4673/6185/1591 4674/6186/1591 4675/6187/1591
f 4676/6188/1610 4677/6189/1610 4678/6190/1610
f 4679/6191/1611 4680/6192/1611 4681/6193/1611
f 4682/6194/1594 4683/6195/1594 4684/6196/1594
f 4685/6197/1595 4686/5485/1595 4687/6198/1595
f 4688/5549/1612 4689/6199/1612 4690/6200/1612
f 4691/5530/1597 4692/6201/1597 4693/6202/1597
f 4694/6203/1598 4695/6204/1598 4696/6205/1598
f 4697/6206/1567 4698/6207/1567 4699/6208/1567
f 4700/5627/1568 4701/6209/1568 4702/6210/1568
f 4703/6211/1569 4704/6212/1569 4705/6213/1569
f 4706/5560/1570 4707/6214/1570 4708/6215/1570
f 4709/5564/1613 4710/6216/1613 4711/6217/1613
f 4712/5625/1614 4713/6218/1614 4714/6219/1614
f 4715/6220/1615 4716/6221/1615 4717/5507/1615
f 4718/6222/1616 4719/6223/1616 4720/6224/1616
f 4721/6225/1575 4722/6226/1575 4723/6227/1575
f 4724/6228/1576 4725/6229/1576 4726/6230/1576
f 4727/5644/1577 4728/6231/1577 4729/6232/1577
f 4730/5628/1578 4731/6233/1578 4732/6234/1578
f 4733/6235/1579 4734/6236/1579 4735/6237/1579
f 4736/6238/1580 4737/6239/1580 4738/6240/1580
f 4739/6241/1617 4740/6242/1617 4741/6243/1617
f 4742/5636/1582 4743/6244/1582 4744/6245/1582
f 4745/5646/1618 4746/6246/1618 4747/6247/1618
f 4748/6248/1584 4749/6249/1584 4750/6250/1584
f 4751/5638/1619 4752/6251/1619 4753/6252/1619
f 4754/6253/1586 4755/6254/1586 4756/6255/1586
f 4757/6256/1587 4758/6257/1587 4759/6258/1587
f 4760/6259/1588 4761/6260/1588 4762/6261/1588
f 4763/6262/1589 4764/6263/1589 4765/6264/1589
f 4766/6265/1590 4767/6266/1590 4768/6267/1590
f 4769/6268/1591 4770/6269/1591 4771/6270/1591
f 4772/6271/1592 4773/6272/1592 4774/6273/1592
f 4775/6274/1593 4776/6275/1593 4777/6276/1593
f 4778/6277/1620 4779/6278/1620 4780/6279/1620
f 4781/5640/1595 4782/6280/1595 4783/6281/1595
f 4784/5651/1596 4785/6282/1596 4786/6283/1596
f 4787/5632/1597 4788/6284/1597 4789/6285/1597
f 4790/6286/1598 4791/6287/1598 4792/6288/1598
f 4793/6289/1621 4794/6290/1621 4795/6291/1621
f 4796/5679/1622 4797/6292/1622 4798/6293/1622
f 4799/5486/1623 4800/6294/1623 4801/6295/1623
f 4802/6296/1624 4803/6297/1624 4804/6298/1624
f 4809/6299/1625 4810/6300/1625 4811/5670/1625
f 4812/5488/1626 4813/6301/1626 4814/6302/1626
f 4815/6303/1627 4816/6304/1627 4817/6305/1627
f 4818/6306/1628 4819/6307/1628 4820/6308/1628
f 4825/5735/1568 4826/6309/1568 4827/6310/1568
f 4828/6311/1567 4829/6312/1567 4830/6313/1567
f 4831/5763/1570 4832/6314/1570 4833/6315/1570
f 4834/5699/1569 4835/6316/1569 4836/6317/1569
f 4837/6318/1573 4838/6319/1573 4839/5703/1573
f 4840/6320/1574 4841/6321/1574 4842/6322/1574
f 4843/5685/1571 4844/6323/1571 4845/6324/1571
f 4846/5737/1572 4847/6325/1572 4848/6326/1572
f 4849/5787/1629 4850/6327/1629 4851/6328/1629
f 4852/5774/1576 4853/6329/1576 4854/6330/1576
f 4855/6331/1630 4856/6332/1630 4857/6333/1630
f 4858/6334/1578 4859/6335/1578 4860/6336/1578
f 4861/6337/1631 4862/6338/1631 4863/6339/1631
f 4864/5784/1632 4865/6340/1632 4866/6341/1632
f 4867/6342/1633 4868/6343/1633 4869/6344/1633
f 4870/6345/1634 4871/6346/1634 4872/6347/1634
f 4873/6348/1635 4874/6349/1635 4875/6350/1635
f 4876/6351/1589 4877/6352/1589 4878/6353/1589
f 4879/6354/1636 4880/6355/1636 4881/6356/1636
f 4882/6357/1587 4883/6358/1587 4884/6359/1587
f 4885/6360/1586 4886/6361/1586 4887/6362/1586
f 4888/5770/1637 4889/6363/1637 4890/6364/1637
f 4891/6365/1584 4892/6366/1584 4893/6367/1584
f 4894/5782/1638 4895/6368/1638 4896/6369/1638
f 4897/6370/1598 4898/6371/1598 4899/6372/1598
f 4900/5780/1639 4901/6373/1639 4902/6374/1639
f 4903/5775/1596 4904/6375/1596 4905/6376/1596
f 4906/5789/1640 4907/6377/1640 4908/6378/1640
f 4909/6379/1641 4910/6380/1641 4911/6381/1641
f 4912/6382/1593 4913/6383/1593 4914/6384/1593
f 4915/6385/1642 4916/6386/1642 4917/6387/1642
f 4918/6388/1591 4919/6389/1591 4920/6390/1591
f 4921/6391/1643 4922/6392/1643 4923/6393/1643
f 4924/6394/1644 4925/6395/1644 4926/6396/1644
f 4927/5878/1645 4928/6397/1645 4929/6398/1645
f 4930/5754/1646 4931/6399/1646 4932/6400/1646
f 4933/6401/1647 4934/6402/1647 4935/5806/1647
f 4936/6403/1648 4937/6404/1648 4938/6405/1648
f 4939/5833/1649 4940/6406/1649 4941/6407/1649
f 4942/5834/1650 4943/6408/1650 4944/6409/1650
f 4945/5902/1651 4946/6410/1651 4947/6411/1651
f 4948/5889/1576 4949/6412/1576 4950/6413/1576
f 4951/6414/1652 4952/6415/1652 4953/6416/1652
f 4954/6417/1578 4955/6418/1578 4956/6419/1578
f 4957/6420/1631 4958/6421/1631 4959/6422/1631
f 4960/5899/1632 4961/6423/1632 4962/6424/1632
f 4963/6425/1633 4964/6426/1633 4965/6427/1633
f 4966/6428/1634 4967/6429/1634 4968/6430/1634
f 4969/6431/1635 4970/6432/1635 4971/6433/1635
f 4972/6434/1653 4973/6435/1653 4974/6436/1653
f 4975/6437/1636 4976/6438/1636 4977/6439/1636
f 4978/6440/1587 4979/6441/1587 4980/6442/1587
f 4981/6443/1586 4982/6444/1586 4983/6445/1586
f 4984/5885/1637 4985/6446/1637 4986/6447/1637
f 4987/6448/1584 4988/6449/1584 4989/6450/1584
f 4990/6451/1638 4991/5827/1638 4992/6452/1638
f 4993/6453/1598 4994/6454/1598 4995/6455/1598
f 4996/5895/1654 4997/6456/1654 4998/6457/1654
f 4999/5890/1612 5000/6458/1612 5001/6459/1612
f 5002/5904/1640 5003/6460/1640 5004/6461/1640
f 5005/5858/1641 5006/6462/1641 5007/6463/1641
f 5008/6464/1611 5009/6465/1611 5010/6466/1611
f 5011/6467/1642 5012/6468/1642 5013/6469/1642
f 5014/5907/1591 5015/6470/1591 5016/6471/1591
f 5017/5952/1568 5018/6472/1568 5019/6473/1568
f 5020/6474/1567 5021/6475/1567 5022/6476/1567
f 5023/5980/1570 5024/6477/1570 5025/6478/1570
f 5026/5916/1569 5027/6479/1569 5028/6480/1569
f 5029/6481/1615 5030/6482/1615 5031/5920/1615
f 5032/6483/1655 5033/6484/1655 5034/6485/1655
f 5035/5861/1613 5036/6486/1613 5037/6487/1613
f 5038/5954/1614 5039/6488/1614 5040/6489/1614
f 5041/6004/1629 5042/6490/1629 5043/6491/1629
f 5044/5991/1576 5045/6492/1576 5046/6493/1576
f 5047/6494/1630 5048/6495/1630 5049/6496/1630
f 5050/6497/1656 5051/6498/1656 5052/6499/1656
f 5053/6500/1631 5054/6501/1631 5055/6502/1631
f 5056/6001/1657 5057/6503/1657 5058/6504/1657
f 5059/6505/1658 5060/6506/1658 5061/6507/1658
f 5062/6508/1634 5063/6509/1634 5064/6510/1634
f 5065/6511/1659 5066/6512/1659 5067/6513/1659
f 5068/6514/1653 5069/6515/1653 5070/6516/1653
f 5071/6517/1660 5072/6518/1660 5073/6519/1660
f 5074/6520/1587 5075/6521/1587 5076/6522/1587
f 5077/6523/1586 5078/6524/1586 5079/6525/1586
f 5080/5987/1637 5081/6526/1637 5082/6527/1637
f 5083/6528/1584 5084/6529/1584 5085/6530/1584
f 5086/5999/1638 5087/6531/1638 5088/6532/1638
f 5089/6533/1598 5090/6534/1598 5091/6535/1598
f 5092/5997/1639 5093/6536/1639 5094/6537/1639
f 5095/5992/1612 5096/6538/1612 5097/6539/1612
f 5098/6006/1661 5099/6540/1661 5100/6541/1661
f 5101/6542/1641 5102/6543/1641 5103/6544/1641
f 5104/6545/1662 5105/6546/1662 5106/6547/1662
f 5107/6548/1642 5108/6549/1642 5109/6550/1642
f 5110/6551/1591 5111/6552/1591 5112/6553/1591
f 5113/6554/1663 5114/6555/1663 5115/6556/1663
f 5116/6557/1664 5117/6558/1664 5118/6559/1664
f 5119/6029/1665 5120/6560/1665 5121/6561/1665
f 5122/5968/1666 5123/6562/1666 5124/6563/1666
f 5129/6026/1667 5130/6564/1667 5131/6565/1667
f 5132/6566/1668 5133/6567/1668 5134/6568/1668
f 5135/5825/1669 5136/6569/1669 5137/6570/1669
f 5138/6571/1670 5139/6037/1670 5140/6572/1670
f 4510/5352/1671 4517/5341/1671 4519/5407/1671 4508/5410/1671
f 4525/5346/1672 4505/5347/1672 4507/5383/1672 4523/5386/1672
f 4522/6056/1673 4511/6573/1673 4513/5409/1673 4520/5408/1673
f 4516/6052/1674 4507/6045/1674 4506/5338/1674 4514/5337/1674
f 4508/6574/1675 4513/6050/1675 4512/5340/1675 4509/5339/1675
f 4518/6575/1676 4521/6055/1676 4520/5408/1676 4519/5407/1676
f 4515/6576/1677 4526/6577/1677 4528/5385/1677 4516/5384/1677
f 4523/5386/1678 4528/5385/1678 4527/6578/1678 4524/6579/1678
f 4524/5381/1679 4518/5380/1679 4517/5341/1679 4525/5346/1679
f 4521/5379/1680 4527/5382/1680 4526/6059/1680 4522/6580/1680
f 4511/6048/1681 4515/6051/1681 4514/5337/1681 4512/5340/1681
f 4505/5347/1682 4510/5352/1682 4509/5339/1682 4506/5338/1682
f 4543/6581/1683 4551/6081/1683 4550/5419/1683 4541/5422/1683
f 4537/5403/1684 4587/5334/1684 4586/6114/1684 4535/6582/1684
f 4568/6096/1685 4543/6583/1685 4542/5367/1685 4569/5344/1685
f 4547/6078/1686 4565/6584/1686 4567/5371/1686 4548/5370/1686
f 4534/5414/1687 4583/5413/1687 4585/6113/1687 4532/6585/1687
f 4529/6062/1688 4553/6586/1688 4555/5362/1688 4530/5368/1688
f 4556/6085/1689 4538/6587/1689 4540/5369/1689 4557/5350/1689
f 4597/5360/1690 4552/5404/1690 4551/6588/1690 4595/6589/1690
f 4546/6590/1691 4547/6591/1691 4549/5425/1691 4544/5424/1691
f 4598/6123/1692 4546/6592/1692 4545/5405/1692 4599/5377/1692
f 4589/5423/1693 4574/5426/1693 4576/5395/1693 4590/5398/1693
f 4571/5431/1694 4592/5434/1694 4594/5372/1694 4572/5375/1694
f 4553/5429/1695 4586/5428/1695 4588/5389/1695 4554/5388/1695
f 4583/5413/1696 4556/5412/1696 4558/5374/1696 4584/5373/1696
f 4559/5421/1697 4580/5420/1697 4582/5391/1697 4560/5394/1697
f 4577/5365/1698 4562/5364/1698 4564/5387/1698 4578/5390/1698
f 4565/5435/1699 4598/5438/1699 4600/5397/1699 4566/5396/1699
f 4595/5415/1700 4568/5418/1700 4570/5393/1700 4596/5392/1700
f 4563/5353/1701 4555/5362/1701 4554/6593/1701 4564/6594/1701
f 4578/6595/1702 4588/6596/1702 4587/5334/1702 4579/5333/1702
f 4584/5373/1703 4594/5372/1703 4593/6119/1703 4585/6113/1703
f 4572/6597/1704 4558/6598/1704 4557/5350/1704 4573/5349/1704
f 4596/6599/1705 4582/6600/1705 4581/5361/1705 4597/5360/1705
f 4560/6601/1706 4570/6602/1706 4569/5344/1706 4561/5343/1706
f 4575/5378/1707 4567/5371/1707 4566/6603/1707 4576/6604/1707
f 4590/6605/1708 4600/6606/1708 4599/5377/1708 4591/5376/1708
f 4533/6607/1709 4539/6070/1709 4538/5411/1709 4534/5414/1709
f 4531/6608/1710 4536/6068/1710 4535/5427/1710 4529/5430/1710
f 4591/5376/1711 4545/5405/1711 4544/6075/1711 4589/6609/1711
f 4536/6610/1712 4577/6611/1712 4579/5333/1712 4537/5403/1712
f 4541/6072/1713 4559/6612/1713 4561/5343/1713 4542/5367/1713
f 4552/5404/1714 4581/5361/1714 4580/6108/1714 4550/6613/1714
f 4592/5434/1715 4533/5433/1715 4532/6614/1715 4593/6119/1715
f 4562/6090/1716 4531/6615/1716 4530/5368/1716 4563/5353/1716
f 4539/6616/1717 4571/6617/1717 4573/5349/1717 4540/5369/1717
f 4574/6102/1718 4549/6618/1718 4548/5370/1718 4575/5378/1718
f 4606/5461/1719 4613/5450/1719 4615/5522/1719 4604/5525/1719
f 4818/5676/1675 4796/5679/1675 4798/5674/1675 4819/5673/1675
f 4618/6139/1720 4607/6619/1720 4609/5524/1720 4616/5523/1720
f 4610/6133/1674 4601/6620/1674 4603/5657/1674 4611/5656/1674
f 4604/6621/1675 4609/6132/1675 4608/5659/1675 4605/5658/1675
f 4614/6622/1676 4617/6138/1676 4616/5523/1676 4615/5522/1676
f 4811/5670/1704 4812/5669/1704 4814/6623/1704 4809/6299/1704
f 4619/5478/1678 4622/5477/1678 4624/6143/1678 4620/6140/1678
f 4620/5666/1721 4614/5665/1721 4613/5450/1721 4621/5455/1721
f 4617/5664/1722 4624/5667/1722 4623/6624/1722 4618/6625/1722
f 4607/6130/1723 4612/6135/1723 4611/5656/1723 4608/5659/1723
f 4602/5456/1724 4606/5461/1724 4605/5658/1724 4603/5657/1724
f 4639/6626/1683 4647/6163/1683 4646/5534/1683 4637/5537/1683
f 4633/5516/1684 4683/5442/1684 4682/6194/1684 4631/6627/1684
f 4664/6177/1725 4639/6628/1725 4638/5518/1725 4665/5453/1725
f 4643/6160/1686 4661/6629/1686 4663/5480/1686 4644/5513/1686
f 4630/5529/1687 4679/5528/1687 4681/6193/1687 4628/6630/1687
f 4625/6144/1688 4649/6631/1688 4651/5490/1688 4626/5519/1688
f 4652/6167/1689 4634/6632/1689 4636/5514/1689 4653/5459/1689
f 4693/5467/1726 4648/5517/1726 4647/6633/1726 4691/6634/1726
f 4642/6635/1691 4643/6636/1691 4645/5540/1691 4640/5539/1691
f 4694/6203/1727 4642/6637/1727 4641/5520/1727 4695/5446/1727
f 4687/5538/1693 4671/5541/1693 4670/5503/1693 4685/5506/1693
f 4667/5546/1694 4688/5549/1694 4690/5481/1694 4668/5484/1694
f 4649/5544/1728 4682/5543/1728 4684/5493/1728 4650/5492/1728
f 4679/5528/1729 4652/5527/1729 4654/5483/1729 4680/5482/1729
f 4655/5536/1697 4676/5535/1697 4678/5495/1697 4656/5498/1697
f 4673/5474/1698 4658/5473/1698 4660/5491/1698 4674/5494/1698
f 4661/5550/1699 4694/5553/1699 4696/5501/1699 4662/5500/1699
f 4691/5530/1700 4664/5533/1700 4666/5497/1700 4692/5496/1700
f 4659/5462/1701 4651/5490/1701 4650/6638/1701 4660/6639/1701
f 4674/6640/1702 4684/6641/1702 4683/5442/1702 4675/5441/1702
f 4680/5482/1703 4690/5481/1703 4689/6199/1703 4681/6193/1703
f 4668/6642/1704 4654/6643/1704 4653/5459/1704 4669/5458/1704
f 4692/6644/1705 4678/6645/1705 4677/5468/1705 4693/5467/1705
f 4656/6646/1706 4666/6647/1706 4665/5453/1706 4657/5452/1706
f 4804/6648/1703 4793/6649/1703 4795/5617/1703 4802/5616/1703
f 4629/6650/1709 4635/6152/1709 4634/5526/1709 4630/5529/1709
f 4627/6651/1710 4632/6150/1710 4631/5542/1710 4625/5545/1710
f 4686/5485/1711 4641/5520/1711 4640/6157/1711 4687/6652/1711
f 4632/6653/1730 4673/6654/1730 4675/5441/1730 4633/5516/1730
f 4637/6154/1713 4655/6655/1713 4657/5452/1713 4638/5518/1713
f 4648/5517/1714 4677/5468/1714 4676/6188/1714 4646/6656/1714
f 4688/5549/1715 4629/5548/1715 4628/6657/1715 4689/6199/1715
f 4658/6172/1731 4627/6658/1731 4626/5519/1731 4659/5462/1731
f 4635/6659/1717 4667/6660/1717 4669/5515/1717 4636/5514/1717
f 4671/6661/1718 4645/6662/1718 4644/5513/1718 4672/5470/1718
f 4702/5571/1671 4709/5564/1671 4711/5624/1671 4700/5627/1671
f 4717/5507/1672 4697/5512/1672 4699/5600/1672 4715/5603/1672
f 4714/6219/1673 4703/6663/1673 4705/5626/1673 4712/5625/1673
f 4708/6215/1674 4699/6208/1674 4698/5561/1674 4706/5560/1674
f 4700/6664/1675 4705/6213/1675 4704/5563/1675 4701/5562/1675
f 4710/6665/1732 4713/6218/1732 4712/5625/1732 4711/5624/1732
f 4707/6666/1677 4718/6667/1677 4720/5602/1677 4708/5601/1677
f 4715/5603/1733 4720/5602/1733 4719/6668/1733 4716/6669/1733
f 4716/5598/1679 4710/5597/1679 4709/5564/1679 4717/5507/1679
f 4713/5596/1680 4719/5599/1680 4718/6222/1680 4714/6670/1680
f 4703/6211/1681 4707/6214/1681 4706/5560/1681 4704/5563/1681
f 4697/5512/1682 4702/5571/1682 4701/5562/1682 4698/5561/1682
f 4735/6671/1683 4743/6244/1683 4742/5636/1683 4733/5639/1683
f 4729/5620/1684 4779/5557/1684 4778/6277/1684 4727/6672/1684
f 4760/6259/1725 4735/6673/1725 4734/5586/1725 4761/5567/1725
f 4739/6241/1734 4757/6674/1734 4759/5509/1734 4740/5589/1734
f 4726/5631/1687 4775/5630/1687 4777/6276/1687 4724/6675/1687
f 4721/6225/1688 4745/6676/1688 4747/5581/1688 4722/5587/1688
f 4748/6248/1689 4730/6677/1689 4732/5588/1689 4749/5569/1689
f 4789/5579/1726 4744/5621/1726 4743/6678/1726 4787/6679/1726
f 4738/6680/1691 4739/6681/1691 4741/5642/1691 4736/5641/1691
f 4790/6286/1727 4738/6682/1727 4737/5622/1727 4791/5595/1727
f 4781/5640/1693 4766/5643/1693 4768/5612/1693 4782/5615/1693
f 4763/5648/1694 4784/5651/1694 4786/5590/1694 4764/5593/1694
f 4745/5646/1695 4778/5645/1695 4780/5606/1695 4746/5605/1695
f 4775/5630/1729 4748/5629/1729 4750/5592/1729 4776/5591/1729
f 4751/5638/1735 4772/5637/1735 4774/5608/1735 4752/5611/1735
f 4769/5584/1698 4754/5583/1698 4756/5604/1698 4770/5607/1698
f 4757/5652/1699 4790/5655/1699 4792/5614/1699 4758/5613/1699
f 4787/5632/1700 4760/5635/1700 4762/5610/1700 4788/5609/1700
f 4755/5572/1701 4747/5581/1701 4746/6683/1701 4756/6684/1701
f 4770/6685/1702 4780/6686/1702 4779/5557/1702 4771/5556/1702
f 4776/5591/1703 4786/5590/1703 4785/6282/1703 4777/6276/1703
f 4764/6687/1704 4750/6688/1704 4749/5569/1704 4765/5568/1704
f 4788/6689/1705 4774/6690/1705 4773/5580/1705 4789/5579/1705
f 4752/6691/1706 4762/6692/1706 4761/5567/1706 4753/5566/1706
f 4767/5510/1707 4759/5509/1707 4758/6693/1707 4768/6694/1707
f 4782/6695/1708 4792/6696/1708 4791/5595/1708 4783/5594/1708
f 4725/6697/1709 4731/6233/1709 4730/5628/1709 4726/5631/1709
f 4723/6698/1710 4728/6231/1710 4727/5644/1710 4721/5647/1710
f 4783/5594/1711 4737/5622/1711 4736/6238/1711 4781/6699/1711
f 4728/6700/1730 4769/6701/1730 4771/5556/1730 4729/5620/1730
f 4733/6235/1713 4751/6702/1713 4753/5566/1713 4734/5586/1713
f 4744/5621/1714 4773/5580/1714 4772/6271/1714 4742/6703/1714
f 4784/5651/1715 4725/5650/1715 4724/6704/1715 4785/6282/1715
f 4754/6253/1716 4723/6705/1716 4722/5587/1716 4755/5572/1716
f 4731/6706/1717 4763/6707/1717 4765/5568/1717 4732/5588/1717
f 4766/6265/1718 4741/6708/1718 4740/5589/1718 4767/5510/1718
f 4817/5691/1706 4820/5680/1706 4819/6709/1706 4815/6303/1706
f 4794/5678/1676 4810/5677/1676 4809/5618/1676 4795/5617/1676
f 4820/5680/1707 4811/5670/1707 4810/6710/1707 4818/6711/1707
f 4797/6712/1705 4799/6713/1705 4801/5675/1705 4798/5674/1705
f 4796/5679/1708 4794/5678/1708 4793/6289/1708 4797/6292/1708
f 4822/5402/1736 4823/5479/1736 4824/5489/1736 4821/5692/1736
f 4806/5476/1737 4807/5401/1737 4808/6714/1737 4805/6715/1737
f 4815/6716/1675 4801/6717/1675 4800/5505/1675 4816/5504/1675
f 4802/6296/1676 4814/6718/1676 4813/5499/1676 4803/5502/1676
f 4695/5446/1708 4804/5445/1708 4803/6719/1708 4696/6720/1708
f 4805/6715/1738 4623/6142/1738 4622/5477/1738 4806/5476/1738
f 4662/6721/1707 4813/6301/1707 4812/5488/1707 4663/5480/1707
f 4612/6722/1738 4808/6714/1738 4807/5401/1738 4610/5400/1738
f 4799/5486/1708 4686/5485/1708 4685/6197/1708 4800/6294/1708
f 4816/6723/1707 4670/6724/1707 4672/5470/1707 4817/5469/1707
f 4823/5479/1739 4619/5478/1739 4621/5455/1739 4824/5489/1739
f 4601/5399/1739 4822/5402/1739 4821/5471/1739 4602/5456/1739
f 4830/5762/1672 4837/5761/1672 4839/5703/1672 4828/5707/1672
f 4845/5736/1671 4825/5735/1671 4827/5686/1671 4843/5685/1671
f 4842/5764/1677 4831/5763/1677 4833/6315/1677 4840/6725/1677
f 4834/5699/1675 4826/5702/1675 4825/6726/1675 4835/6316/1675
f 4829/5701/1674 4832/5700/1674 4831/6727/1674 4830/6313/1674
f 4837/5761/1678 4842/5764/1678 4841/6728/1678 4838/6729/1678
f 4835/5738/1673 4846/5737/1673 4848/6326/1673 4836/6730/1673
f 4844/6731/1676 4847/6325/1676 4846/5737/1676 4845/5736/1676
f 4843/5685/1679 4839/5703/1679 4838/5734/1679 4844/5733/1679
f 4840/6320/1680 4848/6732/1680 4847/5732/1680 4841/5731/1680
f 4832/5700/1681 4834/5699/1681 4836/6317/1681 4833/6733/1681
f 4826/5702/1682 4829/5701/1682 4828/5707/1682 4827/5686/1682
f 4861/6734/1740 4870/6735/1740 4872/5772/1740 4862/5771/1740
f 4855/6331/1741 4906/6736/1741 4908/5696/1741 4856/5790/1741
f 4890/5704/1742 4863/5723/1742 4862/6737/1742 4888/6738/1742
f 4869/5724/1743 4886/5689/1743 4885/6360/1743 4867/6739/1743
f 4854/6330/1744 4904/6375/1744 4903/5775/1744 4852/5774/1744
f 4851/5721/1745 4874/5720/1745 4873/6348/1745 4849/6740/1745
f 4878/5709/1746 4859/5722/1746 4858/6334/1746 4876/6741/1746
f 4915/6385/1747 4872/6742/1747 4871/5785/1747 4916/5718/1747
f 4864/5784/1748 4868/5783/1748 4867/6743/1748 4865/6340/1748
f 4920/5729/1749 4866/5755/1749 4865/6744/1749 4918/6745/1749
f 4911/5748/1750 4895/5747/1750 4894/5782/1750 4909/5781/1750
f 4893/5726/1729 4913/5725/1729 4912/5758/1729 4891/5757/1729
f 4875/5742/1751 4907/5741/1751 4906/5789/1751 4873/5788/1751
f 4905/5728/1694 4877/5727/1694 4876/5776/1694 4903/5775/1694
f 4881/5744/1752 4901/5743/1752 4900/5780/1752 4879/5779/1752
f 4899/5740/1753 4883/5739/1753 4882/5768/1753 4897/5767/1753
f 4887/5750/1754 4919/5749/1754 4918/5792/1754 4885/5791/1754
f 4917/5746/1755 4889/5745/1755 4888/5770/1755 4915/5769/1755
f 4883/6746/1707 4875/6747/1707 4874/5720/1707 4884/5711/1707
f 4898/5697/1708 4908/5696/1708 4907/6748/1708 4899/6749/1708
f 4904/6375/1703 4914/6384/1703 4913/5725/1703 4905/5728/1703
f 4892/5710/1704 4878/5709/1704 4877/6750/1704 4893/6751/1704
f 4916/5718/1705 4902/5717/1705 4901/6752/1705 4917/6753/1705
f 4880/5705/1706 4890/5704/1706 4889/6754/1706 4881/6755/1706
f 4895/6756/1701 4887/6757/1701 4886/5689/1701 4896/5688/1701
f 4910/5730/1702 4920/5729/1702 4919/6758/1702 4911/6759/1702
f 4852/6760/1756 4858/6761/1756 4860/5760/1756 4853/5759/1756
f 4849/5787/1757 4855/5786/1757 4857/6762/1757 4850/6327/1757
f 4909/6379/1758 4864/6763/1758 4866/5755/1758 4910/5730/1758
f 4856/5790/1759 4898/5697/1759 4897/6370/1759 4857/6764/1759
f 4863/5723/1760 4880/5705/1760 4879/6354/1760 4861/6765/1760
f 4870/6345/1761 4900/6766/1761 4902/5717/1761 4871/5785/1761
f 4914/6384/1762 4854/6767/1762 4853/5759/1762 4912/5758/1762
f 4884/5711/1763 4851/5721/1763 4850/6768/1763 4882/6769/1763
f 4859/5722/1764 4892/5710/1764 4891/6365/1764 4860/6770/1764
f 4896/5688/1765 4869/5724/1765 4868/6771/1765 4894/6772/1765
f 4926/5877/1766 4933/5876/1766 4935/5806/1766 4924/5813/1766
f 5140/6031/1674 5117/6030/1674 5116/6033/1674 5138/6032/1674
f 4938/5879/1767 4927/5878/1767 4929/6398/1767 4936/6773/1767
f 4932/6012/1675 4922/6015/1675 4921/6391/1675 4930/6774/1675
f 4925/6014/1674 4928/6013/1674 4927/6775/1674 4926/6396/1674
f 4933/5876/1678 4938/5879/1678 4937/6776/1678 4934/6777/1678
f 5131/6778/1704 5132/6566/1704 5134/6027/1704 5129/6026/1704
f 4941/6407/1676 4943/6408/1676 4942/5834/1676 4939/5833/1676
f 4940/5807/1721 4935/5806/1721 4934/6023/1721 4941/6022/1721
f 4936/6403/1722 4944/6779/1722 4943/6021/1722 4937/6020/1722
f 4928/6013/1723 4932/6012/1723 4931/6780/1723 4929/6781/1723
f 4922/6015/1724 4925/6014/1724 4924/5813/1724 4923/5812/1724
f 4957/6420/1740 4966/6782/1740 4968/5887/1740 4958/5886/1740
f 4951/6414/1741 5002/6783/1741 5004/5798/1741 4952/5905/1741
f 4986/5809/1768 4959/5871/1768 4958/6784/1768 4984/6785/1768
f 4965/5868/1731 4982/5835/1731 4981/6443/1731 4963/6786/1731
f 4950/6413/1744 5000/6458/1744 4999/5890/1744 4948/5889/1744
f 4947/5828/1745 4970/5830/1745 4969/6431/1745 4945/6787/1745
f 4974/5815/1746 4955/5829/1746 4954/6417/1746 4972/6788/1746
f 5011/6467/1747 4968/6789/1747 4967/5900/1747 5012/5824/1747
f 4960/5899/1748 4964/5898/1748 4963/6425/1748 4961/6423/1748
f 5016/5805/1730 4962/5869/1730 4961/6790/1730 5014/6791/1730
f 5005/5858/1750 4990/5857/1750 4992/5897/1750 5006/5896/1750
f 4989/5837/1729 5009/5836/1729 5008/5873/1729 4987/5872/1729
f 4971/5848/1751 5003/5847/1751 5002/5904/1751 4969/5903/1751
f 5001/5839/1694 4973/5838/1694 4972/5891/1694 4999/5890/1694
f 4977/5850/1752 4997/5849/1752 4996/5895/1752 4975/5894/1752
f 4995/5846/1699 4979/5845/1699 4978/5883/1699 4993/5882/1699
f 4983/5856/1754 5015/5855/1754 5014/5907/1754 4981/5906/1754
f 5013/5852/1755 4985/5851/1755 4984/5885/1755 5011/5884/1755
f 4979/6792/1707 4971/6793/1707 4970/5830/1707 4980/5818/1707
f 4994/5799/1708 5004/5798/1708 5003/6794/1708 4995/6795/1708
f 5000/6458/1703 5010/6466/1703 5009/5836/1703 5001/5839/1703
f 4988/5816/1704 4974/5815/1704 4973/6796/1704 4989/6797/1704
f 5012/5824/1705 4998/5823/1705 4997/6798/1705 5013/6799/1705
f 4976/5810/1706 4986/5809/1706 4985/6800/1706 4977/6801/1706
f 5122/5968/1703 5114/5971/1703 5113/6554/1703 5123/6562/1703
f 4948/6802/1756 4954/6803/1756 4956/5875/1756 4949/5874/1756
f 4945/5902/1757 4951/5901/1757 4953/6804/1757 4946/6410/1757
f 5006/6805/1758 4960/6806/1758 4962/5869/1758 5007/5842/1758
f 4952/5905/1759 4994/5799/1759 4993/6453/1759 4953/6807/1759
f 4959/5871/1760 4976/5810/1760 4975/6437/1760 4957/6808/1760
f 4966/6428/1761 4996/6809/1761 4998/5823/1761 4967/5900/1761
f 5010/6466/1762 4950/6810/1762 4949/5874/1762 5008/5873/1762
f 4980/5818/1763 4947/5828/1763 4946/6811/1763 4978/6812/1763
f 4955/5829/1764 4988/5867/1764 4987/6448/1764 4956/6813/1764
f 4991/5827/1765 4965/5868/1765 4964/6814/1765 4992/6815/1765
f 5022/5979/1672 5029/5978/1672 5031/5920/1672 5020/5924/1672
f 5037/5953/1671 5017/5952/1671 5019/5862/1671 5035/5861/1671
f 5034/5981/1677 5023/5980/1677 5025/6478/1677 5032/6816/1677
f 5026/5916/1675 5018/5919/1675 5017/6817/1675 5027/6479/1675
f 5021/5918/1674 5024/5917/1674 5023/6818/1674 5022/6476/1674
f 5029/5978/1733 5034/5981/1733 5033/6819/1733 5030/6820/1733
f 5027/5955/1673 5038/5954/1673 5040/6489/1673 5028/6821/1673
f 5036/6822/1732 5039/6488/1732 5038/5954/1732 5037/5953/1732
f 5035/5861/1679 5031/5920/1679 5030/5951/1679 5036/5950/1679
f 5032/6483/1680 5040/6823/1680 5039/5949/1680 5033/5948/1680
f 5024/5917/1681 5026/5916/1681 5028/6480/1681 5025/6824/1681
f 5018/5919/1682 5021/5918/1682 5020/5924/1682 5019/5862/1682
f 5053/6825/1740 5062/6826/1740 5064/5989/1740 5054/5988/1740
f 5047/6494/1741 5098/6827/1741 5100/5913/1741 5048/6007/1741
f 5082/5921/1768 5055/5940/1768 5054/6828/1768 5080/6829/1768
f 5061/5941/1769 5078/5865/1769 5077/6523/1769 5059/6830/1769
f 5046/6493/1744 5096/6538/1744 5095/5992/1744 5044/5991/1744
f 5043/5938/1745 5066/5937/1745 5065/6511/1745 5041/6831/1745
f 5070/5926/1746 5051/5939/1746 5050/6497/1746 5068/6832/1746
f 5107/6548/1747 5064/6833/1747 5063/6002/1747 5108/5935/1747
f 5056/6001/1748 5060/6000/1748 5059/6505/1748 5057/6503/1748
f 5112/5946/1770 5058/5972/1770 5057/6834/1770 5110/6835/1770
f 5103/5965/1750 5087/5964/1750 5086/5999/1750 5101/5998/1750
f 5085/5943/1729 5105/5942/1729 5104/5975/1729 5083/5974/1729
f 5067/5959/1751 5099/5958/1751 5098/6006/1751 5065/6005/1751
f 5097/5945/1694 5069/5944/1694 5068/5993/1694 5095/5992/1694
f 5073/5961/1771 5093/5960/1771 5092/5997/1771 5071/5996/1771
f 5091/5957/1753 5075/5956/1753 5074/5985/1753 5089/5984/1753
f 5079/5967/1754 5111/5966/1754 5110/6009/1754 5077/6008/1754
f 5109/5963/1755 5081/5962/1755 5080/5987/1755 5107/5986/1755
f 5075/6836/1707 5067/6837/1707 5066/5937/1707 5076/5928/1707
f 5090/5914/1708 5100/5913/1708 5099/6838/1708 5091/6839/1708
f 5096/6538/1703 5106/6547/1703 5105/5942/1703 5097/5945/1703
f 5084/5927/1704 5070/5926/1704 5069/6840/1704 5085/6841/1704
f 5108/5935/1705 5094/5934/1705 5093/6842/1705 5109/6843/1705
f 5072/5922/1706 5082/5921/1706 5081/6844/1706 5073/6845/1706
f 5087/6846/1701 5079/6847/1701 5078/5865/1701 5088/5864/1701
f 5102/5947/1702 5112/5946/1702 5111/6848/1702 5103/6849/1702
f 5044/6850/1756 5050/6851/1756 5052/5977/1756 5045/5976/1756
f 5041/6004/1757 5047/6003/1757 5049/6852/1757 5042/6490/1757
f 5101/6542/1758 5056/6853/1758 5058/5972/1758 5102/5947/1758
f 5048/6007/1692 5090/5914/1692 5089/6533/1692 5049/6854/1692
f 5055/5940/1760 5072/5922/1760 5071/6517/1760 5053/6855/1760
f 5062/6508/1761 5092/6856/1761 5094/5934/1761 5063/6002/1761
f 5106/6547/1762 5046/6857/1762 5045/5976/1762 5104/5975/1762
f 5076/5928/1686 5043/5938/1686 5042/6858/1686 5074/6859/1686
f 5051/5939/1764 5084/5927/1764 5083/6528/1764 5052/6860/1764
f 5088/5864/1765 5061/5941/1765 5060/6861/1765 5086/6862/1765
f 5137/6863/1706 5140/6864/1706 5139/6037/1706 5135/6041/1706
f 5114/5971/1678 5131/5970/1678 5130/6035/1678 5115/6034/1678
f 5138/6571/1701 5130/6564/1701 5129/6026/1701 5139/6037/1701
f 5117/6030/1705 5119/6029/1705 5121/6561/1705 5118/6559/1705
f 5118/6865/1702 5113/6866/1702 5115/6034/1702 5116/6033/1702
f 5142/6042/1772 5143/5843/1772 5144/5832/1772 5141/5752/1772
f 5126/6867/1773 5127/6868/1773 5128/5753/1773 5125/5831/1773
f 5136/5860/1774 5120/5859/1774 5119/6869/1774 5137/6870/1774
f 5124/5854/1733 5133/5853/1733 5132/6871/1733 5122/6872/1733
f 5015/6873/1702 5124/6874/1702 5123/5801/1702 5016/5805/1702
f 5125/5831/1775 4942/5834/1775 4944/6409/1775 5126/6867/1775
f 4982/5835/1701 5134/5844/1701 5133/6875/1701 4983/6876/1701
f 4930/5754/1775 5128/5753/1775 5127/6868/1775 4931/6399/1775
f 5120/6877/1702 5005/6878/1702 5007/5842/1702 5121/5841/1702
f 5135/5825/1701 4991/5827/1701 4990/6451/1701 5136/6569/1701
f 5143/5843/1776 4940/5807/1776 4939/5833/1776 5144/5832/1776
f 4923/5812/1776 5142/5826/1776 5141/5752/1776 4921/5751/1776
f 4525/5346/1547 4451/5345/1547 4567/5371/1547 4575/5378/1547 4452/5348/1547 4505/5347/1547
o Plane
v -0.559078 0.934282 0.251498
v 0.559078 0.934282 0.251498
v -0.559078 2.353128 0.251498
v 0.559078 2.353128 0.251498
vt 0.000000 0.000000
vt 1.000000 0.000000
vt 1.000000 1.000000
vt 0.000000 1.000000
vn 0.0000 -0.0000 1.0000
usemtl Glass
s off
f 5145/6879/1777 5146/6880/1777 5148/6881/1777 5147/6882/1777
o Plane.001
v 0.746173 0.934282 0.095376
v 1.159800 0.934282 0.095376
v 0.746173 2.353128 0.095376
v 1.159800 2.353128 0.095376
v -0.746173 0.934282 0.095376
v -1.159800 0.934282 0.095376
v -0.746173 2.353128 0.095376
v -1.159800 2.353128 0.095376
vt 0.000000 0.000000
vt 1.000000 0.000000
vt 1.000000 1.000000
vt 0.000000 1.000000
vt 0.000000 0.000000
vt 0.000000 1.000000
vt 1.000000 1.000000
vt 1.000000 0.000000
vn 0.0000 -0.0000 1.0000
usemtl Glass
s off
f 5149/6883/1778 5150/6884/1778 5152/6885/1778 5151/6886/1778
f 5153/6887/1778 5155/6888/1778 5156/6889/1778 5154/6890/1778
